#include <lvgl.h>

#ifndef LV_ATTRIBUTE_MEM_ALIGN
#define LV_ATTRIBUTE_MEM_ALIGN
#endif

const LV_ATTRIBUTE_MEM_ALIGN uint8_t elecrow_logo_map[] = {
    0x00, 0x00, 0x00, 0x00, 0x00, 0x00, 0x00, 0x00, 0x00, 0x00, 0x00, 0x00,
    0x00, 0x00, 0x00, 0x00, 0x00, 0x00, 0x00, 0x00, 0x00, 0x00, 0x00, 0x00,
    0x00, 0x00, 0x00, 0x00, 0x00, 0x00, 0x00, 0x00, 0x00, 0x00, 0x00, 0x00,
    0x00, 0x00, 0x00, 0x00, 0x00, 0x00, 0x00, 0x00, 0x00, 0x00, 0x00, 0x00,
    0x00, 0x00, 0x00, 0x00, 0x00, 0x00, 0x00, 0x00, 0x00, 0x00, 0x00, 0x00,
    0x00, 0x00, 0x00, 0x1F, 0x00, 0x01, 0xFF, 0x03, 0x02, 0x5F, 0x05, 0x03,
    0x5F, 0x05, 0x03, 0xFF, 0x07, 0x01, 0x00, 0x00, 0x00, 0x00, 0x00, 0x00,
    0x00, 0x00, 0x00, 0x00, 0x00, 0x00, 0x00, 0x00, 0x00, 0xFF, 0x07, 0x01,
    0x5F, 0x05, 0x03, 0xF7, 0x03, 0x04, 0xFF, 0x03, 0x02, 0x1F, 0x00, 0x01,
    0x00, 0x00, 0x00, 0x00, 0x00, 0x00, 0x00, 0x00, 0x00, 0x00, 0x00, 0x00,
    0x00, 0x00, 0x00, 0x00, 0x00, 0x00, 0x00, 0x00, 0x00, 0x00, 0x00, 0x00,
    0x00, 0x00, 0x00, 0x00, 0x00, 0x00, 0x00, 0x00, 0x00, 0x00, 0x00, 0x00,
    0x00, 0x00, 0x00, 0x00, 0x00, 0x00, 0x00, 0x00, 0x00, 0x00, 0x00, 0x00,
    0x00, 0x00, 0x00, 0x00, 0x00, 0x00, 0x00, 0x00, 0x00, 0x00, 0x00, 0x00,
    0x00, 0x00, 0x00, 0x00, 0x00, 0x00, 0x00, 0x00, 0x00, 0x00, 0x00, 0x00,
    0x00, 0x00, 0x00, 0x00, 0x00, 0x00, 0x00, 0x00, 0x00, 0x00, 0x00, 0x00,
    0x00, 0x00, 0x00, 0x00, 0x00, 0x00, 0x00, 0x00, 0x00, 0x00, 0x00, 0x00,
    0x00, 0x00, 0x00, 0x00, 0x00, 0x00, 0x00, 0x00, 0x00, 0x00, 0x00, 0x00,
    0x00, 0x00, 0x00, 0x00, 0x00, 0x00, 0x00, 0x00, 0x00, 0x00, 0x00, 0x00,
    0x00, 0x00, 0x00, 0x00, 0x00, 0x00, 0x00, 0x00, 0x00, 0x00, 0x00, 0x00,
    0x00, 0x00, 0x00, 0x00, 0x00, 0x00, 0x00, 0x00, 0x00, 0x00, 0x00, 0x00,
    0x00, 0x00, 0x00, 0x00, 0x00, 0x00, 0x00, 0x00, 0x00, 0x00, 0x00, 0x00,
    0x00, 0x00, 0x00, 0x00, 0x00, 0x00, 0x00, 0x00, 0x00, 0x00, 0x00, 0x00,
    0x00, 0x00, 0x00, 0x00, 0x00, 0x00, 0x00, 0x00, 0x00, 0x00, 0x00, 0x00,
    0x00, 0x00, 0x00, 0x00, 0x00, 0x00, 0x00, 0x00, 0x00, 0x00, 0x00, 0x00,
    0x00, 0x00, 0x00, 0x00, 0x00, 0x00, 0x00, 0x00, 0x00, 0x00, 0x00, 0x00,
    0x00, 0x00, 0x00, 0x00, 0x00, 0x00, 0x00, 0x00, 0x00, 0x00, 0x00, 0x00,
    0x00, 0x00, 0x00, 0x00, 0x00, 0x00, 0x00, 0x00, 0x00, 0x00, 0x00, 0x00,
    0x00, 0x00, 0x00, 0x00, 0x00, 0x00, 0x00, 0x00, 0x00, 0x00, 0x00, 0x00,
    0x00, 0x00, 0x00, 0x00, 0x00, 0x00, 0x00, 0x00, 0x00, 0x00, 0x00, 0x00,
    0x00, 0x00, 0x00, 0x00, 0x00, 0x00, 0x00, 0x00, 0x00, 0x00, 0x00, 0x00,
    0x00, 0x00, 0x00, 0x00, 0x00, 0x00, 0x00, 0x00, 0x00, 0x00, 0x00, 0x00,
    0x00, 0x00, 0x00, 0x00, 0x00, 0x00, 0x00, 0x00, 0x00, 0x00, 0x00, 0x00,
    0x00, 0x00, 0x00, 0x00, 0x00, 0x00, 0x00, 0x00, 0x00, 0x00, 0x00, 0x00,
    0x00, 0x00, 0x00, 0x00, 0x00, 0x00, 0x00, 0x00, 0x00, 0x00, 0x00, 0x00,
    0x00, 0x00, 0x00, 0x00, 0x00, 0x00, 0x00, 0x00, 0x00, 0x00, 0x00, 0x00,
    0x00, 0x00, 0x00, 0x00, 0x00, 0x00, 0x00, 0x00, 0x00, 0x00, 0x00, 0x00,
    0x00, 0x00, 0x00, 0x00, 0x00, 0x00, 0x00, 0x00, 0x00, 0x00, 0x00, 0x00,
    0x00, 0x00, 0x00, 0x00, 0x00, 0x00, 0x00, 0x00, 0x00, 0x00, 0x00, 0x00,
    0x00, 0x00, 0x00, 0x00, 0x00, 0x00, 0x00, 0x00, 0x00, 0x00, 0x00, 0x00,
    0x00, 0x00, 0x00, 0x00, 0x00, 0x00, 0x00, 0x00, 0x00, 0x00, 0x00, 0x00,
    0x00, 0x00, 0x00, 0x00, 0x00, 0x00, 0x00, 0x00, 0x00, 0x00, 0x00, 0x00,
    0x00, 0x00, 0x00, 0x00, 0x00, 0x00, 0x00, 0x00, 0x00, 0x00, 0x00, 0x00,
    0x00, 0x00, 0x00, 0x00, 0x00, 0x00, 0x00, 0x00, 0x00, 0x00, 0x00, 0x00,
    0x00, 0x00, 0x00, 0x00, 0x00, 0x00, 0x00, 0x00, 0x00, 0x00, 0x00, 0x00,
    0x00, 0x00, 0x00, 0x00, 0x00, 0x00, 0x00, 0x00, 0x00, 0x00, 0x00, 0x00,
    0x00, 0x00, 0x00, 0x00, 0x00, 0x00, 0x00, 0x00, 0x00, 0x00, 0x00, 0x00,
    0x00, 0x00, 0x00, 0x00, 0x00, 0x00, 0x00, 0x00, 0x00, 0x00, 0x00, 0x00,
    0x00, 0x00, 0x00, 0x00, 0x00, 0x00, 0x00, 0x00, 0x00, 0x00, 0x00, 0x00,
    0x00, 0x00, 0x00, 0x00, 0x00, 0x00, 0x00, 0x00, 0x00, 0x00, 0x00, 0x00,
    0x00, 0x00, 0x00, 0x00, 0x00, 0x00, 0x00, 0x00, 0x00, 0x00, 0x00, 0x00,
    0x00, 0x00, 0x00, 0x00, 0x00, 0x00, 0x00, 0x00, 0x00, 0x00, 0x00, 0x00,
    0x00, 0x00, 0x00, 0x00, 0x00, 0x00, 0x00, 0x00, 0x00, 0x00, 0x00, 0x00,
    0x00, 0x00, 0x00, 0x00, 0x00, 0x00, 0x00, 0x00, 0x00, 0x00, 0x00, 0x00,
    0x00, 0x00, 0x00, 0x00, 0x00, 0x00, 0x00, 0x00, 0x00, 0x00, 0x00, 0x00,
    0x00, 0x00, 0x00, 0x00, 0x00, 0x00, 0x00, 0x00, 0x00, 0x00, 0x00, 0x00,
    0x00, 0x00, 0x00, 0x00, 0x00, 0x00, 0x00, 0x00, 0x00, 0x00, 0x00, 0x00,
    0x00, 0x00, 0x00, 0x00, 0x00, 0x00, 0x00, 0x00, 0x00, 0x00, 0x00, 0x00,
    0x00, 0x00, 0x00, 0x00, 0x00, 0x00, 0x00, 0x00, 0x00, 0x00, 0x00, 0x00,
    0x00, 0x00, 0x00, 0x00, 0x00, 0x00, 0x00, 0x00, 0x00, 0x00, 0x00, 0x00,
    0x00, 0x00, 0x00, 0x00, 0x00, 0x00, 0x00, 0x00, 0x00, 0x00, 0x00, 0x00,
    0x00, 0x00, 0x00, 0x00, 0x00, 0x00, 0x00, 0x00, 0x00, 0x00, 0x00, 0x00,
    0x00, 0x00, 0x00, 0x00, 0x00, 0x00, 0x00, 0x00, 0x00, 0x00, 0x00, 0x00,
    0x00, 0x00, 0x00, 0x00, 0x00, 0x00, 0x00, 0x00, 0x00, 0x00, 0x00, 0x00,
    0x00, 0x00, 0x00, 0x00, 0x00, 0x00, 0x00, 0x00, 0x00, 0x00, 0x00, 0x00,
    0x00, 0x00, 0x00, 0xEF, 0x03, 0x02, 0x5F, 0x05, 0x03, 0x00, 0x00, 0x00,
    0x00, 0x00, 0x00, 0x00, 0x00, 0x00, 0x00, 0x00, 0x00, 0x00, 0x00, 0x00,
    0xFF, 0x07, 0x01, 0x9F, 0x04, 0x07, 0x7C, 0x04, 0x09, 0xFF, 0x04, 0x08,
    0x5F, 0x05, 0x03, 0x00, 0x00, 0x00, 0x00, 0x00, 0x00, 0x00, 0x00, 0x00,
    0x00, 0x00, 0x00, 0x00, 0x00, 0x00, 0x5F, 0x05, 0x03, 0xFF, 0x03, 0x02,
    0x00, 0x00, 0x00, 0x00, 0x00, 0x00, 0x00, 0x00, 0x00, 0x00, 0x00, 0x00,
    0x00, 0x00, 0x00, 0x00, 0x00, 0x00, 0x00, 0x00, 0x00, 0x00, 0x00, 0x00,
    0x00, 0x00, 0x00, 0x00, 0x00, 0x00, 0x00, 0x00, 0x00, 0x00, 0x00, 0x00,
    0x00, 0x00, 0x00, 0x00, 0x00, 0x00, 0x00, 0x00, 0x00, 0x00, 0x00, 0x00,
    0x00, 0x00, 0x00, 0x00, 0x00, 0x00, 0x00, 0x00, 0x00, 0x00, 0x00, 0x00,
    0x00, 0x00, 0x00, 0x00, 0x00, 0x00, 0x00, 0x00, 0x00, 0x00, 0x00, 0x00,
    0x00, 0x00, 0x00, 0x00, 0x00, 0x00, 0x00, 0x00, 0x00, 0x00, 0x00, 0x00,
    0x00, 0x00, 0x00, 0x00, 0x00, 0x00, 0x00, 0x00, 0x00, 0x00, 0x00, 0x00,
    0x00, 0x00, 0x00, 0x00, 0x00, 0x00, 0x00, 0x00, 0x00, 0x00, 0x00, 0x00,
    0x00, 0x00, 0x00, 0x00, 0x00, 0x00, 0x00, 0x00, 0x00, 0x00, 0x00, 0x00,
    0x00, 0x00, 0x00, 0x00, 0x00, 0x00, 0x00, 0x00, 0x00, 0x00, 0x00, 0x00,
    0x00, 0x00, 0x00, 0x00, 0x00, 0x00, 0x00, 0x00, 0x00, 0x00, 0x00, 0x00,
    0x00, 0x00, 0x00, 0x00, 0x00, 0x00, 0x00, 0x00, 0x00, 0x00, 0x00, 0x00,
    0x00, 0x00, 0x00, 0x00, 0x00, 0x00, 0x00, 0x00, 0x00, 0x00, 0x00, 0x00,
    0x00, 0x00, 0x00, 0x00, 0x00, 0x00, 0x00, 0x00, 0x00, 0x00, 0x00, 0x00,
    0x00, 0x00, 0x00, 0x00, 0x00, 0x00, 0x00, 0x00, 0x00, 0x00, 0x00, 0x00,
    0x00, 0x00, 0x00, 0x00, 0x00, 0x00, 0x00, 0x00, 0x00, 0x00, 0x00, 0x00,
    0x00, 0x00, 0x00, 0x00, 0x00, 0x00, 0x00, 0x00, 0x00, 0x00, 0x00, 0x00,
    0x00, 0x00, 0x00, 0x00, 0x00, 0x00, 0x00, 0x00, 0x00, 0x00, 0x00, 0x00,
    0x00, 0x00, 0x00, 0x00, 0x00, 0x00, 0x00, 0x00, 0x00, 0x00, 0x00, 0x00,
    0x00, 0x00, 0x00, 0x00, 0x00, 0x00, 0x00, 0x00, 0x00, 0x00, 0x00, 0x00,
    0x00, 0x00, 0x00, 0x00, 0x00, 0x00, 0x00, 0x00, 0x00, 0x00, 0x00, 0x00,
    0x00, 0x00, 0x00, 0x00, 0x00, 0x00, 0x00, 0x00, 0x00, 0x00, 0x00, 0x00,
    0x00, 0x00, 0x00, 0x00, 0x00, 0x00, 0x00, 0x00, 0x00, 0x00, 0x00, 0x00,
    0x00, 0x00, 0x00, 0x00, 0x00, 0x00, 0x00, 0x00, 0x00, 0x00, 0x00, 0x00,
    0x00, 0x00, 0x00, 0x00, 0x00, 0x00, 0x00, 0x00, 0x00, 0x00, 0x00, 0x00,
    0x00, 0x00, 0x00, 0x00, 0x00, 0x00, 0x00, 0x00, 0x00, 0x00, 0x00, 0x00,
    0x00, 0x00, 0x00, 0x00, 0x00, 0x00, 0x00, 0x00, 0x00, 0x00, 0x00, 0x00,
    0x00, 0x00, 0x00, 0x00, 0x00, 0x00, 0x00, 0x00, 0x00, 0x00, 0x00, 0x00,
    0x00, 0x00, 0x00, 0x00, 0x00, 0x00, 0x00, 0x00, 0x00, 0x00, 0x00, 0x00,
    0x00, 0x00, 0x00, 0x00, 0x00, 0x00, 0x00, 0x00, 0x00, 0x00, 0x00, 0x00,
    0x00, 0x00, 0x00, 0x00, 0x00, 0x00, 0x00, 0x00, 0x00, 0x00, 0x00, 0x00,
    0x00, 0x00, 0x00, 0x00, 0x00, 0x00, 0x00, 0x00, 0x00, 0x00, 0x00, 0x00,
    0x00, 0x00, 0x00, 0x00, 0x00, 0x00, 0x00, 0x00, 0x00, 0x00, 0x00, 0x00,
    0x00, 0x00, 0x00, 0x00, 0x00, 0x00, 0x00, 0x00, 0x00, 0x00, 0x00, 0x00,
    0x00, 0x00, 0x00, 0x00, 0x00, 0x00, 0x00, 0x00, 0x00, 0x00, 0x00, 0x00,
    0x00, 0x00, 0x00, 0x00, 0x00, 0x00, 0x00, 0x00, 0x00, 0x00, 0x00, 0x00,
    0x00, 0x00, 0x00, 0x00, 0x00, 0x00, 0x00, 0x00, 0x00, 0x00, 0x00, 0x00,
    0x00, 0x00, 0x00, 0x00, 0x00, 0x00, 0x00, 0x00, 0x00, 0x00, 0x00, 0x00,
    0x00, 0x00, 0x00, 0x00, 0x00, 0x00, 0x00, 0x00, 0x00, 0x00, 0x00, 0x00,
    0x00, 0x00, 0x00, 0x00, 0x00, 0x00, 0x00, 0x00, 0x00, 0x00, 0x00, 0x00,
    0x00, 0x00, 0x00, 0x00, 0x00, 0x00, 0x00, 0x00, 0x00, 0x00, 0x00, 0x00,
    0x00, 0x00, 0x00, 0x00, 0x00, 0x00, 0x00, 0x00, 0x00, 0x00, 0x00, 0x00,
    0x00, 0x00, 0x00, 0x00, 0x00, 0x00, 0x00, 0x00, 0x00, 0x00, 0x00, 0x00,
    0x00, 0x00, 0x00, 0x00, 0x00, 0x00, 0x00, 0x00, 0x00, 0x00, 0x00, 0x00,
    0x00, 0x00, 0x00, 0x00, 0x00, 0x00, 0x00, 0x00, 0x00, 0x00, 0x00, 0x00,
    0x00, 0x00, 0x00, 0x00, 0x00, 0x00, 0x00, 0x00, 0x00, 0x00, 0x00, 0x00,
    0x00, 0x00, 0x00, 0x00, 0x00, 0x00, 0x00, 0x00, 0x00, 0x00, 0x00, 0x00,
    0x00, 0x00, 0x00, 0x00, 0x00, 0x00, 0x00, 0x00, 0x00, 0x00, 0x00, 0x00,
    0x00, 0x00, 0x00, 0x00, 0x00, 0x00, 0x00, 0x00, 0x00, 0x00, 0x00, 0x00,
    0x00, 0x00, 0x00, 0x00, 0x00, 0x00, 0x00, 0x00, 0x00, 0x00, 0x00, 0x00,
    0x00, 0x00, 0x00, 0x00, 0x00, 0x00, 0x00, 0xF8, 0x01, 0x00, 0x00, 0x00,
    0x00, 0x00, 0x00, 0x00, 0x00, 0x00, 0x00, 0x00, 0x00, 0x00, 0x00, 0x00,
    0x00, 0x00, 0x00, 0x00, 0x00, 0x00, 0x00, 0x00, 0x00, 0x00, 0x00, 0x00,
    0x00, 0x00, 0x00, 0x00, 0x00, 0x00, 0x00, 0x00, 0x00, 0x00, 0x00, 0x00,
    0x00, 0x00, 0x00, 0xFF, 0x03, 0x02, 0x55, 0x05, 0x03, 0x00, 0x00, 0x00,
    0x00, 0x00, 0x00, 0x00, 0x00, 0x00, 0xFD, 0x04, 0x20, 0x1E, 0x05, 0x52,
    0x1D, 0x05, 0x87, 0x1E, 0x05, 0xB0, 0x1E, 0x05, 0xC6, 0x1D, 0x05, 0xD9,
    0x1E, 0x05, 0xDD, 0x1D, 0x05, 0xDC, 0x1E, 0x05, 0xCB, 0x1E, 0x05, 0xB6,
    0x1D, 0x05, 0x91, 0x1E, 0x05, 0x5D, 0x1E, 0x05, 0x2B, 0x5F, 0x05, 0x03,
    0x00, 0x00, 0x00, 0x00, 0x00, 0x00, 0xFF, 0x07, 0x01, 0x55, 0x05, 0x03,
    0x00, 0x00, 0x00, 0x00, 0x00, 0x00, 0x00, 0x00, 0x00, 0x00, 0x00, 0x00,
    0x00, 0x00, 0x00, 0x00, 0x00, 0x00, 0x00, 0x00, 0x00, 0x00, 0x00, 0x00,
    0x00, 0x00, 0x00, 0x00, 0x00, 0x00, 0x00, 0x00, 0x00, 0x00, 0x00, 0x00,
    0x00, 0x00, 0x00, 0x00, 0x00, 0x00, 0x00, 0x00, 0x00, 0x00, 0x00, 0x00,
    0x00, 0x00, 0x00, 0x00, 0x00, 0x00, 0x00, 0x00, 0x00, 0x00, 0x00, 0x00,
    0x00, 0x00, 0x00, 0x00, 0x00, 0x00, 0x00, 0x00, 0x00, 0x00, 0x00, 0x00,
    0x00, 0x00, 0x00, 0x00, 0x00, 0x00, 0x00, 0x00, 0x00, 0x00, 0x00, 0x00,
    0x00, 0x00, 0x00, 0x00, 0x00, 0x00, 0x00, 0x00, 0x00, 0x00, 0x00, 0x00,
    0x00, 0x00, 0x00, 0x00, 0x00, 0x00, 0x00, 0x00, 0x00, 0x00, 0x00, 0x00,
    0x00, 0x00, 0x00, 0x00, 0x00, 0x00, 0x00, 0x00, 0x00, 0x00, 0x00, 0x00,
    0x00, 0x00, 0x00, 0x00, 0x00, 0x00, 0x00, 0x00, 0x00, 0x00, 0x00, 0x00,
    0x00, 0x00, 0x00, 0x00, 0x00, 0x00, 0x00, 0x00, 0x00, 0x00, 0x00, 0x00,
    0x00, 0x00, 0x00, 0x00, 0x00, 0x00, 0x00, 0x00, 0x00, 0x00, 0x00, 0x00,
    0x00, 0x00, 0x00, 0x00, 0x00, 0x00, 0x00, 0x00, 0x00, 0x00, 0x00, 0x00,
    0x00, 0x00, 0x00, 0x00, 0x00, 0x00, 0x00, 0x00, 0x00, 0x00, 0x00, 0x00,
    0x00, 0x00, 0x00, 0x00, 0x00, 0x00, 0x00, 0x00, 0x00, 0x00, 0x00, 0x00,
    0x00, 0x00, 0x00, 0x00, 0x00, 0x00, 0x00, 0x00, 0x00, 0x00, 0x00, 0x00,
    0x00, 0x00, 0x00, 0x00, 0x00, 0x00, 0x00, 0x00, 0x00, 0x00, 0x00, 0x00,
    0x00, 0x00, 0x00, 0x00, 0x00, 0x00, 0x00, 0x00, 0x00, 0x00, 0x00, 0x00,
    0x00, 0x00, 0x00, 0x00, 0x00, 0x00, 0x00, 0x00, 0x00, 0x00, 0x00, 0x00,
    0x00, 0x00, 0x00, 0x00, 0x00, 0x00, 0x00, 0x00, 0x00, 0x00, 0x00, 0x00,
    0x00, 0x00, 0x00, 0x00, 0x00, 0x00, 0x00, 0x00, 0x00, 0x00, 0x00, 0x00,
    0x00, 0x00, 0x00, 0x00, 0x00, 0x00, 0x00, 0x00, 0x00, 0x00, 0x00, 0x00,
    0x00, 0x00, 0x00, 0x00, 0x00, 0x00, 0x00, 0x00, 0x00, 0x00, 0x00, 0x00,
    0x00, 0x00, 0x00, 0x00, 0x00, 0x00, 0x00, 0x00, 0x00, 0x00, 0x00, 0x00,
    0x00, 0x00, 0x00, 0x00, 0x00, 0x00, 0x00, 0x00, 0x00, 0x00, 0x00, 0x00,
    0x00, 0x00, 0x00, 0x00, 0x00, 0x00, 0x00, 0x00, 0x00, 0x00, 0x00, 0x00,
    0x00, 0x00, 0x00, 0x00, 0x00, 0x00, 0x00, 0x00, 0x00, 0x00, 0x00, 0x00,
    0x00, 0x00, 0x00, 0x00, 0x00, 0x00, 0x00, 0x00, 0x00, 0x00, 0x00, 0x00,
    0x00, 0x00, 0x00, 0x00, 0x00, 0x00, 0x00, 0x00, 0x00, 0x00, 0x00, 0x00,
    0x00, 0x00, 0x00, 0x00, 0x00, 0x00, 0x00, 0x00, 0x00, 0x00, 0x00, 0x00,
    0x00, 0x00, 0x00, 0x00, 0x00, 0x00, 0x00, 0x00, 0x00, 0x00, 0x00, 0x00,
    0x00, 0x00, 0x00, 0x00, 0x00, 0x00, 0x00, 0x00, 0x00, 0x00, 0x00, 0x00,
    0x00, 0x00, 0x00, 0x00, 0x00, 0x00, 0x00, 0x00, 0x00, 0x00, 0x00, 0x00,
    0x00, 0x00, 0x00, 0x00, 0x00, 0x00, 0x00, 0x00, 0x00, 0x00, 0x00, 0x00,
    0x00, 0x00, 0x00, 0x00, 0x00, 0x00, 0x00, 0x00, 0x00, 0x00, 0x00, 0x00,
    0x00, 0x00, 0x00, 0x00, 0x00, 0x00, 0x00, 0x00, 0x00, 0x00, 0x00, 0x00,
    0x00, 0x00, 0x00, 0x00, 0x00, 0x00, 0x00, 0x00, 0x00, 0x00, 0x00, 0x00,
    0x00, 0x00, 0x00, 0x00, 0x00, 0x00, 0x00, 0x00, 0x00, 0x00, 0x00, 0x00,
    0x00, 0x00, 0x00, 0x00, 0x00, 0x00, 0x00, 0x00, 0x00, 0x00, 0x00, 0x00,
    0x00, 0x00, 0x00, 0x00, 0x00, 0x00, 0x00, 0x00, 0x00, 0x00, 0x00, 0x00,
    0x00, 0x00, 0x00, 0x00, 0x00, 0x00, 0x00, 0x00, 0x00, 0x00, 0x00, 0x00,
    0x00, 0x00, 0x00, 0x00, 0x00, 0x00, 0x00, 0x00, 0x00, 0x00, 0x00, 0x00,
    0x00, 0x00, 0x00, 0x00, 0x00, 0x00, 0x00, 0x00, 0x00, 0x00, 0x00, 0x00,
    0x00, 0x00, 0x00, 0x00, 0x00, 0x00, 0x00, 0x00, 0x00, 0x00, 0x00, 0x00,
    0x00, 0x00, 0x00, 0x00, 0x00, 0x00, 0x00, 0x00, 0x00, 0x00, 0x00, 0x00,
    0x00, 0x00, 0x00, 0x00, 0x00, 0x00, 0x00, 0x00, 0x00, 0x00, 0x00, 0x00,
    0x00, 0x00, 0x00, 0x00, 0x00, 0x00, 0x00, 0x00, 0x00, 0x00, 0x00, 0x00,
    0x00, 0x00, 0x00, 0x00, 0x00, 0x00, 0x00, 0x00, 0x00, 0x00, 0x00, 0x00,
    0x00, 0x00, 0x00, 0x00, 0x00, 0x00, 0x00, 0x00, 0x00, 0x00, 0x00, 0x00,
    0x00, 0x00, 0x00, 0x00, 0x00, 0x00, 0x00, 0x00, 0x00, 0x00, 0x00, 0x00,
    0x00, 0x00, 0x00, 0x00, 0x00, 0x00, 0x00, 0x00, 0x00, 0x00, 0x00, 0x00,
    0x00, 0x00, 0x00, 0x00, 0x00, 0x00, 0x00, 0x00, 0x00, 0x00, 0x00, 0x00,
    0x00, 0x00, 0x00, 0x00, 0x00, 0x00, 0x00, 0x00, 0x00, 0x00, 0x00, 0x00,
    0x00, 0x00, 0x00, 0xFF, 0x07, 0x01, 0x5F, 0x05, 0x03, 0x00, 0x00, 0x00,
    0x00, 0x00, 0x00, 0x3E, 0x05, 0x1F, 0x1E, 0x05, 0x74, 0x1E, 0x05, 0xBC,
    0x1E, 0x05, 0xF3, 0x3F, 0x05, 0xFF, 0x5F, 0x05, 0xFF, 0x5F, 0x05, 0xFF,
    0x5F, 0x05, 0xFF, 0x3F, 0x05, 0xFF, 0x3F, 0x05, 0xFF, 0x3F, 0x05, 0xFF,
    0x3F, 0x05, 0xFF, 0x5F, 0x05, 0xFF, 0x5F, 0x05, 0xFF, 0x3F, 0x05, 0xFF,
    0x1E, 0x05, 0xFA, 0x1E, 0x05, 0xCA, 0x1E, 0x05, 0x85, 0x1D, 0x05, 0x2E,
    0x00, 0x00, 0x00, 0x00, 0x00, 0x00, 0xFF, 0x07, 0x01, 0xFF, 0x03, 0x02,
    0x00, 0x00, 0x00, 0x00, 0x00, 0x00, 0x00, 0x00, 0x00, 0x00, 0x00, 0x00,
    0x00, 0x00, 0x00, 0x00, 0x00, 0x00, 0x00, 0x00, 0x00, 0x00, 0x00, 0x00,
    0x00, 0x00, 0x00, 0x00, 0x00, 0x00, 0x00, 0x00, 0x00, 0x00, 0x00, 0x00,
    0x00, 0x00, 0x00, 0x00, 0x00, 0x00, 0x00, 0x00, 0x00, 0x00, 0x00, 0x00,
    0x00, 0x00, 0x00, 0x00, 0x00, 0x00, 0x00, 0x00, 0x00, 0x00, 0x00, 0x00,
    0x00, 0x00, 0x00, 0x00, 0x00, 0x00, 0x00, 0x00, 0x00, 0x00, 0x00, 0x00,
    0x00, 0x00, 0x00, 0x00, 0x00, 0x00, 0x00, 0x00, 0x00, 0x00, 0x00, 0x00,
    0x00, 0x00, 0x00, 0x00, 0x00, 0x00, 0x00, 0x00, 0x00, 0x00, 0x00, 0x00,
    0x00, 0x00, 0x00, 0x00, 0x00, 0x00, 0x00, 0x00, 0x00, 0x00, 0x00, 0x00,
    0x00, 0x00, 0x00, 0x00, 0x00, 0x00, 0x00, 0x00, 0x00, 0x00, 0x00, 0x00,
    0x00, 0x00, 0x00, 0x00, 0x00, 0x00, 0x00, 0x00, 0x00, 0x00, 0x00, 0x00,
    0x00, 0x00, 0x00, 0x00, 0x00, 0x00, 0x00, 0x00, 0x00, 0x00, 0x00, 0x00,
    0x00, 0x00, 0x00, 0x00, 0x00, 0x00, 0x00, 0x00, 0x00, 0x00, 0x00, 0x00,
    0x00, 0x00, 0x00, 0x00, 0x00, 0x00, 0x00, 0x00, 0x00, 0x00, 0x00, 0x00,
    0x00, 0x00, 0x00, 0x00, 0x00, 0x00, 0x00, 0x00, 0x00, 0x00, 0x00, 0x00,
    0x00, 0x00, 0x00, 0x00, 0x00, 0x00, 0x00, 0x00, 0x00, 0x00, 0x00, 0x00,
    0x00, 0x00, 0x00, 0x00, 0x00, 0x00, 0x00, 0x00, 0x00, 0x00, 0x00, 0x00,
    0x00, 0x00, 0x00, 0x00, 0x00, 0x00, 0x00, 0x00, 0x00, 0x00, 0x00, 0x00,
    0x00, 0x00, 0x00, 0x00, 0x00, 0x00, 0x00, 0x00, 0x00, 0x00, 0x00, 0x00,
    0x00, 0x00, 0x00, 0x00, 0x00, 0x00, 0x00, 0x00, 0x00, 0x00, 0x00, 0x00,
    0x00, 0x00, 0x00, 0x00, 0x00, 0x00, 0x00, 0x00, 0x00, 0x00, 0x00, 0x00,
    0x00, 0x00, 0x00, 0x00, 0x00, 0x00, 0x00, 0x00, 0x00, 0x00, 0x00, 0x00,
    0x00, 0x00, 0x00, 0x00, 0x00, 0x00, 0x00, 0x00, 0x00, 0x00, 0x00, 0x00,
    0x00, 0x00, 0x00, 0x00, 0x00, 0x00, 0x00, 0x00, 0x00, 0x00, 0x00, 0x00,
    0x00, 0x00, 0x00, 0x00, 0x00, 0x00, 0x00, 0x00, 0x00, 0x00, 0x00, 0x00,
    0x00, 0x00, 0x00, 0x00, 0x00, 0x00, 0x00, 0x00, 0x00, 0x00, 0x00, 0x00,
    0x00, 0x00, 0x00, 0x00, 0x00, 0x00, 0x00, 0x00, 0x00, 0x00, 0x00, 0x00,
    0x00, 0x00, 0x00, 0x00, 0x00, 0x00, 0x00, 0x00, 0x00, 0x00, 0x00, 0x00,
    0x00, 0x00, 0x00, 0x00, 0x00, 0x00, 0x00, 0x00, 0x00, 0x00, 0x00, 0x00,
    0x00, 0x00, 0x00, 0x00, 0x00, 0x00, 0x00, 0x00, 0x00, 0x00, 0x00, 0x00,
    0x00, 0x00, 0x00, 0x00, 0x00, 0x00, 0x00, 0x00, 0x00, 0x00, 0x00, 0x00,
    0x00, 0x00, 0x00, 0x00, 0x00, 0x00, 0x00, 0x00, 0x00, 0x00, 0x00, 0x00,
    0x00, 0x00, 0x00, 0x00, 0x00, 0x00, 0x00, 0x00, 0x00, 0x00, 0x00, 0x00,
    0x00, 0x00, 0x00, 0x00, 0x00, 0x00, 0x00, 0x00, 0x00, 0x00, 0x00, 0x00,
    0x00, 0x00, 0x00, 0x00, 0x00, 0x00, 0x00, 0x00, 0x00, 0x00, 0x00, 0x00,
    0x00, 0x00, 0x00, 0x00, 0x00, 0x00, 0x00, 0x00, 0x00, 0x00, 0x00, 0x00,
    0x00, 0x00, 0x00, 0x00, 0x00, 0x00, 0x00, 0x00, 0x00, 0x00, 0x00, 0x00,
    0x00, 0x00, 0x00, 0x00, 0x00, 0x00, 0x00, 0x00, 0x00, 0x00, 0x00, 0x00,
    0x00, 0x00, 0x00, 0x00, 0x00, 0x00, 0x00, 0x00, 0x00, 0x00, 0x00, 0x00,
    0x00, 0x00, 0x00, 0x00, 0x00, 0x00, 0x00, 0x00, 0x00, 0x00, 0x00, 0x00,
    0x00, 0x00, 0x00, 0x00, 0x00, 0x00, 0x00, 0x00, 0x00, 0x00, 0x00, 0x00,
    0x00, 0x00, 0x00, 0x00, 0x00, 0x00, 0x00, 0x00, 0x00, 0x00, 0x00, 0x00,
    0x00, 0x00, 0x00, 0x00, 0x00, 0x00, 0x00, 0x00, 0x00, 0x00, 0x00, 0x00,
    0x00, 0x00, 0x00, 0x00, 0x00, 0x00, 0x00, 0x00, 0x00, 0x00, 0x00, 0x00,
    0x00, 0x00, 0x00, 0x00, 0x00, 0x00, 0x00, 0x00, 0x00, 0x00, 0x00, 0x00,
    0x00, 0x00, 0x00, 0x00, 0x00, 0x00, 0x00, 0x00, 0x00, 0x00, 0x00, 0x00,
    0x00, 0x00, 0x00, 0x00, 0x00, 0x00, 0x00, 0x00, 0x00, 0x00, 0x00, 0x00,
    0x00, 0x00, 0x00, 0x00, 0x00, 0x00, 0x00, 0x00, 0x00, 0x00, 0x00, 0x00,
    0x00, 0x00, 0x00, 0x00, 0x00, 0x00, 0x00, 0x00, 0x00, 0x00, 0x00, 0x00,
    0x00, 0x00, 0x00, 0x00, 0x00, 0x00, 0x00, 0x00, 0x00, 0x00, 0x00, 0x00,
    0x00, 0x00, 0x00, 0x20, 0xFB, 0x05, 0xC5, 0xF3, 0x1D, 0x00, 0x00, 0x00,
    0xE0, 0xFF, 0x01, 0x00, 0x00, 0x00, 0x00, 0x00, 0x00, 0x00, 0x00, 0x00,
    0x00, 0x00, 0x00, 0x00, 0x00, 0x00, 0x00, 0x00, 0x00, 0x00, 0x00, 0x00,
    0x00, 0x00, 0x00, 0x00, 0x00, 0x00, 0x5F, 0x05, 0x03, 0x00, 0x00, 0x00,
    0x00, 0x00, 0x00, 0x1D, 0x05, 0x31, 0x1E, 0x05, 0x9E, 0x1E, 0x05, 0xEE,
    0x5F, 0x05, 0xFF, 0x5F, 0x05, 0xFF, 0x1E, 0x05, 0xFF, 0x1E, 0x05, 0xFE,
    0x1E, 0x05, 0xFB, 0x1E, 0x05, 0xFB, 0x1E, 0x05, 0xFC, 0x1E, 0x05, 0xFC,
    0x1E, 0x05, 0xFD, 0x1E, 0x05, 0xFD, 0x1E, 0x05, 0xFD, 0x1E, 0x05, 0xFC,
    0x1E, 0x05, 0xFC, 0x1E, 0x05, 0xFD, 0x1E, 0x05, 0xFF, 0x3F, 0x05, 0xFF,
    0x5F, 0x05, 0xFF, 0x1E, 0x05, 0xF9, 0x1E, 0x05, 0xB4, 0xFE, 0x04, 0x43,
    0x00, 0x00, 0x00, 0x00, 0x00, 0x00, 0x5F, 0x05, 0x03, 0x00, 0x00, 0x00,
    0x00, 0x00, 0x00, 0x00, 0x00, 0x00, 0x00, 0x00, 0x00, 0x00, 0x00, 0x00,
    0x00, 0x00, 0x00, 0x00, 0x00, 0x00, 0x00, 0x00, 0x00, 0x00, 0x00, 0x00,
    0x00, 0x00, 0x00, 0x00, 0x00, 0x00, 0x00, 0x00, 0x00, 0x00, 0x00, 0x00,
    0x00, 0x00, 0x00, 0x00, 0x00, 0x00, 0x00, 0x00, 0x00, 0x00, 0x00, 0x00,
    0x00, 0x00, 0x00, 0x00, 0x00, 0x00, 0x00, 0x00, 0x00, 0x00, 0x00, 0x00,
    0x00, 0x00, 0x00, 0x00, 0x00, 0x00, 0x00, 0x00, 0x00, 0x00, 0x00, 0x00,
    0x00, 0x00, 0x00, 0x00, 0x00, 0x00, 0x00, 0x00, 0x00, 0x00, 0x00, 0x00,
    0x00, 0x00, 0x00, 0x00, 0x00, 0x00, 0x00, 0x00, 0x00, 0x00, 0x00, 0x00,
    0x00, 0x00, 0x00, 0x00, 0x00, 0x00, 0x00, 0x00, 0x00, 0x00, 0x00, 0x00,
    0x00, 0x00, 0x00, 0x00, 0x00, 0x00, 0x00, 0x00, 0x00, 0x00, 0x00, 0x00,
    0x00, 0x00, 0x00, 0x00, 0x00, 0x00, 0x00, 0x00, 0x00, 0x00, 0x00, 0x00,
    0x00, 0x00, 0x00, 0x00, 0x00, 0x00, 0x00, 0x00, 0x00, 0x00, 0x00, 0x00,
    0x00, 0x00, 0x00, 0x00, 0x00, 0x00, 0x00, 0x00, 0x00, 0x00, 0x00, 0x00,
    0x00, 0x00, 0x00, 0x00, 0x00, 0x00, 0x00, 0x00, 0x00, 0x00, 0x00, 0x00,
    0x00, 0x00, 0x00, 0x00, 0x00, 0x00, 0x00, 0x00, 0x00, 0x00, 0x00, 0x00,
    0x00, 0x00, 0x00, 0x00, 0x00, 0x00, 0x00, 0x00, 0x00, 0x00, 0x00, 0x00,
    0x00, 0x00, 0x00, 0x00, 0x00, 0x00, 0x00, 0x00, 0x00, 0x00, 0x00, 0x00,
    0x00, 0x00, 0x00, 0x00, 0x00, 0x00, 0x00, 0x00, 0x00, 0x00, 0x00, 0x00,
    0x00, 0x00, 0x00, 0x00, 0x00, 0x00, 0x00, 0x00, 0x00, 0x00, 0x00, 0x00,
    0x00, 0x00, 0x00, 0x00, 0x00, 0x00, 0x00, 0x00, 0x00, 0x00, 0x00, 0x00,
    0x00, 0x00, 0x00, 0x00, 0x00, 0x00, 0x00, 0x00, 0x00, 0x00, 0x00, 0x00,
    0x00, 0x00, 0x00, 0x00, 0x00, 0x00, 0x00, 0x00, 0x00, 0x00, 0x00, 0x00,
    0x00, 0x00, 0x00, 0x00, 0x00, 0x00, 0x00, 0x00, 0x00, 0x00, 0x00, 0x00,
    0x00, 0x00, 0x00, 0x00, 0x00, 0x00, 0x00, 0x00, 0x00, 0x00, 0x00, 0x00,
    0x00, 0x00, 0x00, 0x00, 0x00, 0x00, 0x00, 0x00, 0x00, 0x00, 0x00, 0x00,
    0x00, 0x00, 0x00, 0x00, 0x00, 0x00, 0x00, 0x00, 0x00, 0x00, 0x00, 0x00,
    0x00, 0x00, 0x00, 0x00, 0x00, 0x00, 0x00, 0x00, 0x00, 0x00, 0x00, 0x00,
    0x00, 0x00, 0x00, 0x00, 0x00, 0x00, 0x00, 0x00, 0x00, 0x00, 0x00, 0x00,
    0x00, 0x00, 0x00, 0x00, 0x00, 0x00, 0x00, 0x00, 0x00, 0x00, 0x00, 0x00,
    0x00, 0x00, 0x00, 0x00, 0x00, 0x00, 0x00, 0x00, 0x00, 0x00, 0x00, 0x00,
    0x00, 0x00, 0x00, 0x00, 0x00, 0x00, 0x00, 0x00, 0x00, 0x00, 0x00, 0x00,
    0x00, 0x00, 0x00, 0x00, 0x00, 0x00, 0x00, 0x00, 0x00, 0x00, 0x00, 0x00,
    0x00, 0x00, 0x00, 0x00, 0x00, 0x00, 0x00, 0x00, 0x00, 0x00, 0x00, 0x00,
    0x00, 0x00, 0x00, 0x00, 0x00, 0x00, 0x00, 0x00, 0x00, 0x00, 0x00, 0x00,
    0x00, 0x00, 0x00, 0x00, 0x00, 0x00, 0x00, 0x00, 0x00, 0x00, 0x00, 0x00,
    0x00, 0x00, 0x00, 0x00, 0x00, 0x00, 0x00, 0x00, 0x00, 0x00, 0x00, 0x00,
    0x00, 0x00, 0x00, 0x00, 0x00, 0x00, 0x00, 0x00, 0x00, 0x00, 0x00, 0x00,
    0x00, 0x00, 0x00, 0x00, 0x00, 0x00, 0x00, 0x00, 0x00, 0x00, 0x00, 0x00,
    0x00, 0x00, 0x00, 0x00, 0x00, 0x00, 0x00, 0x00, 0x00, 0x00, 0x00, 0x00,
    0x00, 0x00, 0x00, 0x00, 0x00, 0x00, 0x00, 0x00, 0x00, 0x00, 0x00, 0x00,
    0x00, 0x00, 0x00, 0x00, 0x00, 0x00, 0x00, 0x00, 0x00, 0x00, 0x00, 0x00,
    0x00, 0x00, 0x00, 0x00, 0x00, 0x00, 0x00, 0x00, 0x00, 0x00, 0x00, 0x00,
    0x00, 0x00, 0x00, 0x00, 0x00, 0x00, 0x00, 0x00, 0x00, 0x00, 0x00, 0x00,
    0x00, 0x00, 0x00, 0x00, 0x00, 0x00, 0x00, 0x00, 0x00, 0x00, 0x00, 0x00,
    0x00, 0x00, 0x00, 0x00, 0x00, 0x00, 0x00, 0x00, 0x00, 0x00, 0x00, 0x00,
    0x00, 0x00, 0x00, 0x00, 0x00, 0x00, 0x00, 0x00, 0x00, 0x00, 0x00, 0x00,
    0x00, 0x00, 0x00, 0x00, 0x00, 0x00, 0x00, 0x00, 0x00, 0x00, 0x00, 0x00,
    0x00, 0x00, 0x00, 0x00, 0x00, 0x00, 0x00, 0x00, 0x00, 0x00, 0x00, 0x00,
    0x00, 0x00, 0x00, 0x00, 0x00, 0x00, 0x00, 0x00, 0x00, 0x00, 0x00, 0x00,
    0x00, 0x00, 0x00, 0x00, 0x00, 0x00, 0x00, 0xF8, 0x01, 0x00, 0x00, 0x00,
    0xE5, 0xFB, 0x2B, 0xE5, 0xFB, 0x25, 0x00, 0x00, 0x00, 0xE0, 0xFB, 0x02,
    0x00, 0x00, 0x00, 0x00, 0x00, 0x00, 0x00, 0x00, 0x00, 0x00, 0x00, 0x00,
    0x00, 0x00, 0x00, 0x00, 0x00, 0x00, 0x00, 0x00, 0x00, 0x5F, 0x05, 0x03,
    0x00, 0x00, 0x00, 0xFD, 0x04, 0x18, 0x1E, 0x05, 0x8D, 0x1E, 0x05, 0xF7,
    0x5F, 0x05, 0xFF, 0x1E, 0x05, 0xFF, 0x1E, 0x05, 0xFB, 0x1E, 0x05, 0xFA,
    0x1E, 0x05, 0xFA, 0x1E, 0x05, 0xFB, 0x1E, 0x05, 0xFD, 0x1E, 0x05, 0xFF,
    0x1E, 0x05, 0xFF, 0x1E, 0x05, 0xFF, 0x1E, 0x05, 0xFF, 0x1E, 0x05, 0xFD,
    0x1E, 0x05, 0xFC, 0x1E, 0x05, 0xFB, 0x1E, 0x05, 0xFD, 0x1E, 0x05, 0xFE,
    0x1E, 0x05, 0xFE, 0x1E, 0x05, 0xFD, 0x1E, 0x05, 0xFB, 0x1E, 0x05, 0xFF,
    0x5F, 0x05, 0xFF, 0x1E, 0x05, 0xFF, 0x1E, 0x05, 0xAE, 0xFD, 0x04, 0x2D,
    0x00, 0x00, 0x00, 0xEF, 0x03, 0x02, 0xFF, 0x07, 0x01, 0x00, 0x00, 0x00,
    0x00, 0x00, 0x00, 0x00, 0x00, 0x00, 0x00, 0x00, 0x00, 0x00, 0x00, 0x00,
    0x00, 0x00, 0x00, 0x00, 0x00, 0x00, 0x00, 0x00, 0x00, 0x00, 0x00, 0x00,
    0x00, 0x00, 0x00, 0x00, 0x00, 0x00, 0x00, 0x00, 0x00, 0x00, 0x00, 0x00,
    0x00, 0x00, 0x00, 0x00, 0x00, 0x00, 0x00, 0x00, 0x00, 0x00, 0x00, 0x00,
    0x00, 0x00, 0x00, 0x00, 0x00, 0x00, 0x00, 0x00, 0x00, 0x00, 0x00, 0x00,
    0x00, 0x00, 0x00, 0x00, 0x00, 0x00, 0x00, 0x00, 0x00, 0x00, 0x00, 0x00,
    0x00, 0x00, 0x00, 0x00, 0x00, 0x00, 0x00, 0x00, 0x00, 0x00, 0x00, 0x00,
    0x00, 0x00, 0x00, 0x00, 0x00, 0x00, 0x00, 0x00, 0x00, 0x00, 0x00, 0x00,
    0x00, 0x00, 0x00, 0x00, 0x00, 0x00, 0x00, 0x00, 0x00, 0x00, 0x00, 0x00,
    0x00, 0x00, 0x00, 0x00, 0x00, 0x00, 0x00, 0x00, 0x00, 0x00, 0x00, 0x00,
    0x00, 0x00, 0x00, 0x00, 0x00, 0x00, 0x00, 0x00, 0x00, 0x00, 0x00, 0x00,
    0x00, 0x00, 0x00, 0x00, 0x00, 0x00, 0x00, 0x00, 0x00, 0x00, 0x00, 0x00,
    0x00, 0x00, 0x00, 0x00, 0x00, 0x00, 0x00, 0x00, 0x00, 0x00, 0x00, 0x00,
    0x00, 0x00, 0x00, 0x00, 0x00, 0x00, 0x00, 0x00, 0x00, 0x00, 0x00, 0x00,
    0x00, 0x00, 0x00, 0x00, 0x00, 0x00, 0x00, 0x00, 0x00, 0x00, 0x00, 0x00,
    0x00, 0x00, 0x00, 0x00, 0x00, 0x00, 0x00, 0x00, 0x00, 0x00, 0x00, 0x00,
    0x00, 0x00, 0x00, 0x00, 0x00, 0x00, 0x00, 0x00, 0x00, 0x00, 0x00, 0x00,
    0x00, 0x00, 0x00, 0x00, 0x00, 0x00, 0x00, 0x00, 0x00, 0x00, 0x00, 0x00,
    0x00, 0x00, 0x00, 0x00, 0x00, 0x00, 0x00, 0x00, 0x00, 0x00, 0x00, 0x00,
    0x00, 0x00, 0x00, 0x00, 0x00, 0x00, 0x00, 0x00, 0x00, 0x00, 0x00, 0x00,
    0x00, 0x00, 0x00, 0x00, 0x00, 0x00, 0x00, 0x00, 0x00, 0x00, 0x00, 0x00,
    0x00, 0x00, 0x00, 0x00, 0x00, 0x00, 0x00, 0x00, 0x00, 0x00, 0x00, 0x00,
    0x00, 0x00, 0x00, 0x00, 0x00, 0x00, 0x00, 0x00, 0x00, 0x00, 0x00, 0x00,
    0x00, 0x00, 0x00, 0x00, 0x00, 0x00, 0x00, 0x00, 0x00, 0x00, 0x00, 0x00,
    0x00, 0x00, 0x00, 0x00, 0x00, 0x00, 0x00, 0x00, 0x00, 0x00, 0x00, 0x00,
    0x00, 0x00, 0x00, 0x00, 0x00, 0x00, 0x00, 0x00, 0x00, 0x00, 0x00, 0x00,
    0x00, 0x00, 0x00, 0x00, 0x00, 0x00, 0x00, 0x00, 0x00, 0x00, 0x00, 0x00,
    0x00, 0x00, 0x00, 0x00, 0x00, 0x00, 0x00, 0x00, 0x00, 0x00, 0x00, 0x00,
    0x00, 0x00, 0x00, 0x00, 0x00, 0x00, 0x00, 0x00, 0x00, 0x00, 0x00, 0x00,
    0x00, 0x00, 0x00, 0x00, 0x00, 0x00, 0x00, 0x00, 0x00, 0x00, 0x00, 0x00,
    0x00, 0x00, 0x00, 0x00, 0x00, 0x00, 0x00, 0x00, 0x00, 0x00, 0x00, 0x00,
    0x00, 0x00, 0x00, 0x00, 0x00, 0x00, 0x00, 0x00, 0x00, 0x00, 0x00, 0x00,
    0x00, 0x00, 0x00, 0x00, 0x00, 0x00, 0x00, 0x00, 0x00, 0x00, 0x00, 0x00,
    0x00, 0x00, 0x00, 0x00, 0x00, 0x00, 0x00, 0x00, 0x00, 0x00, 0x00, 0x00,
    0x00, 0x00, 0x00, 0x00, 0x00, 0x00, 0x00, 0x00, 0x00, 0x00, 0x00, 0x00,
    0x00, 0x00, 0x00, 0x00, 0x00, 0x00, 0x00, 0x00, 0x00, 0x00, 0x00, 0x00,
    0x00, 0x00, 0x00, 0x00, 0x00, 0x00, 0x00, 0x00, 0x00, 0x00, 0x00, 0x00,
    0x00, 0x00, 0x00, 0x00, 0x00, 0x00, 0x00, 0x00, 0x00, 0x00, 0x00, 0x00,
    0x00, 0x00, 0x00, 0x00, 0x00, 0x00, 0x00, 0x00, 0x00, 0x00, 0x00, 0x00,
    0x00, 0x00, 0x00, 0x00, 0x00, 0x00, 0x00, 0x00, 0x00, 0x00, 0x00, 0x00,
    0x00, 0x00, 0x00, 0x00, 0x00, 0x00, 0x00, 0x00, 0x00, 0x00, 0x00, 0x00,
    0x00, 0x00, 0x00, 0x00, 0x00, 0x00, 0x00, 0x00, 0x00, 0x00, 0x00, 0x00,
    0x00, 0x00, 0x00, 0x00, 0x00, 0x00, 0x00, 0x00, 0x00, 0x00, 0x00, 0x00,
    0x00, 0x00, 0x00, 0x00, 0x00, 0x00, 0x00, 0x00, 0x00, 0x00, 0x00, 0x00,
    0x00, 0x00, 0x00, 0x00, 0x00, 0x00, 0x00, 0x00, 0x00, 0x00, 0x00, 0x00,
    0x00, 0x00, 0x00, 0x00, 0x00, 0x00, 0x00, 0x00, 0x00, 0x00, 0x00, 0x00,
    0x00, 0x00, 0x00, 0x00, 0x00, 0x00, 0x00, 0x00, 0x00, 0x00, 0x00, 0x00,
    0x00, 0x00, 0x00, 0x00, 0x00, 0x00, 0x00, 0x00, 0x00, 0x00, 0x00, 0x00,
    0x00, 0x00, 0x00, 0x00, 0x00, 0x00, 0x00, 0x00, 0x00, 0x00, 0x00, 0x00,
    0x00, 0x00, 0x00, 0xE0, 0xFF, 0x01, 0x00, 0x00, 0x00, 0xE5, 0xFB, 0x5A,
    0xE5, 0xF3, 0x2A, 0x00, 0x00, 0x00, 0xE0, 0xFB, 0x02, 0x00, 0x00, 0x00,
    0x00, 0x00, 0x00, 0x00, 0x00, 0x00, 0x00, 0x00, 0x00, 0x1F, 0x00, 0x01,
    0xFF, 0x03, 0x02, 0x00, 0x00, 0x00, 0x1E, 0x05, 0x49, 0x3F, 0x05, 0xDB,
    0x7F, 0x05, 0xFF, 0x1E, 0x05, 0xFF, 0x1E, 0x05, 0xF9, 0x1E, 0x05, 0xFB,
    0x1E, 0x05, 0xFF, 0x3F, 0x05, 0xFF, 0x5F, 0x05, 0xFF, 0x5F, 0x05, 0xFF,
    0x3F, 0x05, 0xFF, 0x1E, 0x05, 0xFE, 0x1E, 0x05, 0xFA, 0x1E, 0x05, 0xFB,
    0x1E, 0x05, 0xFF, 0x3F, 0x05, 0xFF, 0x5F, 0x05, 0xFF, 0x5F, 0x05, 0xFF,
    0x3F, 0x05, 0xFF, 0x1E, 0x05, 0xFF, 0x1E, 0x05, 0xFC, 0x1E, 0x05, 0xFE,
    0x1E, 0x05, 0xFF, 0x1E, 0x05, 0xFE, 0x1E, 0x05, 0xFC, 0x1E, 0x05, 0xFE,
    0x5F, 0x05, 0xFF, 0x3E, 0x05, 0xED, 0x1E, 0x05, 0x67, 0x00, 0x00, 0x00,
    0x00, 0x00, 0x00, 0xFF, 0x03, 0x02, 0x00, 0x00, 0x00, 0x00, 0x00, 0x00,
    0x00, 0x00, 0x00, 0x00, 0x00, 0x00, 0x00, 0x00, 0x00, 0x00, 0x00, 0x00,
    0x00, 0x00, 0x00, 0x00, 0x00, 0x00, 0x00, 0x00, 0x00, 0x00, 0x00, 0x00,
    0x00, 0x00, 0x00, 0x00, 0x00, 0x00, 0x00, 0x00, 0x00, 0x00, 0x00, 0x00,
    0x00, 0x00, 0x00, 0x00, 0x00, 0x00, 0x00, 0x00, 0x00, 0x00, 0x00, 0x00,
    0x00, 0x00, 0x00, 0x00, 0x00, 0x00, 0x00, 0x00, 0x00, 0x00, 0x00, 0x00,
    0x00, 0x00, 0x00, 0x00, 0x00, 0x00, 0x00, 0x00, 0x00, 0x00, 0x00, 0x00,
    0x00, 0x00, 0x00, 0x00, 0x00, 0x00, 0x00, 0x00, 0x00, 0x00, 0x00, 0x00,
    0x00, 0x00, 0x00, 0x00, 0x00, 0x00, 0x00, 0x00, 0x00, 0x00, 0x00, 0x00,
    0x00, 0x00, 0x00, 0x00, 0x00, 0x00, 0x00, 0x00, 0x00, 0x00, 0x00, 0x00,
    0x00, 0x00, 0x00, 0x00, 0x00, 0x00, 0x00, 0x00, 0x00, 0x00, 0x00, 0x00,
    0x00, 0x00, 0x00, 0x00, 0x00, 0x00, 0x00, 0x00, 0x00, 0x00, 0x00, 0x00,
    0x00, 0x00, 0x00, 0x00, 0x00, 0x00, 0x00, 0x00, 0x00, 0x00, 0x00, 0x00,
    0x00, 0x00, 0x00, 0x00, 0x00, 0x00, 0x00, 0x00, 0x00, 0x00, 0x00, 0x00,
    0x00, 0x00, 0x00, 0x00, 0x00, 0x00, 0x00, 0x00, 0x00, 0x00, 0x00, 0x00,
    0x00, 0x00, 0x00, 0x00, 0x00, 0x00, 0x00, 0x00, 0x00, 0x00, 0x00, 0x00,
    0x00, 0x00, 0x00, 0x00, 0x00, 0x00, 0x00, 0x00, 0x00, 0x00, 0x00, 0x00,
    0x00, 0x00, 0x00, 0x00, 0x00, 0x00, 0x00, 0x00, 0x00, 0x00, 0x00, 0x00,
    0x00, 0x00, 0x00, 0x00, 0x00, 0x00, 0x00, 0x00, 0x00, 0x00, 0x00, 0x00,
    0x00, 0x00, 0x00, 0x00, 0x00, 0x00, 0x00, 0x00, 0x00, 0x00, 0x00, 0x00,
    0x00, 0x00, 0x00, 0x00, 0x00, 0x00, 0x00, 0x00, 0x00, 0x00, 0x00, 0x00,
    0x00, 0x00, 0x00, 0x00, 0x00, 0x00, 0x00, 0x00, 0x00, 0x00, 0x00, 0x00,
    0x00, 0x00, 0x00, 0x00, 0x00, 0x00, 0x00, 0x00, 0x00, 0x00, 0x00, 0x00,
    0x00, 0x00, 0x00, 0x00, 0x00, 0x00, 0x00, 0x00, 0x00, 0x00, 0x00, 0x00,
    0x00, 0x00, 0x00, 0x00, 0x00, 0x00, 0x00, 0x00, 0x00, 0x00, 0x00, 0x00,
    0x00, 0x00, 0x00, 0x00, 0x00, 0x00, 0x00, 0x00, 0x00, 0x00, 0x00, 0x00,
    0x00, 0x00, 0x00, 0x00, 0x00, 0x00, 0x00, 0x00, 0x00, 0x00, 0x00, 0x00,
    0x00, 0x00, 0x00, 0x00, 0x00, 0x00, 0x00, 0x00, 0x00, 0x00, 0x00, 0x00,
    0x00, 0x00, 0x00, 0x00, 0x00, 0x00, 0x00, 0x00, 0x00, 0x00, 0x00, 0x00,
    0x00, 0x00, 0x00, 0x00, 0x00, 0x00, 0x00, 0x00, 0x00, 0x00, 0x00, 0x00,
    0x00, 0x00, 0x00, 0x00, 0x00, 0x00, 0x00, 0x00, 0x00, 0x00, 0x00, 0x00,
    0x00, 0x00, 0x00, 0x00, 0x00, 0x00, 0x00, 0x00, 0x00, 0x00, 0x00, 0x00,
    0x00, 0x00, 0x00, 0x00, 0x00, 0x00, 0x00, 0x00, 0x00, 0x00, 0x00, 0x00,
    0x00, 0x00, 0x00, 0x00, 0x00, 0x00, 0x00, 0x00, 0x00, 0x00, 0x00, 0x00,
    0x00, 0x00, 0x00, 0x00, 0x00, 0x00, 0x00, 0x00, 0x00, 0x00, 0x00, 0x00,
    0x00, 0x00, 0x00, 0x00, 0x00, 0x00, 0x00, 0x00, 0x00, 0x00, 0x00, 0x00,
    0x00, 0x00, 0x00, 0x00, 0x00, 0x00, 0x00, 0x00, 0x00, 0x00, 0x00, 0x00,
    0x00, 0x00, 0x00, 0x00, 0x00, 0x00, 0x00, 0x00, 0x00, 0x00, 0x00, 0x00,
    0x00, 0x00, 0x00, 0x00, 0x00, 0x00, 0x00, 0x00, 0x00, 0x00, 0x00, 0x00,
    0x00, 0x00, 0x00, 0x00, 0x00, 0x00, 0x00, 0x00, 0x00, 0x00, 0x00, 0x00,
    0x00, 0x00, 0x00, 0x00, 0x00, 0x00, 0x00, 0x00, 0x00, 0x00, 0x00, 0x00,
    0x00, 0x00, 0x00, 0x00, 0x00, 0x00, 0x00, 0x00, 0x00, 0x00, 0x00, 0x00,
    0x00, 0x00, 0x00, 0x00, 0x00, 0x00, 0x00, 0x00, 0x00, 0x00, 0x00, 0x00,
    0x00, 0x00, 0x00, 0x00, 0x00, 0x00, 0x00, 0x00, 0x00, 0x00, 0x00, 0x00,
    0x00, 0x00, 0x00, 0x00, 0x00, 0x00, 0x00, 0x00, 0x00, 0x00, 0x00, 0x00,
    0x00, 0x00, 0x00, 0x00, 0x00, 0x00, 0x00, 0x00, 0x00, 0x00, 0x00, 0x00,
    0x00, 0x00, 0x00, 0x00, 0x00, 0x00, 0x00, 0x00, 0x00, 0x00, 0x00, 0x00,
    0x00, 0x00, 0x00, 0x00, 0x00, 0x00, 0x00, 0x00, 0x00, 0x00, 0x00, 0x00,
    0x00, 0x00, 0x00, 0x00, 0x00, 0x00, 0x00, 0x00, 0x00, 0x00, 0x00, 0x00,
    0x00, 0x00, 0x00, 0x00, 0x00, 0x00, 0x00, 0x00, 0x00, 0xE0, 0xFF, 0x01,
    0xE0, 0xFF, 0x01, 0xE5, 0xFB, 0x12, 0xE5, 0xFB, 0x76, 0xE6, 0xFB, 0x14,
    0x00, 0xF8, 0x01, 0xE0, 0xFB, 0x02, 0x00, 0x00, 0x00, 0x00, 0x00, 0x00,
    0xFF, 0x03, 0x02, 0xFF, 0x03, 0x02, 0x00, 0x00, 0x00, 0x1E, 0x05, 0x81,
    0x3E, 0x05, 0xFB, 0x3F, 0x05, 0xFF, 0x1D, 0x05, 0xFA, 0x1E, 0x05, 0xFC,
    0x3F, 0x05, 0xFF, 0x5F, 0x05, 0xFF, 0x1E, 0x05, 0xF5, 0x1E, 0x05, 0xCA,
    0x1E, 0x05, 0x92, 0x1E, 0x05, 0x66, 0x1E, 0x05, 0x4D, 0xFD, 0x04, 0x3C,
    0x1E, 0x05, 0x33, 0x1E, 0x05, 0x34, 0x1E, 0x05, 0x3F, 0x1E, 0x05, 0x4E,
    0x1E, 0x05, 0x6A, 0x1E, 0x05, 0x91, 0x1E, 0x05, 0xCB, 0x1E, 0x05, 0xF8,
    0x5F, 0x05, 0xFF, 0x3E, 0x05, 0xFF, 0x1E, 0x05, 0xFC, 0x1E, 0x05, 0xFE,
    0x1E, 0x05, 0xFF, 0x1E, 0x05, 0xFF, 0xFD, 0x04, 0xFC, 0x1E, 0x05, 0xFF,
    0x5F, 0x05, 0xFF, 0x1E, 0x05, 0xA6, 0xF9, 0x03, 0x0A, 0x00, 0x00, 0x00,
    0xFF, 0x07, 0x02, 0x00, 0x00, 0x00, 0x00, 0x00, 0x00, 0x00, 0x00, 0x00,
    0x00, 0x00, 0x00, 0x00, 0x00, 0x00, 0x00, 0x00, 0x00, 0x00, 0x00, 0x00,
    0x00, 0x00, 0x00, 0x00, 0x00, 0x00, 0x00, 0x00, 0x00, 0x00, 0x00, 0x00,
    0x00, 0x00, 0x00, 0x00, 0x00, 0x00, 0x00, 0x00, 0x00, 0x00, 0x00, 0x00,
    0x00, 0x00, 0x00, 0x00, 0x00, 0x00, 0x00, 0x00, 0x00, 0x00, 0x00, 0x00,
    0x00, 0x00, 0x00, 0x00, 0x00, 0x00, 0x00, 0x00, 0x00, 0x00, 0x00, 0x00,
    0x00, 0x00, 0x00, 0x00, 0x00, 0x00, 0x00, 0x00, 0x00, 0x00, 0x00, 0x00,
    0x00, 0x00, 0x00, 0x00, 0x00, 0x00, 0x00, 0x00, 0x00, 0x00, 0x00, 0x00,
    0x00, 0x00, 0x00, 0x00, 0x00, 0x00, 0x00, 0x00, 0x00, 0x00, 0x00, 0x00,
    0x00, 0x00, 0x00, 0x00, 0x00, 0x00, 0x00, 0x00, 0x00, 0x00, 0x00, 0x00,
    0x00, 0x00, 0x00, 0x00, 0x00, 0x00, 0x00, 0x00, 0x00, 0x00, 0x00, 0x00,
    0x00, 0x00, 0x00, 0x00, 0x00, 0x00, 0x00, 0x00, 0x00, 0x00, 0x00, 0x00,
    0x00, 0x00, 0x00, 0x00, 0x00, 0x00, 0x00, 0x00, 0x00, 0x00, 0x00, 0x00,
    0x00, 0x00, 0x00, 0x00, 0x00, 0x00, 0x00, 0x00, 0x00, 0x00, 0x00, 0x00,
    0x00, 0x00, 0x00, 0x00, 0x00, 0x00, 0x00, 0x00, 0x00, 0x00, 0x00, 0x00,
    0x00, 0x00, 0x00, 0x00, 0x00, 0x00, 0x00, 0x00, 0x00, 0x00, 0x00, 0x00,
    0x00, 0x00, 0x00, 0x00, 0x00, 0x00, 0x00, 0x00, 0x00, 0x00, 0x00, 0x00,
    0x00, 0x00, 0x00, 0x00, 0x00, 0x00, 0x00, 0x00, 0x00, 0x00, 0x00, 0x00,
    0x00, 0x00, 0x00, 0x00, 0x00, 0x00, 0x00, 0x00, 0x00, 0x00, 0x00, 0x00,
    0x00, 0x00, 0x00, 0x00, 0x00, 0x00, 0x00, 0x00, 0x00, 0x00, 0x00, 0x00,
    0x00, 0x00, 0x00, 0x00, 0x00, 0x00, 0x00, 0x00, 0x00, 0x00, 0x00, 0x00,
    0x00, 0x00, 0x00, 0x00, 0x00, 0x00, 0x00, 0x00, 0x00, 0x00, 0x00, 0x00,
    0x00, 0x00, 0x00, 0x00, 0x00, 0x00, 0x00, 0x00, 0x00, 0x00, 0x00, 0x00,
    0x00, 0x00, 0x00, 0x00, 0x00, 0x00, 0x00, 0x00, 0x00, 0x00, 0x00, 0x00,
    0x00, 0x00, 0x00, 0x00, 0x00, 0x00, 0x00, 0x00, 0x00, 0x00, 0x00, 0x00,
    0x00, 0x00, 0x00, 0x00, 0x00, 0x00, 0x00, 0x00, 0x00, 0x00, 0x00, 0x00,
    0x00, 0x00, 0x00, 0x00, 0x00, 0x00, 0x00, 0x00, 0x00, 0x00, 0x00, 0x00,
    0x00, 0x00, 0x00, 0x00, 0x00, 0x00, 0x00, 0x00, 0x00, 0x00, 0x00, 0x00,
    0x00, 0x00, 0x00, 0x00, 0x00, 0x00, 0x00, 0x00, 0x00, 0x00, 0x00, 0x00,
    0x00, 0x00, 0x00, 0x00, 0x00, 0x00, 0x00, 0x00, 0x00, 0x00, 0x00, 0x00,
    0x00, 0x00, 0x00, 0x00, 0x00, 0x00, 0x00, 0x00, 0x00, 0x00, 0x00, 0x00,
    0x00, 0x00, 0x00, 0x00, 0x00, 0x00, 0x00, 0x00, 0x00, 0x00, 0x00, 0x00,
    0x00, 0x00, 0x00, 0x00, 0x00, 0x00, 0x00, 0x00, 0x00, 0x00, 0x00, 0x00,
    0x00, 0x00, 0x00, 0x00, 0x00, 0x00, 0x00, 0x00, 0x00, 0x00, 0x00, 0x00,
    0x00, 0x00, 0x00, 0x00, 0x00, 0x00, 0x00, 0x00, 0x00, 0x00, 0x00, 0x00,
    0x00, 0x00, 0x00, 0x00, 0x00, 0x00, 0x00, 0x00, 0x00, 0x00, 0x00, 0x00,
    0x00, 0x00, 0x00, 0x00, 0x00, 0x00, 0x00, 0x00, 0x00, 0x00, 0x00, 0x00,
    0x00, 0x00, 0x00, 0x00, 0x00, 0x00, 0x00, 0x00, 0x00, 0x00, 0x00, 0x00,
    0x00, 0x00, 0x00, 0x00, 0x00, 0x00, 0x00, 0x00, 0x00, 0x00, 0x00, 0x00,
    0x00, 0x00, 0x00, 0x00, 0x00, 0x00, 0x00, 0x00, 0x00, 0x00, 0x00, 0x00,
    0x00, 0x00, 0x00, 0x00, 0x00, 0x00, 0x00, 0x00, 0x00, 0x00, 0x00, 0x00,
    0x00, 0x00, 0x00, 0x00, 0x00, 0x00, 0x00, 0x00, 0x00, 0x00, 0x00, 0x00,
    0x00, 0x00, 0x00, 0x00, 0x00, 0x00, 0x00, 0x00, 0x00, 0x00, 0x00, 0x00,
    0x00, 0x00, 0x00, 0x00, 0x00, 0x00, 0x00, 0x00, 0x00, 0x00, 0x00, 0x00,
    0x00, 0x00, 0x00, 0x00, 0x00, 0x00, 0x00, 0x00, 0x00, 0x00, 0x00, 0x00,
    0x00, 0x00, 0x00, 0x00, 0x00, 0x00, 0x00, 0x00, 0x00, 0x00, 0x00, 0x00,
    0x00, 0x00, 0x00, 0x00, 0x00, 0x00, 0x00, 0x00, 0x00, 0x00, 0x00, 0x00,
    0x00, 0x00, 0x00, 0x00, 0x00, 0x00, 0x00, 0x00, 0x00, 0x00, 0x00, 0x00,
    0x00, 0x00, 0x00, 0x00, 0x00, 0x00, 0x00, 0x00, 0x00, 0x00, 0x00, 0x00,
    0x00, 0x00, 0x00, 0x00, 0x00, 0x00, 0xE0, 0xFB, 0x02, 0x00, 0x00, 0x00,
    0xE5, 0xF3, 0x37, 0xE5, 0xFB, 0x95, 0x00, 0x00, 0x00, 0xAA, 0xFA, 0x03,
    0x00, 0xF8, 0x01, 0x1F, 0x00, 0x01, 0x00, 0x00, 0x00, 0x00, 0x00, 0x00,
    0x1D, 0x05, 0x97, 0x7F, 0x05, 0xFF, 0x1E, 0x05, 0xFE, 0x1E, 0x05, 0xF9,
    0x3F, 0x05, 0xFF, 0x5F, 0x05, 0xFF, 0x1E, 0x05, 0xD1, 0x1E, 0x05, 0x77,
    0xFE, 0x04, 0x28, 0x00, 0x00, 0x00, 0x00, 0x00, 0x00, 0x00, 0x00, 0x00,
    0x00, 0x00, 0x00, 0x00, 0x00, 0x00, 0x00, 0x00, 0x00, 0x00, 0x00, 0x00,
    0x00, 0x00, 0x00, 0x00, 0x00, 0x00, 0x00, 0x00, 0x00, 0x00, 0x00, 0x00,
    0xFF, 0x07, 0x01, 0x1E, 0x05, 0x2F, 0x1D, 0x05, 0x86, 0x1E, 0x05, 0xE9,
    0x5F, 0x05, 0xFF, 0x1E, 0x05, 0xFF, 0x1D, 0x05, 0xFE, 0x1E, 0x05, 0xFF,
    0x1E, 0x05, 0xFF, 0x1E, 0x05, 0xFE, 0x1E, 0x05, 0xFC, 0x5F, 0x05, 0xFF,
    0x1E, 0x05, 0xC1, 0x9D, 0x04, 0x0E, 0x00, 0x00, 0x00, 0xFF, 0x03, 0x02,
    0x00, 0x00, 0x00, 0x00, 0x00, 0x00, 0x00, 0x00, 0x00, 0x00, 0x00, 0x00,
    0x00, 0x00, 0x00, 0x00, 0x00, 0x00, 0x00, 0x00, 0x00, 0x00, 0x00, 0x00,
    0x00, 0x00, 0x00, 0x00, 0x00, 0x00, 0x00, 0x00, 0x00, 0x00, 0x00, 0x00,
    0x00, 0x00, 0x00, 0x00, 0x00, 0x00, 0x00, 0x00, 0x00, 0x00, 0x00, 0x00,
    0x00, 0x00, 0x00, 0x00, 0x00, 0x00, 0x00, 0x00, 0x00, 0x00, 0x00, 0x00,
    0x00, 0x00, 0x00, 0x00, 0x00, 0x00, 0x00, 0x00, 0x00, 0x00, 0x00, 0x00,
    0x00, 0x00, 0x00, 0x00, 0x00, 0x00, 0x00, 0x00, 0x00, 0x00, 0x00, 0x00,
    0x00, 0x00, 0x00, 0x00, 0x00, 0x00, 0x00, 0x00, 0x00, 0x00, 0x00, 0x00,
    0x00, 0x00, 0x00, 0x00, 0x00, 0x00, 0x00, 0x00, 0x00, 0x00, 0x00, 0x00,
    0x00, 0x00, 0x00, 0x00, 0x00, 0x00, 0x00, 0x00, 0x00, 0x00, 0x00, 0x00,
    0x00, 0x00, 0x00, 0x00, 0x00, 0x00, 0x00, 0x00, 0x00, 0x00, 0x00, 0x00,
    0x00, 0x00, 0x00, 0x00, 0x00, 0x00, 0x00, 0x00, 0x00, 0x00, 0x00, 0x00,
    0x00, 0x00, 0x00, 0x00, 0x00, 0x00, 0x00, 0x00, 0x00, 0x00, 0x00, 0x00,
    0x00, 0x00, 0x00, 0x00, 0x00, 0x00, 0x00, 0x00, 0x00, 0x00, 0x00, 0x00,
    0x00, 0x00, 0x00, 0x00, 0x00, 0x00, 0x00, 0x00, 0x00, 0x00, 0x00, 0x00,
    0x00, 0x00, 0x00, 0x00, 0x00, 0x00, 0x00, 0x00, 0x00, 0x00, 0x00, 0x00,
    0x00, 0x00, 0x00, 0x00, 0x00, 0x00, 0x00, 0x00, 0x00, 0x00, 0x00, 0x00,
    0x00, 0x00, 0x00, 0x00, 0x00, 0x00, 0x00, 0x00, 0x00, 0x00, 0x00, 0x00,
    0x00, 0x00, 0x00, 0x00, 0x00, 0x00, 0x00, 0x00, 0x00, 0x00, 0x00, 0x00,
    0x00, 0x00, 0x00, 0x00, 0x00, 0x00, 0x00, 0x00, 0x00, 0x00, 0x00, 0x00,
    0x00, 0x00, 0x00, 0x00, 0x00, 0x00, 0x00, 0x00, 0x00, 0x00, 0x00, 0x00,
    0x00, 0x00, 0x00, 0x00, 0x00, 0x00, 0x00, 0x00, 0x00, 0x00, 0x00, 0x00,
    0x00, 0x00, 0x00, 0x00, 0x00, 0x00, 0x00, 0x00, 0x00, 0x00, 0x00, 0x00,
    0x00, 0x00, 0x00, 0x00, 0x00, 0x00, 0x00, 0x00, 0x00, 0x00, 0x00, 0x00,
    0x00, 0x00, 0x00, 0x00, 0x00, 0x00, 0x00, 0x00, 0x00, 0x00, 0x00, 0x00,
    0x00, 0x00, 0x00, 0x00, 0x00, 0x00, 0x00, 0x00, 0x00, 0x00, 0x00, 0x00,
    0x00, 0x00, 0x00, 0x00, 0x00, 0x00, 0x00, 0x00, 0x00, 0x00, 0x00, 0x00,
    0x00, 0x00, 0x00, 0x00, 0x00, 0x00, 0x00, 0x00, 0x00, 0x00, 0x00, 0x00,
    0x00, 0x00, 0x00, 0x00, 0x00, 0x00, 0x00, 0x00, 0x00, 0x00, 0x00, 0x00,
    0x00, 0x00, 0x00, 0x00, 0x00, 0x00, 0x00, 0x00, 0x00, 0x00, 0x00, 0x00,
    0x00, 0x00, 0x00, 0x00, 0x00, 0x00, 0x00, 0x00, 0x00, 0x00, 0x00, 0x00,
    0x00, 0x00, 0x00, 0x00, 0x00, 0x00, 0x00, 0x00, 0x00, 0x00, 0x00, 0x00,
    0x00, 0x00, 0x00, 0x00, 0x00, 0x00, 0x00, 0x00, 0x00, 0x00, 0x00, 0x00,
    0x00, 0x00, 0x00, 0x00, 0x00, 0x00, 0x00, 0x00, 0x00, 0x00, 0x00, 0x00,
    0x00, 0x00, 0x00, 0x00, 0x00, 0x00, 0x00, 0x00, 0x00, 0x00, 0x00, 0x00,
    0x00, 0x00, 0x00, 0x00, 0x00, 0x00, 0x00, 0x00, 0x00, 0x00, 0x00, 0x00,
    0x00, 0x00, 0x00, 0x00, 0x00, 0x00, 0x00, 0x00, 0x00, 0x00, 0x00, 0x00,
    0x00, 0x00, 0x00, 0x00, 0x00, 0x00, 0x00, 0x00, 0x00, 0x00, 0x00, 0x00,
    0x00, 0x00, 0x00, 0x00, 0x00, 0x00, 0x00, 0x00, 0x00, 0x00, 0x00, 0x00,
    0x00, 0x00, 0x00, 0x00, 0x00, 0x00, 0x00, 0x00, 0x00, 0x00, 0x00, 0x00,
    0x00, 0x00, 0x00, 0x00, 0x00, 0x00, 0x00, 0x00, 0x00, 0x00, 0x00, 0x00,
    0x00, 0x00, 0x00, 0x00, 0x00, 0x00, 0x00, 0x00, 0x00, 0x00, 0x00, 0x00,
    0x00, 0x00, 0x00, 0x00, 0x00, 0x00, 0x00, 0x00, 0x00, 0x00, 0x00, 0x00,
    0x00, 0x00, 0x00, 0x00, 0x00, 0x00, 0x00, 0x00, 0x00, 0x00, 0x00, 0x00,
    0x00, 0x00, 0x00, 0x00, 0x00, 0x00, 0x00, 0x00, 0x00, 0x00, 0x00, 0x00,
    0x00, 0x00, 0x00, 0x00, 0x00, 0x00, 0x00, 0x00, 0x00, 0x00, 0x00, 0x00,
    0x00, 0x00, 0x00, 0x00, 0x00, 0x00, 0x00, 0x00, 0x00, 0x00, 0x00, 0x00,
    0x00, 0x00, 0x00, 0x00, 0x00, 0x00, 0x00, 0x00, 0x00, 0x00, 0x00, 0x00,
    0x00, 0x00, 0x00, 0x00, 0x00, 0x00, 0x00, 0x00, 0x00, 0x00, 0x00, 0x00,
    0x00, 0x00, 0x00, 0xE7, 0xFB, 0x04, 0x00, 0x00, 0x00, 0xE5, 0xFB, 0x66,
    0xE5, 0xF3, 0xA2, 0x00, 0x00, 0x00, 0xA0, 0xFA, 0x03, 0xEF, 0x7B, 0x02,
    0xFF, 0x03, 0x02, 0x1E, 0x05, 0x93, 0x5F, 0x05, 0xFF, 0x1E, 0x05, 0xFB,
    0x1D, 0x05, 0xFC, 0x5F, 0x05, 0xFF, 0x1E, 0x05, 0xE1, 0x1E, 0x05, 0x63,
    0xD9, 0x04, 0x05, 0x00, 0x00, 0x00, 0x00, 0x00, 0x00, 0x00, 0x00, 0x00,
    0x55, 0x05, 0x03, 0xF7, 0x03, 0x04, 0x5F, 0x05, 0x03, 0x55, 0x05, 0x03,
    0xFF, 0x03, 0x02, 0xFF, 0x03, 0x02, 0x5F, 0x05, 0x03, 0x5F, 0x05, 0x03,
    0x5F, 0x05, 0x03, 0x5F, 0x05, 0x03, 0x00, 0x00, 0x00, 0x00, 0x00, 0x00,
    0x00, 0x00, 0x00, 0xFD, 0x04, 0x1D, 0x1E, 0x05, 0x91, 0x3E, 0x05, 0xFF,
    0x3E, 0x05, 0xFF, 0x1E, 0x05, 0xFD, 0x1E, 0x05, 0xFF, 0x1E, 0x05, 0xFF,
    0x1E, 0x05, 0xFF, 0x1E, 0x05, 0xFB, 0x5F, 0x05, 0xFF, 0x1E, 0x05, 0xCC,
    0x1E, 0x05, 0x13, 0x00, 0x00, 0x00, 0xEF, 0x03, 0x02, 0x00, 0x00, 0x00,
    0x00, 0x00, 0x00, 0x00, 0x00, 0x00, 0x00, 0x00, 0x00, 0x00, 0x00, 0x00,
    0x00, 0x00, 0x00, 0x00, 0x00, 0x00, 0x00, 0x00, 0x00, 0x00, 0x00, 0x00,
    0x00, 0x00, 0x00, 0x00, 0x00, 0x00, 0x00, 0x00, 0x00, 0x00, 0x00, 0x00,
    0x00, 0x00, 0x00, 0x00, 0x00, 0x00, 0x00, 0x00, 0x00, 0x00, 0x00, 0x00,
    0x00, 0x00, 0x00, 0x00, 0x00, 0x00, 0x00, 0x00, 0x00, 0x00, 0x00, 0x00,
    0x00, 0x00, 0x00, 0x00, 0x00, 0x00, 0x00, 0x00, 0x00, 0x00, 0x00, 0x00,
    0x00, 0x00, 0x00, 0x00, 0x00, 0x00, 0x00, 0x00, 0x00, 0x00, 0x00, 0x00,
    0x00, 0x00, 0x00, 0x00, 0x00, 0x00, 0x00, 0x00, 0x00, 0x00, 0x00, 0x00,
    0x00, 0x00, 0x00, 0x00, 0x00, 0x00, 0x00, 0x00, 0x00, 0x00, 0x00, 0x00,
    0x00, 0x00, 0x00, 0x00, 0x00, 0x00, 0x00, 0x00, 0x00, 0x00, 0x00, 0x00,
    0x00, 0x00, 0x00, 0x00, 0x00, 0x00, 0x00, 0x00, 0x00, 0x00, 0x00, 0x00,
    0x00, 0x00, 0x00, 0x00, 0x00, 0x00, 0x00, 0x00, 0x00, 0x00, 0x00, 0x00,
    0x00, 0x00, 0x00, 0x00, 0x00, 0x00, 0x00, 0x00, 0x00, 0x00, 0x00, 0x00,
    0x00, 0x00, 0x00, 0x00, 0x00, 0x00, 0x00, 0x00, 0x00, 0x00, 0x00, 0x00,
    0x00, 0x00, 0x00, 0x00, 0x00, 0x00, 0x00, 0x00, 0x00, 0x00, 0x00, 0x00,
    0x00, 0x00, 0x00, 0x00, 0x00, 0x00, 0x00, 0x00, 0x00, 0x00, 0x00, 0x00,
    0x00, 0x00, 0x00, 0x00, 0x00, 0x00, 0x00, 0x00, 0x00, 0x00, 0x00, 0x00,
    0x00, 0x00, 0x00, 0x00, 0x00, 0x00, 0x00, 0x00, 0x00, 0x00, 0x00, 0x00,
    0x00, 0x00, 0x00, 0x00, 0x00, 0x00, 0x00, 0x00, 0x00, 0x00, 0x00, 0x00,
    0x00, 0x00, 0x00, 0x00, 0x00, 0x00, 0x00, 0x00, 0x00, 0x00, 0x00, 0x00,
    0x00, 0x00, 0x00, 0x00, 0x00, 0x00, 0x00, 0x00, 0x00, 0x00, 0x00, 0x00,
    0x00, 0x00, 0x00, 0x00, 0x00, 0x00, 0x00, 0x00, 0x00, 0x00, 0x00, 0x00,
    0x00, 0x00, 0x00, 0x00, 0x00, 0x00, 0x00, 0x00, 0x00, 0x00, 0x00, 0x00,
    0x00, 0x00, 0x00, 0x00, 0x00, 0x00, 0x00, 0x00, 0x00, 0x00, 0x00, 0x00,
    0x00, 0x00, 0x00, 0x00, 0x00, 0x00, 0x00, 0x00, 0x00, 0x00, 0x00, 0x00,
    0x00, 0x00, 0x00, 0x00, 0x00, 0x00, 0x00, 0x00, 0x00, 0x00, 0x00, 0x00,
    0x00, 0x00, 0x00, 0x00, 0x00, 0x00, 0x00, 0x00, 0x00, 0x00, 0x00, 0x00,
    0x00, 0x00, 0x00, 0x00, 0x00, 0x00, 0x00, 0x00, 0x00, 0x00, 0x00, 0x00,
    0x00, 0x00, 0x00, 0x00, 0x00, 0x00, 0x00, 0x00, 0x00, 0x00, 0x00, 0x00,
    0x00, 0x00, 0x00, 0x00, 0x00, 0x00, 0x00, 0x00, 0x00, 0x00, 0x00, 0x00,
    0x00, 0x00, 0x00, 0x00, 0x00, 0x00, 0x00, 0x00, 0x00, 0x00, 0x00, 0x00,
    0x00, 0x00, 0x00, 0x00, 0x00, 0x00, 0x00, 0x00, 0x00, 0x00, 0x00, 0x00,
    0x00, 0x00, 0x00, 0x00, 0x00, 0x00, 0x00, 0x00, 0x00, 0x00, 0x00, 0x00,
    0x00, 0x00, 0x00, 0x00, 0x00, 0x00, 0x00, 0x00, 0x00, 0x00, 0x00, 0x00,
    0x00, 0x00, 0x00, 0x00, 0x00, 0x00, 0x00, 0x00, 0x00, 0x00, 0x00, 0x00,
    0x00, 0x00, 0x00, 0x00, 0x00, 0x00, 0x00, 0x00, 0x00, 0x00, 0x00, 0x00,
    0x00, 0x00, 0x00, 0x00, 0x00, 0x00, 0x00, 0x00, 0x00, 0x00, 0x00, 0x00,
    0x00, 0x00, 0x00, 0x00, 0x00, 0x00, 0x00, 0x00, 0x00, 0x00, 0x00, 0x00,
    0x00, 0x00, 0x00, 0x00, 0x00, 0x00, 0x00, 0x00, 0x00, 0x00, 0x00, 0x00,
    0x00, 0x00, 0x00, 0x00, 0x00, 0x00, 0x00, 0x00, 0x00, 0x00, 0x00, 0x00,
    0x00, 0x00, 0x00, 0x00, 0x00, 0x00, 0x00, 0x00, 0x00, 0x00, 0x00, 0x00,
    0x00, 0x00, 0x00, 0x00, 0x00, 0x00, 0x00, 0x00, 0x00, 0x00, 0x00, 0x00,
    0x00, 0x00, 0x00, 0x00, 0x00, 0x00, 0x00, 0x00, 0x00, 0x00, 0x00, 0x00,
    0x00, 0x00, 0x00, 0x00, 0x00, 0x00, 0x00, 0x00, 0x00, 0x00, 0x00, 0x00,
    0x00, 0x00, 0x00, 0x00, 0x00, 0x00, 0x00, 0x00, 0x00, 0x00, 0x00, 0x00,
    0x00, 0x00, 0x00, 0x00, 0x00, 0x00, 0x00, 0x00, 0x00, 0x00, 0x00, 0x00,
    0x00, 0x00, 0x00, 0x00, 0x00, 0x00, 0x00, 0x00, 0x00, 0x00, 0x00, 0x00,
    0x00, 0x00, 0x00, 0x00, 0x00, 0x00, 0x00, 0x00, 0x00, 0x00, 0x00, 0x00,
    0x00, 0x00, 0x00, 0x00, 0x00, 0x00, 0x00, 0x00, 0x00, 0x00, 0x00, 0x00,
    0x4A, 0xFD, 0x03, 0x00, 0xF8, 0x01, 0xE5, 0xF3, 0xA4, 0xC5, 0xF3, 0x8E,
    0x00, 0x00, 0x00, 0x00, 0xF8, 0x01, 0x1E, 0x05, 0x8F, 0x9F, 0x05, 0xFF,
    0x1E, 0x05, 0xF8, 0x1E, 0x05, 0xFC, 0x5F, 0x05, 0xFF, 0x1E, 0x05, 0xA0,
    0xFD, 0x04, 0x1A, 0x00, 0x00, 0x00, 0x00, 0x00, 0x00, 0x5F, 0x05, 0x03,
    0xFF, 0x03, 0x02, 0x00, 0x00, 0x00, 0x00, 0x00, 0x00, 0x00, 0x00, 0x00,
    0x00, 0x00, 0x00, 0x00, 0x00, 0x00, 0x00, 0x00, 0x00, 0x00, 0x00, 0x00,
    0x00, 0x00, 0x00, 0x00, 0x00, 0x00, 0x00, 0x00, 0x00, 0x00, 0x00, 0x00,
    0x00, 0x00, 0x00, 0xFF, 0x03, 0x02, 0x5F, 0x05, 0x03, 0x00, 0x00, 0x00,
    0x00, 0x00, 0x00, 0x1E, 0x05, 0x52, 0x1E, 0x05, 0xEB, 0x3E, 0x05, 0xFF,
    0x1D, 0x05, 0xFE, 0x1E, 0x05, 0xFF, 0x1E, 0x05, 0xFF, 0x1E, 0x05, 0xFF,
    0x1D, 0x05, 0xFB, 0x7F, 0x05, 0xFF, 0x1E, 0x05, 0xBA, 0xBF, 0x05, 0x07,
    0xB5, 0x02, 0x03, 0xFF, 0x07, 0x01, 0x00, 0x00, 0x00, 0x00, 0x00, 0x00,
    0x00, 0x00, 0x00, 0x00, 0x00, 0x00, 0x00, 0x00, 0x00, 0x00, 0x00, 0x00,
    0x00, 0x00, 0x00, 0x00, 0x00, 0x00, 0x00, 0x00, 0x00, 0x00, 0x00, 0x00,
    0x00, 0x00, 0x00, 0x00, 0x00, 0x00, 0x00, 0x00, 0x00, 0x00, 0x00, 0x00,
    0x00, 0x00, 0x00, 0x00, 0x00, 0x00, 0x00, 0x00, 0x00, 0x00, 0x00, 0x00,
    0x00, 0x00, 0x00, 0x00, 0x00, 0x00, 0x00, 0x00, 0x00, 0x00, 0x00, 0x00,
    0x00, 0x00, 0x00, 0x00, 0x00, 0x00, 0x00, 0x00, 0x00, 0x00, 0x00, 0x00,
    0x00, 0x00, 0x00, 0x00, 0x00, 0x00, 0x00, 0x00, 0x00, 0x00, 0x00, 0x00,
    0x00, 0x00, 0x00, 0x00, 0x00, 0x00, 0x00, 0x00, 0x00, 0x00, 0x00, 0x00,
    0x00, 0x00, 0x00, 0x00, 0x00, 0x00, 0x00, 0x00, 0x00, 0x00, 0x00, 0x00,
    0x00, 0x00, 0x00, 0x00, 0x00, 0x00, 0x00, 0x00, 0x00, 0x00, 0x00, 0x00,
    0x00, 0x00, 0x00, 0x00, 0x00, 0x00, 0x00, 0x00, 0x00, 0x00, 0x00, 0x00,
    0x00, 0x00, 0x00, 0x00, 0x00, 0x00, 0x00, 0x00, 0x00, 0x00, 0x00, 0x00,
    0x00, 0x00, 0x00, 0x00, 0x00, 0x00, 0x00, 0x00, 0x00, 0x00, 0x00, 0x00,
    0x00, 0x00, 0x00, 0x00, 0x00, 0x00, 0x00, 0x00, 0x00, 0x00, 0x00, 0x00,
    0x00, 0x00, 0x00, 0x00, 0x00, 0x00, 0x00, 0x00, 0x00, 0x00, 0x00, 0x00,
    0x00, 0x00, 0x00, 0x00, 0x00, 0x00, 0x00, 0x00, 0x00, 0x00, 0x00, 0x00,
    0x00, 0x00, 0x00, 0x00, 0x00, 0x00, 0x00, 0x00, 0x00, 0x00, 0x00, 0x00,
    0x00, 0x00, 0x00, 0x00, 0x00, 0x00, 0x00, 0x00, 0x00, 0x00, 0x00, 0x00,
    0x00, 0x00, 0x00, 0x00, 0x00, 0x00, 0x00, 0x00, 0x00, 0x00, 0x00, 0x00,
    0x00, 0x00, 0x00, 0x00, 0x00, 0x00, 0x00, 0x00, 0x00, 0x00, 0x00, 0x00,
    0x00, 0x00, 0x00, 0x00, 0x00, 0x00, 0x00, 0x00, 0x00, 0x00, 0x00, 0x00,
    0x00, 0x00, 0x00, 0x00, 0x00, 0x00, 0x00, 0x00, 0x00, 0x00, 0x00, 0x00,
    0x00, 0x00, 0x00, 0x00, 0x00, 0x00, 0x00, 0x00, 0x00, 0x00, 0x00, 0x00,
    0x00, 0x00, 0x00, 0x00, 0x00, 0x00, 0x00, 0x00, 0x00, 0x00, 0x00, 0x00,
    0x00, 0x00, 0x00, 0x00, 0x00, 0x00, 0x00, 0x00, 0x00, 0x00, 0x00, 0x00,
    0x00, 0x00, 0x00, 0x00, 0x00, 0x00, 0x00, 0x00, 0x00, 0x00, 0x00, 0x00,
    0x00, 0x00, 0x00, 0x00, 0x00, 0x00, 0x00, 0x00, 0x00, 0x00, 0x00, 0x00,
    0x00, 0x00, 0x00, 0x00, 0x00, 0x00, 0x00, 0x00, 0x00, 0x00, 0x00, 0x00,
    0x00, 0x00, 0x00, 0x00, 0x00, 0x00, 0x00, 0x00, 0x00, 0x00, 0x00, 0x00,
    0x00, 0x00, 0x00, 0x00, 0x00, 0x00, 0x00, 0x00, 0x00, 0x00, 0x00, 0x00,
    0x00, 0x00, 0x00, 0x00, 0x00, 0x00, 0x00, 0x00, 0x00, 0x00, 0x00, 0x00,
    0x00, 0x00, 0x00, 0x00, 0x00, 0x00, 0x00, 0x00, 0x00, 0x00, 0x00, 0x00,
    0x00, 0x00, 0x00, 0x00, 0x00, 0x00, 0x00, 0x00, 0x00, 0x00, 0x00, 0x00,
    0x00, 0x00, 0x00, 0x00, 0x00, 0x00, 0x00, 0x00, 0x00, 0x00, 0x00, 0x00,
    0x00, 0x00, 0x00, 0x00, 0x00, 0x00, 0x00, 0x00, 0x00, 0x00, 0x00, 0x00,
    0x00, 0x00, 0x00, 0x00, 0x00, 0x00, 0x00, 0x00, 0x00, 0x00, 0x00, 0x00,
    0x00, 0x00, 0x00, 0x00, 0x00, 0x00, 0x00, 0x00, 0x00, 0x00, 0x00, 0x00,
    0x00, 0x00, 0x00, 0x00, 0x00, 0x00, 0x00, 0x00, 0x00, 0x00, 0x00, 0x00,
    0x00, 0x00, 0x00, 0x00, 0x00, 0x00, 0x00, 0x00, 0x00, 0x00, 0x00, 0x00,
    0x00, 0x00, 0x00, 0x00, 0x00, 0x00, 0x00, 0x00, 0x00, 0x00, 0x00, 0x00,
    0x00, 0x00, 0x00, 0x00, 0x00, 0x00, 0x00, 0x00, 0x00, 0x00, 0x00, 0x00,
    0x00, 0x00, 0x00, 0x00, 0x00, 0x00, 0x00, 0x00, 0x00, 0x00, 0x00, 0x00,
    0x00, 0x00, 0x00, 0x00, 0x00, 0x00, 0x00, 0x00, 0x00, 0x00, 0x00, 0x00,
    0x00, 0x00, 0x00, 0x00, 0x00, 0x00, 0x00, 0x00, 0x00, 0x00, 0x00, 0x00,
    0x00, 0x00, 0x00, 0x00, 0x00, 0x00, 0x00, 0x00, 0x00, 0x00, 0x00, 0x00,
    0x00, 0x00, 0x00, 0x00, 0x00, 0x00, 0x00, 0x00, 0x00, 0x00, 0x00, 0x00,
    0x00, 0x00, 0x00, 0x00, 0x00, 0x00, 0x00, 0x00, 0x00, 0x00, 0x00, 0x00,
    0x00, 0x00, 0x00, 0x00, 0x00, 0x00, 0x00, 0x00, 0x00, 0x00, 0x00, 0x00,
    0x00, 0x00, 0x00, 0x00, 0x00, 0x00, 0xE0, 0xFF, 0x01, 0x00, 0x00, 0x00,
    0xEF, 0xFB, 0x02, 0xE5, 0xF3, 0xDD, 0x05, 0xF4, 0x7B, 0x00, 0x00, 0x00,
    0x1D, 0x05, 0x6D, 0x3E, 0x05, 0xFA, 0x3E, 0x05, 0xFF, 0x5F, 0x05, 0xFF,
    0x1E, 0x05, 0x7E, 0x00, 0x00, 0x00, 0x00, 0x00, 0x00, 0xF7, 0x03, 0x04,
    0x00, 0x00, 0x00, 0x00, 0x00, 0x00, 0x00, 0x00, 0x00, 0x00, 0x00, 0x00,
    0x00, 0x00, 0x00, 0x00, 0x00, 0x00, 0x00, 0x00, 0x00, 0x00, 0x00, 0x00,
    0x00, 0x00, 0x00, 0x00, 0x00, 0x00, 0x00, 0x00, 0x00, 0x00, 0x00, 0x00,
    0x00, 0x00, 0x00, 0x00, 0x00, 0x00, 0x00, 0x00, 0x00, 0x00, 0x00, 0x00,
    0x00, 0x00, 0x00, 0xFF, 0x07, 0x01, 0xFF, 0x05, 0x04, 0x00, 0x00, 0x00,
    0xFD, 0x04, 0x2F, 0x1E, 0x05, 0xEE, 0x3E, 0x05, 0xFD, 0x1E, 0x05, 0xFE,
    0x1E, 0x05, 0xFF, 0x1E, 0x05, 0xFF, 0x1E, 0x05, 0xFF, 0x1E, 0x05, 0xFA,
    0x7F, 0x05, 0xFF, 0x1D, 0x05, 0x87, 0x00, 0x00, 0x00, 0x5F, 0x05, 0x03,
    0x00, 0x00, 0x00, 0x00, 0x00, 0x00, 0x00, 0x00, 0x00, 0x00, 0x00, 0x00,
    0x00, 0x00, 0x00, 0x00, 0x00, 0x00, 0x00, 0x00, 0x00, 0x00, 0x00, 0x00,
    0x00, 0x00, 0x00, 0x00, 0x00, 0x00, 0x00, 0x00, 0x00, 0x00, 0x00, 0x00,
    0x00, 0x00, 0x00, 0x00, 0x00, 0x00, 0x00, 0x00, 0x00, 0x00, 0x00, 0x00,
    0x00, 0x00, 0x00, 0x00, 0x00, 0x00, 0x00, 0x00, 0x00, 0x00, 0x00, 0x00,
    0x00, 0x00, 0x00, 0x00, 0x00, 0x00, 0x00, 0x00, 0x00, 0x00, 0x00, 0x00,
    0x00, 0x00, 0x00, 0x00, 0x00, 0x00, 0x00, 0x00, 0x00, 0x00, 0x00, 0x00,
    0x00, 0x00, 0x00, 0x00, 0x00, 0x00, 0x00, 0x00, 0x00, 0x00, 0x00, 0x00,
    0x00, 0x00, 0x00, 0x00, 0x00, 0x00, 0x00, 0x00, 0x00, 0x00, 0x00, 0x00,
    0x00, 0x00, 0x00, 0x00, 0x00, 0x00, 0x00, 0x00, 0x00, 0x00, 0x00, 0x00,
    0x00, 0x00, 0x00, 0x00, 0x00, 0x00, 0x00, 0x00, 0x00, 0x00, 0x00, 0x00,
    0x00, 0x00, 0x00, 0x00, 0x00, 0x00, 0x00, 0x00, 0x00, 0x00, 0x00, 0x00,
    0x00, 0x00, 0x00, 0x00, 0x00, 0x00, 0x00, 0x00, 0x00, 0x00, 0x00, 0x00,
    0x00, 0x00, 0x00, 0x00, 0x00, 0x00, 0x00, 0x00, 0x00, 0x00, 0x00, 0x00,
    0x00, 0x00, 0x00, 0x00, 0x00, 0x00, 0x00, 0x00, 0x00, 0x00, 0x00, 0x00,
    0x00, 0x00, 0x00, 0x00, 0x00, 0x00, 0x00, 0x00, 0x00, 0x00, 0x00, 0x00,
    0x00, 0x00, 0x00, 0x00, 0x00, 0x00, 0x00, 0x00, 0x00, 0x00, 0x00, 0x00,
    0x00, 0x00, 0x00, 0x00, 0x00, 0x00, 0x00, 0x00, 0x00, 0x00, 0x00, 0x00,
    0x00, 0x00, 0x00, 0x00, 0x00, 0x00, 0x00, 0x00, 0x00, 0x00, 0x00, 0x00,
    0x00, 0x00, 0x00, 0x00, 0x00, 0x00, 0x00, 0x00, 0x00, 0x00, 0x00, 0x00,
    0x00, 0x00, 0x00, 0x00, 0x00, 0x00, 0x00, 0x00, 0x00, 0x00, 0x00, 0x00,
    0x00, 0x00, 0x00, 0x00, 0x00, 0x00, 0x00, 0x00, 0x00, 0x00, 0x00, 0x00,
    0x00, 0x00, 0x00, 0x00, 0x00, 0x00, 0x00, 0x00, 0x00, 0x00, 0x00, 0x00,
    0x00, 0x00, 0x00, 0x00, 0x00, 0x00, 0x00, 0x00, 0x00, 0x00, 0x00, 0x00,
    0x00, 0x00, 0x00, 0x00, 0x00, 0x00, 0x00, 0x00, 0x00, 0x00, 0x00, 0x00,
    0x00, 0x00, 0x00, 0x00, 0x00, 0x00, 0x00, 0x00, 0x00, 0x00, 0x00, 0x00,
    0x00, 0x00, 0x00, 0x00, 0x00, 0x00, 0x00, 0x00, 0x00, 0x00, 0x00, 0x00,
    0x00, 0x00, 0x00, 0x00, 0x00, 0x00, 0x00, 0x00, 0x00, 0x00, 0x00, 0x00,
    0x00, 0x00, 0x00, 0x00, 0x00, 0x00, 0x00, 0x00, 0x00, 0x00, 0x00, 0x00,
    0x00, 0x00, 0x00, 0x00, 0x00, 0x00, 0x00, 0x00, 0x00, 0x00, 0x00, 0x00,
    0x00, 0x00, 0x00, 0x00, 0x00, 0x00, 0x00, 0x00, 0x00, 0x00, 0x00, 0x00,
    0x00, 0x00, 0x00, 0x00, 0x00, 0x00, 0x00, 0x00, 0x00, 0x00, 0x00, 0x00,
    0x00, 0x00, 0x00, 0x00, 0x00, 0x00, 0x00, 0x00, 0x00, 0x00, 0x00, 0x00,
    0x00, 0x00, 0x00, 0x00, 0x00, 0x00, 0x00, 0x00, 0x00, 0x00, 0x00, 0x00,
    0x00, 0x00, 0x00, 0x00, 0x00, 0x00, 0x00, 0x00, 0x00, 0x00, 0x00, 0x00,
    0x00, 0x00, 0x00, 0x00, 0x00, 0x00, 0x00, 0x00, 0x00, 0x00, 0x00, 0x00,
    0x00, 0x00, 0x00, 0x00, 0x00, 0x00, 0x00, 0x00, 0x00, 0x00, 0x00, 0x00,
    0x00, 0x00, 0x00, 0x00, 0x00, 0x00, 0x00, 0x00, 0x00, 0x00, 0x00, 0x00,
    0x00, 0x00, 0x00, 0x00, 0x00, 0x00, 0x00, 0x00, 0x00, 0x00, 0x00, 0x00,
    0x00, 0x00, 0x00, 0x00, 0x00, 0x00, 0x00, 0x00, 0x00, 0x00, 0x00, 0x00,
    0x00, 0x00, 0x00, 0x00, 0x00, 0x00, 0x00, 0x00, 0x00, 0x00, 0x00, 0x00,
    0x00, 0x00, 0x00, 0x00, 0x00, 0x00, 0x00, 0x00, 0x00, 0x00, 0x00, 0x00,
    0x00, 0x00, 0x00, 0x00, 0x00, 0x00, 0x00, 0x00, 0x00, 0x00, 0x00, 0x00,
    0x00, 0x00, 0x00, 0x00, 0x00, 0x00, 0x00, 0x00, 0x00, 0x00, 0x00, 0x00,
    0x00, 0x00, 0x00, 0x00, 0x00, 0x00, 0x00, 0x00, 0x00, 0x00, 0x00, 0x00,
    0x00, 0x00, 0x00, 0x00, 0x00, 0x00, 0x00, 0x00, 0x00, 0x00, 0x00, 0x00,
    0x00, 0x00, 0x00, 0x00, 0x00, 0x00, 0x00, 0x00, 0x00, 0x00, 0x00, 0x00,
    0x00, 0x00, 0x00, 0x00, 0x00, 0x00, 0x00, 0x00, 0x00, 0x00, 0x00, 0x00,
    0x00, 0x00, 0x00, 0x00, 0x00, 0x00, 0x00, 0x00, 0x00, 0x00, 0x00, 0x00,
    0x00, 0x00, 0x00, 0xE0, 0xFB, 0x02, 0x00, 0x00, 0x00, 0xE5, 0xF3, 0x25,
    0x05, 0xFC, 0xFF, 0xE5, 0xF3, 0x81, 0x00, 0x00, 0x00, 0xFC, 0x0C, 0x4B,
    0x3E, 0x05, 0xEE, 0xFD, 0x04, 0x76, 0x00, 0x00, 0x00, 0xFF, 0x07, 0x02,
    0xFF, 0x03, 0x02, 0x00, 0x00, 0x00, 0x00, 0x00, 0x00, 0x00, 0x00, 0x00,
    0x00, 0x00, 0x00, 0x00, 0x00, 0x00, 0x00, 0x00, 0x00, 0x00, 0x00, 0x00,
    0x00, 0x00, 0x00, 0x00, 0x00, 0x00, 0x00, 0x00, 0x00, 0x00, 0x00, 0x00,
    0x00, 0x00, 0x00, 0x00, 0x00, 0x00, 0x00, 0x00, 0x00, 0x00, 0x00, 0x00,
    0x00, 0x00, 0x00, 0x00, 0x00, 0x00, 0x00, 0x00, 0x00, 0x00, 0x00, 0x00,
    0x00, 0x00, 0x00, 0xFF, 0x05, 0x04, 0x00, 0x00, 0x00, 0x1D, 0x05, 0x46,
    0x3E, 0x05, 0xFF, 0x1E, 0x05, 0xFD, 0x1E, 0x05, 0xFE, 0x1E, 0x05, 0xFF,
    0x1E, 0x05, 0xFF, 0x1E, 0x05, 0xFE, 0x1E, 0x05, 0xFB, 0x5F, 0x05, 0xFF,
    0x1E, 0x05, 0x5B, 0x00, 0x00, 0x00, 0x5F, 0x05, 0x03, 0x00, 0x00, 0x00,
    0x00, 0x00, 0x00, 0x00, 0x00, 0x00, 0x00, 0x00, 0x00, 0x00, 0x00, 0x00,
    0x00, 0x00, 0x00, 0x00, 0x00, 0x00, 0x00, 0x00, 0x00, 0x00, 0x00, 0x00,
    0x00, 0x00, 0x00, 0x00, 0x00, 0x00, 0x00, 0x00, 0x00, 0x00, 0x00, 0x00,
    0x00, 0x00, 0x00, 0x00, 0x00, 0x00, 0x00, 0x00, 0x00, 0x00, 0x00, 0x00,
    0x00, 0x00, 0x00, 0x00, 0x00, 0x00, 0x00, 0x00, 0x00, 0x00, 0x00, 0x00,
    0x00, 0x00, 0x00, 0x00, 0x00, 0x00, 0x00, 0x00, 0x00, 0x00, 0x00, 0x00,
    0x00, 0x00, 0x00, 0x00, 0x00, 0x00, 0x00, 0x00, 0x00, 0x00, 0x00, 0x00,
    0x00, 0x00, 0x00, 0x00, 0x00, 0x00, 0x00, 0x00, 0x00, 0x00, 0x00, 0x00,
    0x00, 0x00, 0x00, 0x00, 0x00, 0x00, 0x00, 0x00, 0x00, 0x00, 0x00, 0x00,
    0x00, 0x00, 0x00, 0x00, 0x00, 0x00, 0x00, 0x00, 0x00, 0x00, 0x00, 0x00,
    0x00, 0x00, 0x00, 0x00, 0x00, 0x00, 0x00, 0x00, 0x00, 0x00, 0x00, 0x00,
    0x00, 0x00, 0x00, 0x00, 0x00, 0x00, 0x00, 0x00, 0x00, 0x00, 0x00, 0x00,
    0x00, 0x00, 0x00, 0x00, 0x00, 0x00, 0x00, 0x00, 0x00, 0x00, 0x00, 0x00,
    0x00, 0x00, 0x00, 0x00, 0x00, 0x00, 0x00, 0x00, 0x00, 0x00, 0x00, 0x00,
    0x00, 0x00, 0x00, 0x00, 0x00, 0x00, 0x00, 0x00, 0x00, 0x00, 0x00, 0x00,
    0x00, 0x00, 0x00, 0x00, 0x00, 0x00, 0x00, 0x00, 0x00, 0x00, 0x00, 0x00,
    0x00, 0x00, 0x00, 0x00, 0x00, 0x00, 0x00, 0x00, 0x00, 0x00, 0x00, 0x00,
    0x00, 0x00, 0x00, 0x00, 0x00, 0x00, 0x00, 0x00, 0x00, 0x00, 0x00, 0x00,
    0x00, 0x00, 0x00, 0x00, 0x00, 0x00, 0x00, 0x00, 0x00, 0x00, 0x00, 0x00,
    0x00, 0x00, 0x00, 0x00, 0x00, 0x00, 0x00, 0x00, 0x00, 0x00, 0x00, 0x00,
    0x00, 0x00, 0x00, 0x00, 0x00, 0x00, 0x00, 0x00, 0x00, 0x00, 0x00, 0x00,
    0x00, 0x00, 0x00, 0x00, 0x00, 0x00, 0x00, 0x00, 0x00, 0x00, 0x00, 0x00,
    0x00, 0x00, 0x00, 0x00, 0x00, 0x00, 0x00, 0x00, 0x00, 0x00, 0x00, 0x00,
    0x00, 0x00, 0x00, 0x00, 0x00, 0x00, 0x00, 0x00, 0x00, 0x00, 0x00, 0x00,
    0x00, 0x00, 0x00, 0x00, 0x00, 0x00, 0x00, 0x00, 0x00, 0x00, 0x00, 0x00,
    0x00, 0x00, 0x00, 0x00, 0x00, 0x00, 0x00, 0x00, 0x00, 0x00, 0x00, 0x00,
    0x00, 0x00, 0x00, 0x00, 0x00, 0x00, 0x00, 0x00, 0x00, 0x00, 0x00, 0x00,
    0x00, 0x00, 0x00, 0x00, 0x00, 0x00, 0x00, 0x00, 0x00, 0x00, 0x00, 0x00,
    0x00, 0x00, 0x00, 0x00, 0x00, 0x00, 0x00, 0x00, 0x00, 0x00, 0x00, 0x00,
    0x00, 0x00, 0x00, 0x00, 0x00, 0x00, 0x00, 0x00, 0x00, 0x00, 0x00, 0x00,
    0x00, 0x00, 0x00, 0x00, 0x00, 0x00, 0x00, 0x00, 0x00, 0x00, 0x00, 0x00,
    0x00, 0x00, 0x00, 0x00, 0x00, 0x00, 0x00, 0x00, 0x00, 0x00, 0x00, 0x00,
    0x00, 0x00, 0x00, 0x00, 0x00, 0x00, 0x00, 0x00, 0x00, 0x00, 0x00, 0x00,
    0x00, 0x00, 0x00, 0x00, 0x00, 0x00, 0x00, 0x00, 0x00, 0x00, 0x00, 0x00,
    0x00, 0x00, 0x00, 0x00, 0x00, 0x00, 0x00, 0x00, 0x00, 0x00, 0x00, 0x00,
    0x00, 0x00, 0x00, 0x00, 0x00, 0x00, 0x00, 0x00, 0x00, 0x00, 0x00, 0x00,
    0x00, 0x00, 0x00, 0x00, 0x00, 0x00, 0x00, 0x00, 0x00, 0x00, 0x00, 0x00,
    0x00, 0x00, 0x00, 0x00, 0x00, 0x00, 0x00, 0x00, 0x00, 0x00, 0x00, 0x00,
    0x00, 0x00, 0x00, 0x00, 0x00, 0x00, 0x00, 0x00, 0x00, 0x00, 0x00, 0x00,
    0x00, 0x00, 0x00, 0x00, 0x00, 0x00, 0x00, 0x00, 0x00, 0x00, 0x00, 0x00,
    0x00, 0x00, 0x00, 0x00, 0x00, 0x00, 0x00, 0x00, 0x00, 0x00, 0x00, 0x00,
    0x00, 0x00, 0x00, 0x00, 0x00, 0x00, 0x00, 0x00, 0x00, 0x00, 0x00, 0x00,
    0x00, 0x00, 0x00, 0x00, 0x00, 0x00, 0x00, 0x00, 0x00, 0x00, 0x00, 0x00,
    0x00, 0x00, 0x00, 0x00, 0x00, 0x00, 0x00, 0x00, 0x00, 0x00, 0x00, 0x00,
    0x00, 0x00, 0x00, 0x00, 0x00, 0x00, 0x00, 0x00, 0x00, 0x00, 0x00, 0x00,
    0x00, 0x00, 0x00, 0x00, 0x00, 0x00, 0x00, 0x00, 0x00, 0x00, 0x00, 0x00,
    0x00, 0x00, 0x00, 0x00, 0x00, 0x00, 0x00, 0x00, 0x00, 0x00, 0x00, 0x00,
    0x00, 0x00, 0x00, 0x00, 0x00, 0x00, 0x00, 0x00, 0x00, 0x00, 0x00, 0x00,
    0x00, 0x00, 0x00, 0x00, 0x00, 0x00, 0x00, 0x00, 0x00, 0x00, 0x00, 0x00,
    0xAA, 0xAA, 0x03, 0x00, 0x00, 0x00, 0xE5, 0xF3, 0x5F, 0x25, 0xFC, 0xFF,
    0xE5, 0xF3, 0x79, 0x00, 0x00, 0x00, 0xBB, 0x14, 0x27, 0xEF, 0x7B, 0x02,
    0xFF, 0x07, 0x01, 0xFF, 0x07, 0x01, 0x00, 0x00, 0x00, 0x00, 0x00, 0x00,
    0x00, 0x00, 0x00, 0x00, 0x00, 0x00, 0x00, 0x00, 0x00, 0x00, 0x00, 0x00,
    0x00, 0x00, 0x00, 0x00, 0x00, 0x00, 0x00, 0x00, 0x00, 0x00, 0x00, 0x00,
    0x00, 0x00, 0x00, 0x00, 0x00, 0x00, 0x00, 0x00, 0x00, 0x00, 0x00, 0x00,
    0x00, 0x00, 0x00, 0x00, 0x00, 0x00, 0x00, 0x00, 0x00, 0x00, 0x00, 0x00,
    0x00, 0x00, 0x00, 0x00, 0x00, 0x00, 0x00, 0x00, 0x00, 0x00, 0x00, 0x00,
    0xFF, 0x05, 0x04, 0x00, 0x00, 0x00, 0xFD, 0x04, 0x93, 0x5F, 0x05, 0xFF,
    0x1E, 0x05, 0xFC, 0x1E, 0x05, 0xFF, 0x1E, 0x05, 0xFF, 0x1E, 0x05, 0xFF,
    0x1E, 0x05, 0xFD, 0x3F, 0x05, 0xFF, 0x1E, 0x05, 0xDD, 0x1D, 0x05, 0x0E,
    0xFF, 0x07, 0x01, 0xFF, 0x07, 0x01, 0x00, 0x00, 0x00, 0x00, 0x00, 0x00,
    0x00, 0x00, 0x00, 0x00, 0x00, 0x00, 0x00, 0x00, 0x00, 0x00, 0x00, 0x00,
    0x00, 0x00, 0x00, 0x00, 0x00, 0x00, 0x00, 0x00, 0x00, 0x00, 0x00, 0x00,
    0x00, 0x00, 0x00, 0x00, 0x00, 0x00, 0x00, 0x00, 0x00, 0x00, 0x00, 0x00,
    0x00, 0x00, 0x00, 0x00, 0x00, 0x00, 0x00, 0x00, 0x00, 0x00, 0x00, 0x00,
    0x00, 0x00, 0x00, 0x00, 0x00, 0x00, 0x00, 0x00, 0x00, 0x00, 0x00, 0x00,
    0x00, 0x00, 0x00, 0x00, 0x00, 0x00, 0x00, 0x00, 0x00, 0x00, 0x00, 0x00,
    0x00, 0x00, 0x00, 0x00, 0x00, 0x00, 0x00, 0x00, 0x00, 0x00, 0x00, 0x00,
    0x00, 0x00, 0x00, 0x00, 0x00, 0x00, 0x00, 0x00, 0x00, 0x00, 0x00, 0x00,
    0x00, 0x00, 0x00, 0x00, 0x00, 0x00, 0x00, 0x00, 0x00, 0x00, 0x00, 0x00,
    0x00, 0x00, 0x00, 0x00, 0x00, 0x00, 0x00, 0x00, 0x00, 0x00, 0x00, 0x00,
    0x00, 0x00, 0x00, 0x00, 0x00, 0x00, 0x00, 0x00, 0x00, 0x00, 0x00, 0x00,
    0x00, 0x00, 0x00, 0x00, 0x00, 0x00, 0x00, 0x00, 0x00, 0x00, 0x00, 0x00,
    0x00, 0x00, 0x00, 0x00, 0x00, 0x00, 0x00, 0x00, 0x00, 0x00, 0x00, 0x00,
    0x00, 0x00, 0x00, 0x00, 0x00, 0x00, 0x00, 0x00, 0x00, 0x00, 0x00, 0x00,
    0x00, 0x00, 0x00, 0x00, 0x00, 0x00, 0x00, 0x00, 0x00, 0x00, 0x00, 0x00,
    0x00, 0x00, 0x00, 0x00, 0x00, 0x00, 0x00, 0x00, 0x00, 0x00, 0x00, 0x00,
    0x00, 0x00, 0x00, 0x00, 0x00, 0x00, 0x00, 0x00, 0x00, 0x00, 0x00, 0x00,
    0x00, 0x00, 0x00, 0x00, 0x00, 0x00, 0x00, 0x00, 0x00, 0x00, 0x00, 0x00,
    0x00, 0x00, 0x00, 0x00, 0x00, 0x00, 0x00, 0x00, 0x00, 0x00, 0x00, 0x00,
    0x00, 0x00, 0x00, 0x00, 0x00, 0x00, 0x00, 0x00, 0x00, 0x00, 0x00, 0x00,
    0x00, 0x00, 0x00, 0x00, 0x00, 0x00, 0x00, 0x00, 0x00, 0x00, 0x00, 0x00,
    0x00, 0x00, 0x00, 0x00, 0x00, 0x00, 0x00, 0x00, 0x00, 0x00, 0x00, 0x00,
    0x00, 0x00, 0x00, 0x00, 0x00, 0x00, 0x00, 0x00, 0x00, 0x00, 0x00, 0x00,
    0x00, 0x00, 0x00, 0x00, 0x00, 0x00, 0x00, 0x00, 0x00, 0x00, 0x00, 0x00,
    0x00, 0x00, 0x00, 0x00, 0x00, 0x00, 0x00, 0x00, 0x00, 0x00, 0x00, 0x00,
    0x00, 0x00, 0x00, 0x00, 0x00, 0x00, 0x00, 0x00, 0x00, 0x00, 0x00, 0x00,
    0x00, 0x00, 0x00, 0x00, 0x00, 0x00, 0x00, 0x00, 0x00, 0x00, 0x00, 0x00,
    0x00, 0x00, 0x00, 0x00, 0x00, 0x00, 0x00, 0x00, 0x00, 0x00, 0x00, 0x00,
    0x00, 0x00, 0x00, 0x00, 0x00, 0x00, 0x00, 0x00, 0x00, 0x00, 0x00, 0x00,
    0x00, 0x00, 0x00, 0x00, 0x00, 0x00, 0x00, 0x00, 0x00, 0x00, 0x00, 0x00,
    0x00, 0x00, 0x00, 0x00, 0x00, 0x00, 0x00, 0x00, 0x00, 0x00, 0x00, 0x00,
    0x00, 0x00, 0x00, 0x00, 0x00, 0x00, 0x00, 0x00, 0x00, 0x00, 0x00, 0x00,
    0x00, 0x00, 0x00, 0x00, 0x00, 0x00, 0x00, 0x00, 0x00, 0x00, 0x00, 0x00,
    0x00, 0x00, 0x00, 0x00, 0x00, 0x00, 0x00, 0x00, 0x00, 0x00, 0x00, 0x00,
    0x00, 0x00, 0x00, 0x00, 0x00, 0x00, 0x00, 0x00, 0x00, 0x00, 0x00, 0x00,
    0x00, 0x00, 0x00, 0x00, 0x00, 0x00, 0x00, 0x00, 0x00, 0x00, 0x00, 0x00,
    0x00, 0x00, 0x00, 0x00, 0x00, 0x00, 0x00, 0x00, 0x00, 0x00, 0x00, 0x00,
    0x00, 0x00, 0x00, 0x00, 0x00, 0x00, 0x00, 0x00, 0x00, 0x00, 0x00, 0x00,
    0x00, 0x00, 0x00, 0x00, 0x00, 0x00, 0x00, 0x00, 0x00, 0x00, 0x00, 0x00,
    0x00, 0x00, 0x00, 0x00, 0x00, 0x00, 0x00, 0x00, 0x00, 0x00, 0x00, 0x00,
    0x00, 0x00, 0x00, 0x00, 0x00, 0x00, 0x00, 0x00, 0x00, 0x00, 0x00, 0x00,
    0x00, 0x00, 0x00, 0x00, 0x00, 0x00, 0x00, 0x00, 0x00, 0x00, 0x00, 0x00,
    0x00, 0x00, 0x00, 0x00, 0x00, 0x00, 0x00, 0x00, 0x00, 0x00, 0x00, 0x00,
    0x00, 0x00, 0x00, 0x00, 0x00, 0x00, 0x00, 0x00, 0x00, 0x00, 0x00, 0x00,
    0x00, 0x00, 0x00, 0x00, 0x00, 0x00, 0x00, 0x00, 0x00, 0x00, 0x00, 0x00,
    0x00, 0x00, 0x00, 0x00, 0x00, 0x00, 0x00, 0x00, 0x00, 0x00, 0x00, 0x00,
    0x00, 0x00, 0x00, 0x00, 0x00, 0x00, 0x00, 0x00, 0x00, 0x00, 0x00, 0x00,
    0x00, 0x00, 0x00, 0x00, 0x00, 0x00, 0x00, 0x00, 0x00, 0x00, 0x00, 0x00,
    0x00, 0x00, 0x00, 0x00, 0x00, 0x00, 0x00, 0x00, 0x00, 0x00, 0x00, 0x00,
    0x00, 0x00, 0x00, 0xE5, 0xF3, 0x84, 0x46, 0xFC, 0xFF, 0xC5, 0xF3, 0x8E,
    0x00, 0x00, 0x00, 0xE0, 0xFF, 0x01, 0xE0, 0xFB, 0x02, 0x00, 0x00, 0x00,
    0x00, 0x00, 0x00, 0x00, 0x00, 0x00, 0x00, 0x00, 0x00, 0x00, 0x00, 0x00,
    0xFF, 0x07, 0x01, 0x00, 0x00, 0x00, 0x00, 0x00, 0x00, 0x00, 0x00, 0x00,
    0x00, 0x00, 0x00, 0x00, 0x00, 0x00, 0x00, 0x00, 0x00, 0x00, 0x00, 0x00,
    0x00, 0x00, 0x00, 0x00, 0x00, 0x00, 0x00, 0x00, 0x00, 0x00, 0x00, 0x00,
    0x00, 0x00, 0x00, 0x00, 0x00, 0x00, 0x00, 0x00, 0x00, 0x00, 0x00, 0x00,
    0x00, 0x00, 0x00, 0x00, 0x00, 0x00, 0xFF, 0x07, 0x01, 0x1F, 0x00, 0x01,
    0x1F, 0x05, 0x0B, 0x1E, 0x05, 0xE1, 0x3E, 0x05, 0xFF, 0x1E, 0x05, 0xFD,
    0x1E, 0x05, 0xFF, 0x1E, 0x05, 0xFF, 0x1E, 0x05, 0xFF, 0x1E, 0x05, 0xFB,
    0x7F, 0x05, 0xFF, 0xFE, 0x04, 0x6E, 0x00, 0x00, 0x00, 0xFF, 0x05, 0x04,
    0x00, 0x00, 0x00, 0x00, 0x00, 0x00, 0x00, 0x00, 0x00, 0x00, 0x00, 0x00,
    0x00, 0x00, 0x00, 0x00, 0x00, 0x00, 0x00, 0x00, 0x00, 0x00, 0x00, 0x00,
    0x00, 0x00, 0x00, 0xFF, 0x03, 0x02, 0xFF, 0x03, 0x02, 0xFF, 0x03, 0x02,
    0xFF, 0x03, 0x02, 0xFF, 0x03, 0x02, 0xFF, 0x03, 0x02, 0xFF, 0x03, 0x02,
    0xFF, 0x03, 0x02, 0xFF, 0x03, 0x02, 0xFF, 0x03, 0x02, 0xFF, 0x03, 0x02,
    0xFF, 0x03, 0x02, 0xFF, 0x03, 0x02, 0xFF, 0x03, 0x02, 0xFF, 0x03, 0x02,
    0xFF, 0x03, 0x02, 0xFF, 0x03, 0x02, 0x00, 0x00, 0x00, 0x00, 0x00, 0x00,
    0x00, 0x00, 0x00, 0x00, 0x00, 0x00, 0xFF, 0x03, 0x02, 0xFF, 0x03, 0x02,
    0xFF, 0x03, 0x02, 0xFF, 0x03, 0x02, 0xFF, 0x03, 0x02, 0xFF, 0x03, 0x02,
    0xFF, 0x03, 0x02, 0xFF, 0x07, 0x01, 0x00, 0x00, 0x00, 0x00, 0x00, 0x00,
    0x00, 0x00, 0x00, 0x00, 0x00, 0x00, 0x00, 0x00, 0x00, 0x00, 0x00, 0x00,
    0x00, 0x00, 0x00, 0x00, 0x00, 0x00, 0x00, 0x00, 0x00, 0x00, 0x00, 0x00,
    0x00, 0x00, 0x00, 0x00, 0x00, 0x00, 0x00, 0x00, 0x00, 0xFF, 0x03, 0x02,
    0xFF, 0x03, 0x02, 0xFF, 0x03, 0x02, 0xFF, 0x03, 0x02, 0xFF, 0x03, 0x02,
    0xFF, 0x03, 0x02, 0xFF, 0x03, 0x02, 0xFF, 0x03, 0x02, 0xFF, 0x03, 0x02,
    0xFF, 0x03, 0x02, 0xFF, 0x03, 0x02, 0xFF, 0x03, 0x02, 0xFF, 0x03, 0x02,
    0xFF, 0x03, 0x02, 0xFF, 0x03, 0x02, 0xFF, 0x03, 0x02, 0xFF, 0x03, 0x02,
    0x00, 0x00, 0x00, 0x00, 0x00, 0x00, 0x00, 0x00, 0x00, 0x00, 0x00, 0x00,
    0x00, 0x00, 0x00, 0x00, 0x00, 0x00, 0x00, 0x00, 0x00, 0x00, 0x00, 0x00,
    0x00, 0x00, 0x00, 0x00, 0x00, 0x00, 0x00, 0x00, 0x00, 0x00, 0x00, 0x00,
    0x00, 0x00, 0x01, 0xFF, 0x07, 0x01, 0xFF, 0x03, 0x02, 0xFF, 0x03, 0x02,
    0xFF, 0x03, 0x02, 0xFF, 0x03, 0x02, 0xEF, 0x03, 0x02, 0x1F, 0x00, 0x01,
    0x00, 0x00, 0x00, 0x00, 0x00, 0x00, 0x00, 0x00, 0x00, 0x00, 0x00, 0x00,
    0x00, 0x00, 0x00, 0x00, 0x00, 0x00, 0x00, 0x00, 0x00, 0x00, 0x00, 0x00,
    0x00, 0x00, 0x00, 0x00, 0x00, 0x00, 0x00, 0x00, 0x00, 0xFF, 0x03, 0x02,
    0xFF, 0x03, 0x02, 0xFF, 0x03, 0x02, 0xFF, 0x03, 0x02, 0xFF, 0x03, 0x02,
    0xFF, 0x03, 0x02, 0xFF, 0x03, 0x02, 0xFF, 0x03, 0x02, 0xFF, 0x03, 0x02,
    0xFF, 0x03, 0x02, 0xFF, 0x03, 0x02, 0xFF, 0x03, 0x02, 0xFF, 0x03, 0x02,
    0xFF, 0x07, 0x01, 0x1F, 0x00, 0x01, 0x00, 0x00, 0x00, 0x00, 0x00, 0x00,
    0x00, 0x00, 0x00, 0x00, 0x00, 0x00, 0x00, 0x00, 0x00, 0x00, 0x00, 0x00,
    0x00, 0x00, 0x00, 0x00, 0x00, 0x00, 0x00, 0x00, 0x00, 0x00, 0x00, 0x00,
    0x00, 0x00, 0x00, 0x00, 0x00, 0x00, 0x00, 0x00, 0x00, 0x00, 0x00, 0x00,
    0x00, 0x00, 0x00, 0x00, 0x00, 0x00, 0x00, 0x00, 0x00, 0x00, 0x00, 0x00,
    0x00, 0x00, 0x00, 0x1F, 0x00, 0x01, 0xFF, 0x07, 0x01, 0xFF, 0x03, 0x02,
    0xFF, 0x03, 0x02, 0x1F, 0x00, 0x01, 0x00, 0x00, 0x00, 0xE0, 0xFB, 0x02,
    0xE0, 0xFB, 0x02, 0xE0, 0xFF, 0x01, 0x00, 0xF8, 0x01, 0x00, 0x00, 0x00,
    0x00, 0x00, 0x00, 0x00, 0x00, 0x00, 0x00, 0x00, 0x00, 0x00, 0x00, 0x00,
    0x00, 0x00, 0x00, 0x00, 0x00, 0x00, 0x00, 0x00, 0x00, 0xFF, 0x07, 0x01,
    0xFF, 0x03, 0x02, 0xEF, 0x03, 0x02, 0xEF, 0x03, 0x02, 0xEF, 0x03, 0x02,
    0xEF, 0x03, 0x02, 0xEF, 0x03, 0x02, 0xEF, 0x03, 0x02, 0x00, 0x00, 0x00,
    0x00, 0x00, 0x00, 0x00, 0x00, 0x00, 0x00, 0x00, 0x00, 0x00, 0x00, 0x00,
    0x00, 0x00, 0x00, 0x00, 0x00, 0x00, 0x00, 0x00, 0x00, 0x00, 0x00, 0x00,
    0x00, 0x00, 0x00, 0x00, 0x00, 0x00, 0x00, 0x00, 0x00, 0xFF, 0x03, 0x02,
    0xFF, 0x03, 0x02, 0xFF, 0x03, 0x02, 0x1F, 0x00, 0x01, 0x00, 0x00, 0x00,
    0x00, 0x00, 0x00, 0x00, 0x00, 0x00, 0x00, 0x00, 0x00, 0x00, 0x00, 0x00,
    0x00, 0x00, 0x00, 0x00, 0x00, 0x00, 0x00, 0x00, 0x00, 0x00, 0x00, 0x00,
    0x00, 0x00, 0x00, 0x1F, 0x00, 0x01, 0xFF, 0x03, 0x02, 0xEF, 0x03, 0x02,
    0xFF, 0x07, 0x01, 0x00, 0x00, 0x00, 0x00, 0x00, 0x00, 0x00, 0x00, 0x00,
    0x00, 0x00, 0x00, 0x00, 0x00, 0x00, 0x00, 0x00, 0x00, 0x00, 0x00, 0x00,
    0x9F, 0x05, 0x0A, 0xDC, 0x04, 0x49, 0x00, 0x00, 0x00, 0xEB, 0xDB, 0x08,
    0xE5, 0xF3, 0xB5, 0x66, 0xFC, 0xFF, 0xE5, 0xF3, 0x9A, 0x00, 0x00, 0x00,
    0x00, 0x00, 0x00, 0xA0, 0xFA, 0x03, 0x00, 0x00, 0x00, 0x00, 0x00, 0x00,
    0x00, 0x00, 0x00, 0x00, 0x00, 0x00, 0x00, 0x00, 0x00, 0x1F, 0x00, 0x01,
    0xFF, 0x03, 0x02, 0x00, 0x00, 0x00, 0x00, 0x00, 0x00, 0x00, 0x00, 0x00,
    0x00, 0x00, 0x00, 0x00, 0x00, 0x00, 0x00, 0x00, 0x00, 0x00, 0x00, 0x00,
    0x00, 0x00, 0x00, 0x00, 0x00, 0x00, 0x00, 0x00, 0x00, 0x00, 0x00, 0x00,
    0x00, 0x00, 0x00, 0x00, 0x00, 0x00, 0x00, 0x00, 0x00, 0x00, 0x00, 0x00,
    0x00, 0x00, 0x00, 0x5F, 0x05, 0x03, 0x00, 0x00, 0x00, 0x1E, 0x05, 0x9F,
    0x7F, 0x05, 0xFF, 0x1E, 0x05, 0xFB, 0x1E, 0x05, 0xFF, 0x1E, 0x05, 0xFF,
    0x1E, 0x05, 0xFF, 0x1E, 0x05, 0xFB, 0x5F, 0x05, 0xFE, 0x1D, 0x05, 0xBA,
    0x00, 0x00, 0x00, 0xFF, 0x07, 0x01, 0x00, 0x00, 0x01, 0x00, 0x00, 0x00,
    0x00, 0x00, 0x00, 0x00, 0x00, 0x00, 0x00, 0x00, 0x00, 0x00, 0x00, 0x00,
    0x00, 0x00, 0x00, 0x00, 0x00, 0x00, 0x00, 0x00, 0x00, 0x00, 0x00, 0x00,
    0x00, 0x00, 0x00, 0x00, 0x00, 0x00, 0x00, 0x00, 0x00, 0x00, 0x00, 0x00,
    0x00, 0x00, 0x00, 0x00, 0x00, 0x00, 0x00, 0x00, 0x00, 0x00, 0x00, 0x00,
    0x00, 0x00, 0x00, 0x00, 0x00, 0x00, 0x00, 0x00, 0x00, 0x00, 0x00, 0x00,
    0x00, 0x00, 0x00, 0x00, 0x00, 0x00, 0x00, 0x00, 0x00, 0x00, 0x00, 0x00,
    0x00, 0x00, 0x00, 0x00, 0x00, 0x00, 0x00, 0x00, 0x00, 0x00, 0x00, 0x00,
    0x00, 0x00, 0x00, 0x00, 0x00, 0x00, 0x00, 0x00, 0x00, 0x00, 0x00, 0x00,
    0x00, 0x00, 0x00, 0x00, 0x00, 0x00, 0x00, 0x00, 0x00, 0x00, 0x00, 0x00,
    0x00, 0x00, 0x00, 0x00, 0x00, 0x00, 0x00, 0x00, 0x00, 0x00, 0x00, 0x00,
    0x00, 0x00, 0x00, 0x00, 0x00, 0x00, 0x00, 0x00, 0x00, 0x00, 0x00, 0x00,
    0x00, 0x00, 0x00, 0x00, 0x00, 0x00, 0x00, 0x00, 0x00, 0x00, 0x00, 0x00,
    0x00, 0x00, 0x00, 0x00, 0x00, 0x00, 0x00, 0x00, 0x00, 0x00, 0x00, 0x00,
    0x00, 0x00, 0x00, 0x00, 0x00, 0x00, 0x00, 0x00, 0x00, 0x00, 0x00, 0x00,
    0x00, 0x00, 0x00, 0x00, 0x00, 0x00, 0x00, 0x00, 0x00, 0x00, 0x00, 0x00,
    0x00, 0x00, 0x00, 0x00, 0x00, 0x00, 0x00, 0x00, 0x00, 0x00, 0x00, 0x00,
    0x00, 0x00, 0x00, 0x00, 0x00, 0x00, 0x00, 0x00, 0x00, 0x00, 0x00, 0x00,
    0x00, 0x00, 0x00, 0x00, 0x00, 0x00, 0x00, 0x00, 0x00, 0x00, 0x00, 0x00,
    0x00, 0x00, 0x00, 0x00, 0x00, 0x00, 0x00, 0x00, 0x00, 0xFF, 0x07, 0x01,
    0x55, 0x05, 0x03, 0xF7, 0x03, 0x04, 0xFF, 0x07, 0x01, 0x00, 0x00, 0x00,
    0x00, 0x00, 0x00, 0x00, 0x00, 0x00, 0x00, 0x00, 0x00, 0x00, 0x00, 0x00,
    0x00, 0x00, 0x00, 0x00, 0x00, 0x00, 0xF7, 0x03, 0x04, 0xFF, 0x03, 0x02,
    0x00, 0x00, 0x00, 0x00, 0x00, 0x00, 0x00, 0x00, 0x00, 0x00, 0x00, 0x00,
    0x00, 0x00, 0x00, 0x00, 0x00, 0x00, 0x00, 0x00, 0x00, 0x00, 0x00, 0x00,
    0x00, 0x00, 0x00, 0x00, 0x00, 0x00, 0x00, 0x00, 0x00, 0x00, 0x00, 0x00,
    0x00, 0x00, 0x00, 0x00, 0x00, 0x00, 0x00, 0x00, 0x00, 0x00, 0x00, 0x00,
    0x00, 0x00, 0x00, 0x00, 0x00, 0x00, 0x00, 0x00, 0x00, 0x00, 0x00, 0x00,
    0x00, 0x00, 0x00, 0x00, 0x00, 0x00, 0x00, 0x00, 0x00, 0x00, 0x00, 0x00,
    0x5F, 0x05, 0x03, 0xFF, 0x07, 0x02, 0x00, 0x00, 0x00, 0x00, 0x00, 0x00,
    0x00, 0x00, 0x00, 0x00, 0x00, 0x00, 0x00, 0x00, 0x00, 0x00, 0x00, 0x00,
    0x00, 0x00, 0x00, 0x00, 0x00, 0x00, 0x00, 0x00, 0x00, 0x00, 0x00, 0x00,
    0x00, 0x00, 0x00, 0x00, 0x00, 0x00, 0x00, 0x00, 0x00, 0x00, 0x00, 0x00,
    0xFF, 0x07, 0x01, 0x5F, 0x05, 0x03, 0x5F, 0x05, 0x03, 0x00, 0x00, 0x00,
    0x00, 0x00, 0x00, 0x00, 0x00, 0x00, 0x00, 0x00, 0x00, 0x00, 0x00, 0x00,
    0x00, 0x00, 0x00, 0x00, 0x00, 0x00, 0x00, 0x00, 0x00, 0x00, 0x00, 0x00,
    0x00, 0x00, 0x00, 0xE7, 0xBB, 0x04, 0xA0, 0xFA, 0x03, 0x00, 0xF8, 0x01,
    0x00, 0x00, 0x00, 0x00, 0x00, 0x00, 0x00, 0x00, 0x00, 0x00, 0x00, 0x00,
    0x00, 0x00, 0x00, 0x00, 0x00, 0x00, 0x00, 0x00, 0x00, 0x00, 0x00, 0x00,
    0x00, 0x00, 0x00, 0x00, 0x00, 0x00, 0x00, 0x00, 0x00, 0x00, 0x00, 0x00,
    0x00, 0x00, 0x00, 0x00, 0x00, 0x00, 0x00, 0x00, 0x00, 0x00, 0x00, 0x00,
    0x00, 0x00, 0x00, 0x00, 0x00, 0x00, 0x00, 0x00, 0x00, 0x00, 0x00, 0x00,
    0x00, 0x00, 0x00, 0x00, 0x00, 0x00, 0x00, 0x00, 0x00, 0x00, 0x00, 0x00,
    0x00, 0x00, 0x00, 0x00, 0x00, 0x00, 0x00, 0x00, 0x00, 0x00, 0x00, 0x00,
    0x00, 0x00, 0x00, 0x00, 0x00, 0x00, 0x00, 0x00, 0x00, 0x00, 0x00, 0x00,
    0x00, 0x00, 0x00, 0x00, 0x00, 0x00, 0x00, 0x00, 0x00, 0x00, 0x00, 0x00,
    0x00, 0x00, 0x00, 0x00, 0x00, 0x00, 0x00, 0x00, 0x00, 0x00, 0x00, 0x00,
    0x00, 0x00, 0x00, 0x00, 0x00, 0x00, 0x00, 0x00, 0x00, 0x00, 0x00, 0x00,
    0x00, 0x00, 0x00, 0x00, 0x00, 0x00, 0x00, 0x00, 0x00, 0x00, 0x00, 0x00,
    0x5F, 0x05, 0x03, 0x00, 0x00, 0x00, 0xFE, 0x04, 0x3A, 0x5F, 0x05, 0xFC,
    0xFD, 0x04, 0x60, 0x00, 0x00, 0x00, 0xE7, 0xE3, 0x1E, 0xE5, 0xFB, 0xD2,
    0x45, 0xFC, 0xFF, 0xE5, 0xFB, 0xAB, 0xC5, 0xE3, 0x13, 0x00, 0x00, 0x00,
    0xE7, 0xFB, 0x04, 0x00, 0x00, 0x00, 0x00, 0x00, 0x00, 0x5F, 0x05, 0x03,
    0xFE, 0x04, 0x1D, 0x00, 0x00, 0x00, 0x00, 0x00, 0x00, 0x5F, 0x05, 0x03,
    0x5F, 0x05, 0x03, 0xFF, 0x07, 0x01, 0x00, 0x00, 0x00, 0x00, 0x00, 0x00,
    0x00, 0x00, 0x00, 0x00, 0x00, 0x00, 0x00, 0x00, 0x00, 0x00, 0x00, 0x00,
    0x00, 0x00, 0x00, 0x00, 0x00, 0x00, 0x00, 0x00, 0x00, 0x00, 0x00, 0x00,
    0x00, 0x00, 0x00, 0x00, 0x00, 0x00, 0x00, 0x00, 0x00, 0xDF, 0x04, 0x05,
    0xFF, 0x07, 0x01, 0xFD, 0x04, 0x80, 0x7F, 0x05, 0xFF, 0x1E, 0x05, 0xFA,
    0x1E, 0x05, 0xFF, 0x1E, 0x05, 0xFF, 0x1E, 0x05, 0xFF, 0x1E, 0x05, 0xFE,
    0x3E, 0x05, 0xFF, 0x1E, 0x05, 0xE9, 0xFD, 0x04, 0x0D, 0x00, 0x00, 0x00,
    0xFF, 0x07, 0x01, 0x00, 0x00, 0x00, 0x00, 0x00, 0x00, 0x00, 0x00, 0x00,
    0x00, 0x00, 0x00, 0x00, 0x00, 0x00, 0x00, 0x00, 0x00, 0x00, 0x00, 0x00,
    0x5F, 0x05, 0x03, 0xFE, 0x04, 0x28, 0x1E, 0x05, 0x2B, 0x1E, 0x05, 0x2A,
    0x1E, 0x05, 0x2A, 0x1E, 0x05, 0x2A, 0x1E, 0x05, 0x2A, 0xFE, 0x04, 0x2A,
    0xDD, 0x04, 0x29, 0xFE, 0x04, 0x28, 0xFE, 0x04, 0x28, 0xFE, 0x04, 0x28,
    0xFE, 0x04, 0x28, 0xFE, 0x04, 0x28, 0xFE, 0x04, 0x28, 0xFE, 0x04, 0x28,
    0xFC, 0x04, 0x2A, 0xFE, 0x04, 0x27, 0xFF, 0x03, 0x02, 0x00, 0x00, 0x00,
    0x00, 0x00, 0x00, 0xFF, 0x03, 0x04, 0xDD, 0x04, 0x29, 0x1D, 0x05, 0x2B,
    0x1E, 0x05, 0x2A, 0x1E, 0x05, 0x2A, 0x1E, 0x05, 0x2A, 0xFE, 0x04, 0x2A,
    0x1D, 0x05, 0x2E, 0x1E, 0x05, 0x13, 0x00, 0x00, 0x00, 0x1F, 0x00, 0x01,
    0x00, 0x00, 0x00, 0x00, 0x00, 0x00, 0x00, 0x00, 0x00, 0x00, 0x00, 0x00,
    0x00, 0x00, 0x00, 0x00, 0x00, 0x00, 0x00, 0x00, 0x00, 0x00, 0x00, 0x00,
    0x00, 0x00, 0x00, 0x00, 0x00, 0x00, 0xFF, 0x03, 0x04, 0x1D, 0x05, 0x29,
    0x1D, 0x05, 0x2B, 0x1E, 0x05, 0x2A, 0x1E, 0x05, 0x2A, 0x1E, 0x05, 0x2A,
    0x1E, 0x05, 0x2A, 0xFE, 0x04, 0x2A, 0xFE, 0x04, 0x28, 0xFE, 0x04, 0x28,
    0xFE, 0x04, 0x28, 0xFE, 0x04, 0x28, 0xFE, 0x04, 0x28, 0xFE, 0x04, 0x28,
    0xFE, 0x04, 0x28, 0xFE, 0x04, 0x28, 0xBC, 0x04, 0x2C, 0xDD, 0x04, 0x21,
    0x00, 0x00, 0x00, 0x00, 0x00, 0x00, 0x00, 0x00, 0x00, 0x00, 0x00, 0x00,
    0x00, 0x00, 0x00, 0x00, 0x00, 0x00, 0x00, 0x00, 0x00, 0x1F, 0x00, 0x01,
    0x5F, 0x05, 0x03, 0x00, 0x00, 0x00, 0x00, 0x00, 0x00, 0x00, 0x00, 0x00,
    0x00, 0x00, 0x00, 0x3E, 0x05, 0x11, 0xFD, 0x04, 0x1F, 0xFE, 0x04, 0x28,
    0xDD, 0x04, 0x29, 0x3E, 0x05, 0x23, 0x1E, 0x05, 0x16, 0x00, 0x00, 0x00,
    0x00, 0x00, 0x00, 0x00, 0x00, 0x00, 0xFF, 0x03, 0x02, 0xFF, 0x07, 0x01,
    0x00, 0x00, 0x00, 0x00, 0x00, 0x00, 0x00, 0x00, 0x00, 0x00, 0x00, 0x00,
    0x00, 0x00, 0x00, 0x00, 0x00, 0x00, 0xFF, 0x03, 0x02, 0xFE, 0x04, 0x2A,
    0x1D, 0x05, 0x2B, 0x1E, 0x05, 0x2A, 0x1E, 0x05, 0x2A, 0x1E, 0x05, 0x2A,
    0x1E, 0x05, 0x2A, 0xFE, 0x04, 0x2A, 0xFD, 0x04, 0x28, 0x1E, 0x05, 0x27,
    0xFE, 0x04, 0x28, 0xFE, 0x04, 0x2A, 0xFE, 0x04, 0x28, 0xFE, 0x04, 0x1D,
    0x3E, 0x05, 0x14, 0x1F, 0x00, 0x01, 0x00, 0x00, 0x00, 0x00, 0x00, 0x00,
    0xFF, 0x03, 0x02, 0x1F, 0x00, 0x01, 0x00, 0x00, 0x00, 0x00, 0x00, 0x00,
    0x00, 0x00, 0x00, 0x00, 0x00, 0x00, 0x00, 0x00, 0x00, 0x00, 0x00, 0x00,
    0x00, 0x00, 0x00, 0x00, 0x00, 0x00, 0x00, 0x00, 0x00, 0x00, 0x00, 0x00,
    0xFF, 0x07, 0x01, 0x5F, 0x05, 0x03, 0x00, 0x00, 0x00, 0x00, 0x00, 0x00,
    0x00, 0x00, 0x00, 0xFF, 0x07, 0x01, 0x3C, 0x05, 0x14, 0xFD, 0x04, 0x1F,
    0xFD, 0x04, 0x2D, 0xFE, 0x04, 0x15, 0x00, 0x00, 0x00, 0xC6, 0xF3, 0x23,
    0xC5, 0xF3, 0x21, 0x26, 0xFC, 0x15, 0x00, 0x00, 0x00, 0x00, 0x00, 0x00,
    0x00, 0x00, 0x00, 0x00, 0x00, 0x00, 0xE0, 0xFB, 0x02, 0x00, 0x00, 0x00,
    0x00, 0x00, 0x00, 0x00, 0x00, 0x00, 0x00, 0x00, 0x00, 0xDD, 0x04, 0x0F,
    0xFD, 0x04, 0x1A, 0x1E, 0x05, 0x16, 0xDD, 0x04, 0x17, 0xDD, 0x04, 0x17,
    0xDD, 0x04, 0x17, 0xDE, 0x04, 0x17, 0xDD, 0x04, 0x17, 0x00, 0x00, 0x00,
    0x00, 0x00, 0x00, 0x00, 0x00, 0x00, 0x00, 0x00, 0x00, 0x00, 0x00, 0x00,
    0x00, 0x00, 0x00, 0x00, 0x00, 0x00, 0x00, 0x00, 0x00, 0x00, 0x00, 0x00,
    0x00, 0x00, 0x00, 0x00, 0x00, 0x00, 0xFF, 0x07, 0x01, 0xFD, 0x04, 0x2A,
    0x1D, 0x05, 0x2B, 0xFD, 0x04, 0x2C, 0x1F, 0x05, 0x0B, 0x00, 0x00, 0x00,
    0x00, 0x00, 0x00, 0x00, 0x00, 0x00, 0x00, 0x00, 0x00, 0x00, 0x00, 0x00,
    0x00, 0x00, 0x00, 0x00, 0x00, 0x00, 0x00, 0x00, 0x00, 0x00, 0x00, 0x00,
    0xFF, 0x07, 0x01, 0x5F, 0x05, 0x06, 0xFD, 0x04, 0x18, 0xDD, 0x04, 0x17,
    0x1E, 0x05, 0x16, 0xFF, 0x03, 0x02, 0x00, 0x00, 0x00, 0x00, 0x00, 0x00,
    0x00, 0x00, 0x00, 0x00, 0x00, 0x01, 0xEF, 0x03, 0x02, 0xFF, 0x07, 0x01,
    0x1E, 0x05, 0xB3, 0x5F, 0x05, 0xFF, 0x3E, 0x05, 0xFB, 0x1D, 0x05, 0x66,
    0x00, 0x00, 0x00, 0xC6, 0xE3, 0x2A, 0xE5, 0xFB, 0xEF, 0x45, 0xFC, 0xFF,
    0xE5, 0xFB, 0xCA, 0xE4, 0xF3, 0x27, 0x00, 0x00, 0x00, 0xE0, 0xFB, 0x04,
    0xFF, 0x07, 0x01, 0xFF, 0x03, 0x02, 0xFE, 0x04, 0x45, 0x1E, 0x05, 0x86,
    0x1E, 0x05, 0x37, 0x00, 0x00, 0x00, 0x00, 0x00, 0x00, 0x00, 0x00, 0x00,
    0xF7, 0x03, 0x04, 0x55, 0x05, 0x03, 0xFF, 0x07, 0x01, 0x00, 0x00, 0x00,
    0x00, 0x00, 0x00, 0x00, 0x00, 0x00, 0x00, 0x00, 0x00, 0x00, 0x00, 0x00,
    0x00, 0x00, 0x00, 0x00, 0x00, 0x00, 0x00, 0x00, 0x00, 0x00, 0x00, 0x00,
    0x00, 0x00, 0x00, 0xFA, 0x03, 0x06, 0xFF, 0x03, 0x02, 0x1E, 0x05, 0x81,
    0x7F, 0x05, 0xFF, 0x1E, 0x05, 0xFA, 0x1E, 0x05, 0xFF, 0x1E, 0x05, 0xFF,
    0x1E, 0x05, 0xFF, 0x1E, 0x05, 0xFE, 0x1E, 0x05, 0xFF, 0x1E, 0x05, 0xFC,
    0x1E, 0x05, 0x34, 0x00, 0x00, 0x00, 0xFF, 0x07, 0x02, 0x00, 0x00, 0x00,
    0x00, 0x00, 0x00, 0x00, 0x00, 0x00, 0x00, 0x00, 0x00, 0x00, 0x00, 0x00,
    0xFF, 0x03, 0x02, 0x00, 0x00, 0x00, 0x3D, 0x05, 0x20, 0x1E, 0x05, 0xEF,
    0x1E, 0x05, 0xFA, 0x1E, 0x05, 0xF8, 0x1E, 0x05, 0xF9, 0x1E, 0x05, 0xF9,
    0x1E, 0x05, 0xF9, 0x1E, 0x05, 0xF9, 0x1E, 0x05, 0xFF, 0x1E, 0x05, 0xFF,
    0x1E, 0x05, 0xFF, 0x1E, 0x05, 0xFF, 0x1E, 0x05, 0xFF, 0x1E, 0x05, 0xFF,
    0x1E, 0x05, 0xFF, 0x1E, 0x05, 0xFF, 0x3F, 0x05, 0xFF, 0x1E, 0x05, 0xDF,
    0xFB, 0x04, 0x08, 0x00, 0x00, 0x00, 0x00, 0x00, 0x00, 0xFE, 0x04, 0x38,
    0x1E, 0x05, 0xF7, 0x1E, 0x05, 0xF9, 0x1E, 0x05, 0xF8, 0x1E, 0x05, 0xF9,
    0x1E, 0x05, 0xF9, 0x1E, 0x05, 0xF7, 0x1E, 0x05, 0xFE, 0x1E, 0x05, 0x58,
    0x00, 0x00, 0x00, 0x5F, 0x05, 0x03, 0x00, 0x00, 0x00, 0x00, 0x00, 0x00,
    0x00, 0x00, 0x00, 0x00, 0x00, 0x00, 0x00, 0x00, 0x00, 0x00, 0x00, 0x00,
    0x00, 0x00, 0x00, 0x00, 0x00, 0x00, 0x5F, 0x05, 0x03, 0x00, 0x00, 0x00,
    0xFE, 0x04, 0x3B, 0x1E, 0x05, 0xF8, 0x1E, 0x05, 0xF9, 0x1E, 0x05, 0xF8,
    0x1E, 0x05, 0xF9, 0x1E, 0x05, 0xF9, 0x1E, 0x05, 0xF9, 0x1E, 0x05, 0xF9,
    0x1E, 0x05, 0xFF, 0x1E, 0x05, 0xFF, 0x1E, 0x05, 0xFF, 0x1E, 0x05, 0xFF,
    0x1E, 0x05, 0xFF, 0x1E, 0x05, 0xFF, 0x1E, 0x05, 0xFF, 0x1E, 0x05, 0xFE,
    0x5F, 0x05, 0xFF, 0x1E, 0x05, 0xB3, 0x00, 0x00, 0x00, 0xFF, 0x07, 0x01,
    0x00, 0x00, 0x00, 0x00, 0x00, 0x00, 0x00, 0x00, 0x00, 0x00, 0x00, 0x00,
    0xFF, 0x07, 0x01, 0x00, 0x00, 0x00, 0x00, 0x00, 0x00, 0xFF, 0x05, 0x04,
    0xFE, 0x04, 0x3B, 0x1E, 0x05, 0x87, 0x1E, 0x05, 0xBF, 0x1E, 0x05, 0xDD,
    0x1E, 0x05, 0xF9, 0x3E, 0x05, 0xFF, 0x1E, 0x05, 0xFF, 0x1E, 0x05, 0xF3,
    0x1E, 0x05, 0xE4, 0x1E, 0x05, 0xC3, 0x1E, 0x05, 0x89, 0x1D, 0x05, 0x31,
    0x00, 0x00, 0x00, 0x00, 0x00, 0x00, 0xFF, 0x07, 0x01, 0x00, 0x00, 0x00,
    0x00, 0x00, 0x00, 0x00, 0x00, 0x00, 0xFF, 0x03, 0x02, 0x00, 0x00, 0x00,
    0x1E, 0x05, 0x32, 0x1E, 0x05, 0xF8, 0x1E, 0x05, 0xF9, 0x1E, 0x05, 0xF8,
    0x1E, 0x05, 0xF9, 0x1E, 0x05, 0xF9, 0x1E, 0x05, 0xF9, 0x1E, 0x05, 0xF9,
    0x3E, 0x05, 0xFF, 0x3E, 0x05, 0xFF, 0x3E, 0x05, 0xFF, 0x1E, 0x05, 0xFA,
    0x1E, 0x05, 0xF6, 0x1E, 0x05, 0xF0, 0x1E, 0x05, 0xE3, 0x1E, 0x05, 0xC7,
    0x1E, 0x05, 0x95, 0xFD, 0x04, 0x3C, 0x00, 0x00, 0x00, 0x00, 0x00, 0x00,
    0x1F, 0x00, 0x01, 0x00, 0x00, 0x00, 0x00, 0x00, 0x00, 0x00, 0x00, 0x00,
    0x00, 0x00, 0x00, 0x00, 0x00, 0x00, 0x00, 0x00, 0x00, 0x00, 0x00, 0x00,
    0x00, 0x00, 0x00, 0xFF, 0x03, 0x02, 0x00, 0x00, 0x00, 0x00, 0x00, 0x00,
    0x3E, 0x05, 0x11, 0x1D, 0x05, 0x52, 0x1E, 0x05, 0x9A, 0x1E, 0x05, 0xC6,
    0x1E, 0x05, 0xE1, 0x1E, 0x05, 0xFA, 0x3F, 0x05, 0xFF, 0x3F, 0x05, 0x39,
    0x00, 0xFB, 0x0D, 0xE5, 0xF3, 0xF2, 0xE5, 0xFB, 0xF6, 0xE5, 0xF3, 0xE1,
    0xE5, 0xFB, 0xC6, 0xE5, 0xFB, 0x92, 0xC5, 0xF3, 0x44, 0x00, 0x00, 0x00,
    0x00, 0x00, 0x00, 0xA0, 0xFA, 0x03, 0x00, 0x00, 0x00, 0xFF, 0x05, 0x04,
    0x00, 0x00, 0x00, 0x1D, 0x05, 0x64, 0x3F, 0x05, 0xEC, 0x1E, 0x05, 0xE4,
    0x1E, 0x05, 0xE7, 0x1E, 0x05, 0xE7, 0x1E, 0x05, 0xE7, 0x1E, 0x05, 0xE6,
    0x3E, 0x05, 0xE7, 0x1D, 0x05, 0x41, 0x00, 0x00, 0x00, 0x5F, 0x05, 0x03,
    0x00, 0x00, 0x00, 0x00, 0x00, 0x00, 0x00, 0x00, 0x00, 0x00, 0x00, 0x00,
    0x00, 0x00, 0x00, 0x00, 0x00, 0x00, 0x5F, 0x05, 0x03, 0x00, 0x00, 0x00,
    0x1E, 0x05, 0x3C, 0x1E, 0x05, 0xF8, 0x1E, 0x05, 0xF6, 0x3E, 0x05, 0xFB,
    0x1E, 0x05, 0x58, 0x00, 0x00, 0x00, 0xF7, 0x03, 0x04, 0x00, 0x00, 0x00,
    0x00, 0x00, 0x00, 0x00, 0x00, 0x00, 0x00, 0x00, 0x00, 0x00, 0x00, 0x00,
    0x00, 0x00, 0x00, 0x55, 0x05, 0x03, 0x00, 0x00, 0x00, 0xFD, 0x04, 0x70,
    0x5F, 0x05, 0xE9, 0x1E, 0x05, 0xE7, 0x1E, 0x05, 0xCD, 0x7C, 0x04, 0x09,
    0x00, 0x00, 0x00, 0x00, 0x00, 0x00, 0x00, 0x00, 0x00, 0xFF, 0x03, 0x02,
    0x00, 0x00, 0x00, 0x1E, 0x05, 0x29, 0x1E, 0x05, 0xFA, 0x1E, 0x05, 0xFD,
    0x5F, 0x05, 0xFF, 0x1E, 0x05, 0xB1, 0xE0, 0xFF, 0x01, 0x00, 0x00, 0x00,
    0xE5, 0xF3, 0x4C, 0xE5, 0xFB, 0xFD, 0x05, 0xFC, 0xFF, 0xE5, 0xFB, 0xE4,
    0xE5, 0xF3, 0x4D, 0x00, 0x00, 0x00, 0xE0, 0xFB, 0x02, 0x55, 0xAD, 0x03,
    0x00, 0x00, 0x00, 0x1E, 0x05, 0x34, 0x1E, 0x05, 0xBF, 0x1E, 0x05, 0xBE,
    0x1E, 0x05, 0x4A, 0x9B, 0x04, 0x07, 0x00, 0x00, 0x00, 0x00, 0x00, 0x00,
    0x00, 0x00, 0x00, 0x5F, 0x05, 0x03, 0x5F, 0x05, 0x03, 0x5F, 0x05, 0x03,
    0xFF, 0x03, 0x02, 0xEF, 0x03, 0x02, 0xFF, 0x07, 0x01, 0xFF, 0x07, 0x01,
    0xEF, 0x03, 0x02, 0xFF, 0x03, 0x02, 0xF7, 0x03, 0x04, 0x00, 0x00, 0x00,
    0x00, 0x00, 0x00, 0x1E, 0x05, 0xBA, 0x5F, 0x05, 0xFF, 0x1E, 0x05, 0xFC,
    0x1E, 0x05, 0xFF, 0x1E, 0x05, 0xFF, 0x1E, 0x05, 0xFF, 0x1E, 0x05, 0xFF,
    0x1E, 0x05, 0xFE, 0x3E, 0x05, 0xFF, 0xFE, 0x04, 0x52, 0x00, 0x00, 0x00,
    0x5F, 0x05, 0x03, 0x00, 0x00, 0x00, 0x00, 0x00, 0x00, 0x00, 0x00, 0x00,
    0x00, 0x00, 0x00, 0x00, 0x00, 0x00, 0xFF, 0x07, 0x02, 0x00, 0x00, 0x00,
    0x1E, 0x05, 0x36, 0x1E, 0x05, 0xFE, 0x1E, 0x05, 0xFF, 0x1E, 0x05, 0xFF,
    0x1E, 0x05, 0xFF, 0x1E, 0x05, 0xFF, 0x1E, 0x05, 0xFF, 0x1E, 0x05, 0xFF,
    0x1E, 0x05, 0xE0, 0x1E, 0x05, 0xDA, 0x1E, 0x05, 0xDC, 0x1D, 0x05, 0xDC,
    0x1D, 0x05, 0xDC, 0x1D, 0x05, 0xDC, 0x1D, 0x05, 0xDC, 0x1E, 0x05, 0xD8,
    0x5F, 0x05, 0xDC, 0x1E, 0x05, 0x8F, 0x00, 0x00, 0x00, 0xDF, 0x04, 0x05,
    0x00, 0x00, 0x00, 0x1E, 0x05, 0x5A, 0x5F, 0x05, 0xFF, 0x1E, 0x05, 0xFF,
    0x1E, 0x05, 0xFF, 0x1E, 0x05, 0xFF, 0x1E, 0x05, 0xFF, 0x1E, 0x05, 0xFF,
    0x1E, 0x05, 0xFD, 0x1E, 0x05, 0x36, 0x00, 0x00, 0x00, 0xFF, 0x03, 0x02,
    0x00, 0x00, 0x00, 0x00, 0x00, 0x00, 0x00, 0x00, 0x00, 0x00, 0x00, 0x00,
    0x00, 0x00, 0x00, 0x00, 0x00, 0x00, 0x00, 0x00, 0x00, 0x00, 0x00, 0x00,
    0xF7, 0x03, 0x04, 0x00, 0x00, 0x00, 0x1D, 0x05, 0x5F, 0x5F, 0x05, 0xFF,
    0x1E, 0x05, 0xFE, 0x1E, 0x05, 0xFF, 0x1E, 0x05, 0xFF, 0x1E, 0x05, 0xFF,
    0x1E, 0x05, 0xFF, 0x1E, 0x05, 0xFE, 0x1E, 0x05, 0xDD, 0x1E, 0x05, 0xDB,
    0x1E, 0x05, 0xDC, 0x1D, 0x05, 0xDC, 0x1D, 0x05, 0xDC, 0x1D, 0x05, 0xDC,
    0x1D, 0x05, 0xDC, 0x1E, 0x05, 0xD8, 0x5F, 0x05, 0xDC, 0x1E, 0x05, 0x7F,
    0x00, 0x00, 0x00, 0x55, 0x05, 0x03, 0x00, 0x00, 0x00, 0x00, 0x00, 0x00,
    0x00, 0x00, 0x00, 0xFF, 0x03, 0x02, 0x00, 0x00, 0x00, 0xEF, 0x03, 0x02,
    0x1E, 0x05, 0x5B, 0x1E, 0x05, 0xCC, 0x3E, 0x05, 0xFF, 0x5F, 0x05, 0xFF,
    0x5F, 0x05, 0xFF, 0x5F, 0x05, 0xFF, 0x1E, 0x05, 0xDF, 0x1E, 0x05, 0xBD,
    0x1E, 0x05, 0xD3, 0x5F, 0x05, 0xFF, 0x3F, 0x05, 0xFF, 0x5F, 0x05, 0xFF,
    0x5F, 0x05, 0xFF, 0x1E, 0x05, 0xF8, 0x1E, 0x05, 0xA5, 0xFE, 0x04, 0x1A,
    0x00, 0x00, 0x00, 0xFF, 0x07, 0x01, 0x00, 0x00, 0x00, 0x00, 0x00, 0x00,
    0xFF, 0x05, 0x04, 0x00, 0x00, 0x00, 0x1E, 0x05, 0x6B, 0x5F, 0x05, 0xFF,
    0x1E, 0x05, 0xFD, 0x1E, 0x05, 0xFF, 0x1E, 0x05, 0xFF, 0x1E, 0x05, 0xFF,
    0x1E, 0x05, 0xFF, 0x1E, 0x05, 0xFC, 0x1E, 0x05, 0xB1, 0x1E, 0x05, 0xB0,
    0x1E, 0x05, 0xCC, 0x1E, 0x05, 0xFF, 0x3F, 0x05, 0xFF, 0x1E, 0x05, 0xFF,
    0x3E, 0x05, 0xFF, 0x5F, 0x05, 0xFF, 0x5F, 0x05, 0xFF, 0x1E, 0x05, 0xFC,
    0x1D, 0x05, 0x9F, 0xFF, 0x03, 0x04, 0x1F, 0x00, 0x01, 0x1F, 0x00, 0x01,
    0x00, 0x00, 0x00, 0x00, 0x00, 0x00, 0x00, 0x00, 0x00, 0x00, 0x00, 0x00,
    0x00, 0x00, 0x00, 0x00, 0x00, 0x00, 0x55, 0x05, 0x03, 0x00, 0x00, 0x00,
    0xFD, 0x04, 0x0D, 0x1E, 0x05, 0x78, 0x3E, 0x05, 0xDE, 0x5F, 0x05, 0xFF,
    0x5F, 0x05, 0xFF, 0x7F, 0x05, 0xFF, 0x5F, 0x05, 0xFF, 0x1E, 0x05, 0xE0,
    0x1E, 0x05, 0xAF, 0xFF, 0x07, 0x02, 0xC3, 0xFB, 0x1B, 0xE5, 0xF3, 0xCF,
    0xE5, 0xFB, 0xFA, 0x25, 0xFC, 0xFF, 0x05, 0xFC, 0xFF, 0x25, 0xFC, 0xFF,
    0x05, 0xFC, 0xFF, 0xE5, 0xFB, 0xC0, 0xE5, 0xF3, 0x3F, 0x00, 0x00, 0x00,
    0xE0, 0xBB, 0x04, 0xFF, 0x03, 0x02, 0x00, 0x00, 0x00, 0x1E, 0x05, 0x31,
    0x1E, 0x05, 0xFE, 0x3F, 0x05, 0xFF, 0x3E, 0x05, 0xFF, 0x3E, 0x05, 0xFF,
    0x3E, 0x05, 0xFF, 0x1E, 0x05, 0xFF, 0x9F, 0x05, 0xFF, 0x1E, 0x05, 0x81,
    0x00, 0x00, 0x00, 0xDF, 0x04, 0x05, 0x00, 0x00, 0x00, 0x00, 0x00, 0x00,
    0x00, 0x00, 0x00, 0x00, 0x00, 0x00, 0x00, 0x00, 0x00, 0x1F, 0x00, 0x01,
    0xFF, 0x03, 0x02, 0xFF, 0x05, 0x04, 0x1E, 0x05, 0xBC, 0x5F, 0x05, 0xFF,
    0x1E, 0x05, 0xF9, 0x7F, 0x05, 0xFF, 0x1E, 0x05, 0x76, 0x00, 0x00, 0x00,
    0xDF, 0x04, 0x05, 0x00, 0x00, 0x00, 0x00, 0x00, 0x00, 0x00, 0x00, 0x00,
    0x00, 0x00, 0x00, 0x00, 0x00, 0x00, 0xFF, 0x07, 0x01, 0xFF, 0x07, 0x01,
    0x3E, 0x05, 0x17, 0x1E, 0x05, 0xE4, 0x3F, 0x05, 0xFF, 0x5F, 0x05, 0xFF,
    0xFE, 0x04, 0x6E, 0x00, 0x00, 0x00, 0x00, 0x00, 0x00, 0x00, 0x00, 0x00,
    0x00, 0x00, 0x00, 0xFF, 0x03, 0x04, 0x00, 0x00, 0x00, 0x1D, 0x05, 0x61,
    0x5F, 0x05, 0xFF, 0x1E, 0x05, 0xF9, 0x5F, 0x05, 0xFE, 0x1E, 0x05, 0x7E,
    0x00, 0x00, 0x00, 0x55, 0x7D, 0x06, 0x00, 0x00, 0x00, 0xE5, 0xF3, 0x6C,
    0x05, 0xFC, 0xFC, 0x05, 0xFC, 0xFF, 0xE5, 0xFB, 0xFC, 0xC5, 0xF3, 0x74,
    0x00, 0x00, 0x00, 0x00, 0x00, 0x00, 0xEF, 0xBD, 0x04, 0x00, 0x00, 0x00,
    0x5F, 0x05, 0x09, 0x1E, 0x05, 0x93, 0x3E, 0x05, 0xFF, 0x3E, 0x05, 0xDC,
    0x1E, 0x05, 0x89, 0x1E, 0x05, 0x3A, 0x1D, 0x05, 0x0E, 0x00, 0x00, 0x00,
    0x00, 0x00, 0x00, 0x00, 0x00, 0x00, 0x00, 0x00, 0x00, 0x00, 0x00, 0x00,
    0x00, 0x00, 0x00, 0x00, 0x00, 0x00, 0x00, 0x00, 0x00, 0x00, 0x00, 0x00,
    0x00, 0x00, 0x00, 0x5F, 0x05, 0x03, 0x1E, 0x05, 0x83, 0x3E, 0x05, 0xFD,
    0x1E, 0x05, 0xFD, 0x1E, 0x05, 0xFF, 0x1E, 0x05, 0xFF, 0x1E, 0x05, 0xFF,
    0x1E, 0x05, 0xFF, 0x1E, 0x05, 0xFF, 0x1E, 0x05, 0xFE, 0x3F, 0x05, 0xFF,
    0xFE, 0x04, 0x55, 0x00, 0x00, 0x00, 0x5F, 0x05, 0x03, 0x00, 0x00, 0x00,
    0x00, 0x00, 0x00, 0x00, 0x00, 0x00, 0x00, 0x00, 0x00, 0x00, 0x00, 0x00,
    0x5F, 0x05, 0x03, 0x00, 0x00, 0x00, 0x1E, 0x05, 0x50, 0x3E, 0x05, 0xFF,
    0x1E, 0x05, 0xFE, 0x1E, 0x05, 0xFE, 0x1E, 0x05, 0xFE, 0x1E, 0x05, 0xFD,
    0x1E, 0x05, 0xFE, 0x1E, 0x05, 0xF1, 0xFE, 0x04, 0x18, 0xD9, 0x04, 0x05,
    0xBF, 0x05, 0x07, 0x5F, 0x05, 0x06, 0x5F, 0x05, 0x06, 0x5F, 0x05, 0x06,
    0x5F, 0x05, 0x06, 0x5F, 0x05, 0x06, 0xFB, 0x04, 0x08, 0xFF, 0x07, 0x01,
    0x00, 0x00, 0x00, 0xFF, 0x03, 0x04, 0x00, 0x00, 0x00, 0x1E, 0x05, 0x6E,
    0x5F, 0x05, 0xFE, 0x1E, 0x05, 0xFB, 0x1E, 0x05, 0xFE, 0x1E, 0x05, 0xFE,
    0x1E, 0x05, 0xFD, 0x1E, 0x05, 0xFE, 0x1E, 0x05, 0xF5, 0xFE, 0x04, 0x15,
    0x00, 0x00, 0x00, 0xFF, 0x07, 0x01, 0x00, 0x00, 0x00, 0x00, 0x00, 0x00,
    0x00, 0x00, 0x00, 0x00, 0x00, 0x00, 0x00, 0x00, 0x00, 0x00, 0x00, 0x00,
    0x00, 0x00, 0x00, 0x00, 0x00, 0x00, 0xF7, 0x03, 0x04, 0x00, 0x00, 0x00,
    0x1E, 0x05, 0x72, 0x5F, 0x05, 0xFE, 0x1E, 0x05, 0xFB, 0x1E, 0x05, 0xFE,
    0x1E, 0x05, 0xFE, 0x1E, 0x05, 0xFD, 0x3F, 0x05, 0xFE, 0x1E, 0x05, 0xD9,
    0x1F, 0x05, 0x0B, 0xFA, 0x03, 0x06, 0x9F, 0x04, 0x07, 0x5F, 0x05, 0x06,
    0x5F, 0x05, 0x06, 0x5F, 0x05, 0x06, 0x5F, 0x05, 0x06, 0x5F, 0x05, 0x06,
    0xFB, 0x03, 0x08, 0x5F, 0x05, 0x03, 0x00, 0x00, 0x00, 0x00, 0x00, 0x00,
    0x00, 0x00, 0x00, 0x00, 0x00, 0x00, 0xFF, 0x03, 0x02, 0x00, 0x00, 0x00,
    0xFD, 0x04, 0x1A, 0x1E, 0x05, 0xB6, 0x5F, 0x05, 0xFF, 0x5F, 0x05, 0xFF,
    0x1E, 0x05, 0xFD, 0x1E, 0x05, 0xFC, 0x3E, 0x05, 0xF5, 0x1E, 0x05, 0x68,
    0x9D, 0x05, 0x0D, 0x00, 0x00, 0x00, 0xFF, 0x05, 0x04, 0x1E, 0x05, 0x5E,
    0x1E, 0x05, 0xF7, 0x1E, 0x05, 0xFC, 0x1E, 0x05, 0xFB, 0x1E, 0x05, 0xFF,
    0x7F, 0x05, 0xFF, 0x1E, 0x05, 0xDA, 0x1E, 0x05, 0x16, 0xFF, 0x07, 0x01,
    0xEF, 0x03, 0x02, 0x00, 0x00, 0x00, 0xFF, 0x03, 0x04, 0x00, 0x00, 0x00,
    0xFE, 0x04, 0x7E, 0x5F, 0x05, 0xFE, 0x1E, 0x05, 0xFA, 0x1E, 0x05, 0xFE,
    0x1E, 0x05, 0xFE, 0x1E, 0x05, 0xFD, 0x3E, 0x05, 0xFE, 0x1E, 0x05, 0xDB,
    0x00, 0x00, 0x00, 0x00, 0x00, 0x00, 0x00, 0x00, 0x00, 0xFE, 0x04, 0x45,
    0x1E, 0x05, 0xDD, 0x3E, 0x05, 0xFD, 0x1E, 0x05, 0xFC, 0x1E, 0x05, 0xFC,
    0x1E, 0x05, 0xFB, 0x1E, 0x05, 0xFE, 0x7F, 0x05, 0xFF, 0xFE, 0x04, 0x8E,
    0x00, 0x00, 0x00, 0xFF, 0x07, 0x02, 0x00, 0x00, 0x00, 0x00, 0x00, 0x00,
    0x00, 0x00, 0x00, 0x00, 0x00, 0x00, 0x00, 0x00, 0x00, 0x5F, 0x05, 0x03,
    0x00, 0x00, 0x00, 0xFD, 0x04, 0x41, 0x1E, 0x05, 0xD9, 0x5F, 0x05, 0xFF,
    0x3E, 0x05, 0xFF, 0x1E, 0x05, 0xFB, 0x3E, 0x05, 0xFF, 0x1E, 0x05, 0xD8,
    0xFE, 0x04, 0x50, 0x1C, 0x05, 0x0B, 0x00, 0x00, 0x00, 0x00, 0x00, 0x00,
    0xE0, 0x07, 0x01, 0xE0, 0xFB, 0x02, 0xC5, 0xF3, 0x2C, 0xE5, 0xFB, 0xB8,
    0x05, 0xFC, 0xFF, 0xE5, 0xF3, 0xFA, 0xE5, 0xF3, 0xFD, 0x25, 0xFC, 0xFF,
    0x05, 0xFC, 0xF6, 0xC5, 0xF3, 0x5C, 0x00, 0x00, 0x00, 0xAA, 0xFA, 0x03,
    0x00, 0x00, 0x00, 0x7C, 0x04, 0x09, 0xFE, 0x04, 0xDE, 0x3E, 0x05, 0xFE,
    0x1E, 0x05, 0xFC, 0x1E, 0x05, 0xFE, 0x1E, 0x05, 0xFE, 0x1E, 0x05, 0xFA,
    0x5F, 0x05, 0xFE, 0x1E, 0x05, 0x9E, 0x00, 0x00, 0x00, 0xFF, 0x03, 0x02,
    0x00, 0x00, 0x00, 0x00, 0x00, 0x00, 0x00, 0x00, 0x00, 0x00, 0x00, 0x00,
    0x00, 0x00, 0x00, 0x5F, 0x05, 0x03, 0x00, 0x00, 0x00, 0x1D, 0x05, 0x63,
    0x7F, 0x05, 0xFF, 0x1E, 0x05, 0xFB, 0x1E, 0x05, 0xFB, 0x5F, 0x05, 0xFE,
    0x1E, 0x05, 0xA0, 0x00, 0x00, 0x00, 0xBF, 0x02, 0x03, 0x00, 0x00, 0x00,
    0x00, 0x00, 0x00, 0x00, 0x00, 0x00, 0x00, 0x00, 0x00, 0x00, 0x00, 0x00,
    0xFF, 0x03, 0x02, 0x00, 0x00, 0x00, 0x1E, 0x05, 0x94, 0x5F, 0x05, 0xFF,
    0x1E, 0x05, 0xFE, 0x1E, 0x05, 0xDE, 0x5F, 0x05, 0x06, 0x00, 0x00, 0x01,
    0x00, 0x00, 0x00, 0x00, 0x00, 0x00, 0x00, 0x00, 0x00, 0xD9, 0x04, 0x05,
    0x00, 0x00, 0x00, 0xFD, 0x04, 0x85, 0x7F, 0x05, 0xFF, 0x1E, 0x05, 0xF7,
    0x5F, 0x05, 0xFF, 0x1E, 0x05, 0x69, 0x00, 0x00, 0x00, 0xFF, 0x05, 0x04,
    0xE7, 0xFB, 0x04, 0x00, 0x00, 0x00, 0xE5, 0xF3, 0x7F, 0x05, 0xFC, 0xFF,
    0xE5, 0xFB, 0xFA, 0x05, 0xFC, 0xFF, 0x05, 0xFC, 0xA7, 0x65, 0xEB, 0x17,
    0x00, 0x00, 0x00, 0xEA, 0xAB, 0x06, 0x00, 0x00, 0x00, 0x00, 0x00, 0x00,
    0x1E, 0x05, 0x39, 0x1E, 0x05, 0xD1, 0xBF, 0x05, 0xFF, 0x3F, 0x05, 0xFF,
    0x1E, 0x05, 0xD7, 0x1E, 0x05, 0xA5, 0x1E, 0x05, 0x6F, 0x1E, 0x05, 0x46,
    0xFE, 0x04, 0x25, 0x1E, 0x05, 0x16, 0xFD, 0x04, 0x10, 0x5F, 0x05, 0x0F,
    0xFD, 0x04, 0x18, 0x1E, 0x05, 0x36, 0x1E, 0x05, 0x6D, 0x1E, 0x05, 0xC5,
    0x5F, 0x05, 0xFF, 0x1E, 0x05, 0xFF, 0x1E, 0x05, 0xFF, 0x1E, 0x05, 0xFF,
    0x1E, 0x05, 0xFF, 0x1E, 0x05, 0xFF, 0x1E, 0x05, 0xFF, 0x1E, 0x05, 0xFE,
    0x1E, 0x05, 0xFF, 0x1E, 0x05, 0xFD, 0xFE, 0x04, 0x37, 0x00, 0x00, 0x00,
    0xFF, 0x03, 0x02, 0x00, 0x00, 0x00, 0x00, 0x00, 0x00, 0x00, 0x00, 0x00,
    0x00, 0x00, 0x00, 0x00, 0x00, 0x00, 0xFF, 0x05, 0x04, 0x00, 0x00, 0x00,
    0x1E, 0x05, 0x76, 0x7F, 0x05, 0xFF, 0x1E, 0x05, 0xFB, 0x1E, 0x05, 0xFF,
    0x1E, 0x05, 0xFF, 0x1E, 0x05, 0xFD, 0x3F, 0x05, 0xFF, 0x1E, 0x05, 0xD0,
    0x55, 0x05, 0x03, 0x00, 0x00, 0x00, 0x00, 0x00, 0x00, 0x00, 0x00, 0x00,
    0x00, 0x00, 0x00, 0x00, 0x00, 0x00, 0x00, 0x00, 0x00, 0x00, 0x00, 0x00,
    0x00, 0x00, 0x00, 0x00, 0x00, 0x00, 0x00, 0x00, 0x00, 0xFF, 0x03, 0x04,
    0x00, 0x00, 0x00, 0x1E, 0x05, 0x82, 0x7F, 0x05, 0xFF, 0x1E, 0x05, 0xFB,
    0x1E, 0x05, 0xFF, 0x1E, 0x05, 0xFF, 0x1E, 0x05, 0xFD, 0x3F, 0x05, 0xFF,
    0x1E, 0x05, 0xD8, 0xDF, 0x04, 0x05, 0x00, 0x00, 0x00, 0x1F, 0x00, 0x01,
    0x00, 0x00, 0x00, 0x00, 0x00, 0x00, 0x00, 0x00, 0x00, 0x00, 0x00, 0x00,
    0x00, 0x00, 0x00, 0x00, 0x00, 0x00, 0x00, 0x00, 0x00, 0x00, 0x00, 0x00,
    0xF7, 0x03, 0x04, 0x00, 0x00, 0x00, 0x1E, 0x05, 0x86, 0x7F, 0x05, 0xFF,
    0x1E, 0x05, 0xFB, 0x1E, 0x05, 0xFF, 0x1E, 0x05, 0xFF, 0x1E, 0x05, 0xFC,
    0x5F, 0x05, 0xFF, 0x1E, 0x05, 0xBF, 0x00, 0x00, 0x00, 0x00, 0x00, 0x00,
    0x00, 0x00, 0x00, 0x00, 0x00, 0x00, 0x00, 0x00, 0x00, 0x00, 0x00, 0x00,
    0x00, 0x00, 0x00, 0x00, 0x00, 0x00, 0x00, 0x00, 0x00, 0x00, 0x00, 0x00,
    0x00, 0x00, 0x00, 0x00, 0x00, 0x00, 0x00, 0x00, 0x00, 0xFF, 0x07, 0x01,
    0x00, 0x00, 0x00, 0x1D, 0x05, 0x1C, 0x3E, 0x05, 0xD8, 0x5F, 0x05, 0xFF,
    0x1E, 0x05, 0xFC, 0x1E, 0x05, 0xFC, 0x1E, 0x05, 0xFD, 0x3E, 0x05, 0xFA,
    0x1E, 0x05, 0x47, 0x00, 0x00, 0x00, 0x00, 0x00, 0x00, 0xFF, 0x03, 0x02,
    0xFF, 0x07, 0x01, 0x00, 0x00, 0x00, 0x1E, 0x05, 0x9F, 0x5F, 0x05, 0xFF,
    0x1E, 0x05, 0xFC, 0x1E, 0x05, 0xFF, 0x1D, 0x05, 0xFA, 0x7F, 0x05, 0xFF,
    0x1E, 0x05, 0xA8, 0x00, 0x00, 0x00, 0xFF, 0x03, 0x02, 0x1F, 0x00, 0x01,
    0x5F, 0x05, 0x03, 0x00, 0x00, 0x00, 0xFE, 0x04, 0x93, 0x5F, 0x05, 0xFF,
    0x1E, 0x05, 0xFB, 0x1E, 0x05, 0xFF, 0x1E, 0x05, 0xFF, 0x1E, 0x05, 0xFC,
    0x5F, 0x05, 0xFF, 0x1E, 0x05, 0xBA, 0xFF, 0x03, 0x02, 0x55, 0x05, 0x03,
    0xD9, 0x04, 0x05, 0x00, 0x00, 0x00, 0x1E, 0x05, 0x6A, 0x5F, 0x05, 0xFF,
    0x1E, 0x05, 0xFC, 0x1E, 0x05, 0xFF, 0x1E, 0x05, 0xFF, 0x1E, 0x05, 0xFD,
    0x1E, 0x05, 0xFC, 0x1E, 0x05, 0xF5, 0xFE, 0x04, 0x1A, 0x00, 0x00, 0x00,
    0xFF, 0x07, 0x01, 0x00, 0x00, 0x00, 0x00, 0x00, 0x00, 0x00, 0x00, 0x00,
    0x5F, 0x05, 0x03, 0x00, 0x00, 0x00, 0xFD, 0x04, 0x53, 0x3E, 0x05, 0xF8,
    0x3F, 0x05, 0xFF, 0x1E, 0x05, 0xFC, 0x1E, 0x05, 0xFB, 0x5F, 0x05, 0xFF,
    0x1E, 0x05, 0xD1, 0xDC, 0x04, 0x14, 0x00, 0x00, 0x00, 0x00, 0x00, 0x00,
    0xFF, 0x07, 0x01, 0x00, 0x00, 0x00, 0x00, 0x00, 0x00, 0x00, 0xF8, 0x01,
    0x00, 0x00, 0x00, 0x84, 0xF3, 0x14, 0xE5, 0xFB, 0xD9, 0x05, 0xFC, 0xFE,
    0xE5, 0xF3, 0xFD, 0xE5, 0xF3, 0xFC, 0xE5, 0xFB, 0xFF, 0x05, 0xFC, 0xF9,
    0xE5, 0xFB, 0x50, 0x00, 0x00, 0x00, 0x4A, 0xAD, 0x03, 0x00, 0x00, 0x00,
    0x1E, 0x05, 0xB7, 0x5F, 0x05, 0xFF, 0x1E, 0x05, 0xFC, 0x1E, 0x05, 0xFF,
    0x1E, 0x05, 0xFF, 0x1E, 0x05, 0xFD, 0x3F, 0x05, 0xFF, 0x1E, 0x05, 0xC6,
    0xFF, 0x07, 0x01, 0x00, 0x00, 0x00, 0x1F, 0x00, 0x01, 0x00, 0x00, 0x00,
    0x00, 0x00, 0x00, 0x00, 0x00, 0x00, 0x1F, 0x00, 0x01, 0xFF, 0x07, 0x01,
    0xF7, 0x03, 0x04, 0xFD, 0x04, 0xC9, 0x3F, 0x05, 0xFE, 0x1E, 0x05, 0xFC,
    0x1E, 0x05, 0xFE, 0x3E, 0x05, 0xFF, 0x1E, 0x05, 0xE4, 0x1C, 0x05, 0x0B,
    0x00, 0x00, 0x00, 0xFF, 0x07, 0x01, 0x00, 0x00, 0x00, 0x00, 0x00, 0x00,
    0x00, 0x00, 0x00, 0xFF, 0x03, 0x02, 0x00, 0x00, 0x00, 0x1F, 0x05, 0x0E,
    0x1E, 0x05, 0xEA, 0x1E, 0x05, 0xFD, 0x3E, 0x05, 0xFA, 0x1E, 0x05, 0x53,
    0x00, 0x00, 0x00, 0x55, 0x05, 0x03, 0x00, 0x00, 0x00, 0x00, 0x00, 0x00,
    0x1F, 0x00, 0x01, 0x00, 0x00, 0x00, 0xFF, 0x07, 0x02, 0x1E, 0x05, 0xC8,
    0x3F, 0x05, 0xFF, 0x1E, 0x05, 0xFB, 0x3F, 0x05, 0xFF, 0xFE, 0x04, 0x55,
    0x00, 0x00, 0x00, 0x5F, 0x05, 0x03, 0x00, 0x00, 0x00, 0xE7, 0xFB, 0x04,
    0x00, 0x00, 0x00, 0xE5, 0xF3, 0x97, 0x25, 0xFC, 0xFF, 0xE5, 0xF3, 0xF8,
    0x25, 0xFC, 0xFF, 0xE5, 0xFB, 0xDC, 0xE5, 0xF3, 0x45, 0x00, 0x00, 0x00,
    0x00, 0x00, 0x00, 0xF5, 0x7B, 0x06, 0x00, 0x00, 0x00, 0x9B, 0x04, 0x07,
    0x1E, 0x05, 0x6B, 0x1E, 0x05, 0xE8, 0x9F, 0x05, 0xFF, 0x7F, 0x05, 0xFF,
    0x3F, 0x05, 0xFF, 0x3F, 0x05, 0xFF, 0x1E, 0x05, 0xF5, 0x1E, 0x05, 0xE4,
    0x1E, 0x05, 0xDD, 0x1E, 0x05, 0xDC, 0x1E, 0x05, 0xE6, 0x1E, 0x05, 0xFF,
    0x5F, 0x05, 0xFF, 0x5F, 0x05, 0xFF, 0x1E, 0x05, 0xFD, 0x1E, 0x05, 0xFF,
    0x1E, 0x05, 0xFF, 0x1E, 0x05, 0xFF, 0x1E, 0x05, 0xFF, 0x1E, 0x05, 0xFF,
    0x1E, 0x05, 0xFF, 0x1E, 0x05, 0xFE, 0x3E, 0x05, 0xFE, 0x1D, 0x05, 0xE6,
    0x1F, 0x05, 0x0B, 0x00, 0x00, 0x00, 0xFF, 0x07, 0x01, 0x00, 0x00, 0x00,
    0x00, 0x00, 0x00, 0x00, 0x00, 0x00, 0x00, 0x00, 0x00, 0x00, 0x00, 0x00,
    0xFF, 0x03, 0x02, 0x00, 0x00, 0x00, 0x1E, 0x05, 0xA6, 0x5F, 0x05, 0xFF,
    0x1E, 0x05, 0xFC, 0x1E, 0x05, 0xFF, 0x1E, 0x05, 0xFF, 0x1E, 0x05, 0xFC,
    0x5F, 0x05, 0xFF, 0x1E, 0x05, 0xA3, 0x00, 0x00, 0x00, 0xFF, 0x03, 0x02,
    0x1F, 0x00, 0x01, 0x1F, 0x00, 0x01, 0x1F, 0x00, 0x01, 0x1F, 0x00, 0x01,
    0x1F, 0x00, 0x01, 0x1F, 0x00, 0x01, 0x1F, 0x00, 0x01, 0x00, 0x00, 0x00,
    0x00, 0x00, 0x00, 0x5F, 0x05, 0x03, 0x00, 0x00, 0x00, 0x1E, 0x05, 0x9A,
    0x7F, 0x05, 0xFF, 0x1E, 0x05, 0xFB, 0x1E, 0x05, 0xFF, 0x1E, 0x05, 0xFF,
    0x1E, 0x05, 0xFC, 0x5F, 0x05, 0xFF, 0xFE, 0x04, 0xA9, 0x00, 0x00, 0x00,
    0xEF, 0x03, 0x02, 0x00, 0x00, 0x00, 0x00, 0x00, 0x00, 0x00, 0x00, 0x00,
    0x00, 0x00, 0x00, 0x00, 0x00, 0x00, 0x00, 0x00, 0x00, 0x00, 0x00, 0x00,
    0x00, 0x00, 0x00, 0x00, 0x00, 0x00, 0x55, 0x05, 0x03, 0x00, 0x00, 0x00,
    0x1E, 0x05, 0x9D, 0x7F, 0x05, 0xFF, 0x1E, 0x05, 0xFB, 0x1E, 0x05, 0xFF,
    0x1E, 0x05, 0xFF, 0x1E, 0x05, 0xFB, 0x5F, 0x05, 0xFF, 0x1E, 0x05, 0xA4,
    0x1F, 0x00, 0x01, 0x5F, 0x05, 0x03, 0x1F, 0x00, 0x01, 0x1F, 0x00, 0x01,
    0x1F, 0x00, 0x01, 0x1F, 0x00, 0x01, 0x1F, 0x00, 0x01, 0x1F, 0x00, 0x01,
    0x1F, 0x00, 0x01, 0x00, 0x00, 0x00, 0x00, 0x00, 0x00, 0x00, 0x00, 0x00,
    0xFF, 0x07, 0x01, 0xFF, 0x03, 0x02, 0xDE, 0x04, 0x17, 0x1E, 0x05, 0xCE,
    0x5F, 0x05, 0xFF, 0x1E, 0x05, 0xFB, 0x1E, 0x05, 0xFF, 0x1E, 0x05, 0xFC,
    0x5F, 0x05, 0xFF, 0xFD, 0x04, 0xA1, 0x00, 0x00, 0x00, 0xFF, 0x05, 0x04,
    0xFF, 0x07, 0x01, 0x00, 0x00, 0x00, 0xFF, 0x05, 0x04, 0x55, 0x05, 0x03,
    0x1D, 0x05, 0x52, 0x3F, 0x05, 0xFF, 0x1D, 0x05, 0xFE, 0x1E, 0x05, 0xFF,
    0x1E, 0x05, 0xFF, 0x1E, 0x05, 0xFB, 0x5F, 0x05, 0xFF, 0x1D, 0x05, 0x54,
    0x00, 0x00, 0x00, 0xF7, 0x05, 0x04, 0xFF, 0x03, 0x02, 0x00, 0x00, 0x00,
    0x1E, 0x05, 0xA7, 0x5F, 0x05, 0xFF, 0x1E, 0x05, 0xFC, 0x1E, 0x05, 0xFF,
    0x1E, 0x05, 0xFF, 0x1E, 0x05, 0xFB, 0x7F, 0x05, 0xFF, 0x1E, 0x05, 0x9B,
    0x00, 0x00, 0x00, 0x5F, 0x05, 0x03, 0xF7, 0x03, 0x04, 0xFF, 0x07, 0x02,
    0xFE, 0x04, 0x48, 0x1E, 0x05, 0xFF, 0x1E, 0x05, 0xFF, 0x1E, 0x05, 0xFF,
    0x1E, 0x05, 0xFF, 0x1E, 0x05, 0xFE, 0x1E, 0x05, 0xFF, 0x1E, 0x05, 0xFA,
    0xFE, 0x04, 0x34, 0x00, 0x00, 0x00, 0xFF, 0x03, 0x02, 0x00, 0x00, 0x00,
    0x00, 0x00, 0x00, 0x5F, 0x05, 0x03, 0x00, 0x00, 0x00, 0x1E, 0x05, 0x56,
    0x5F, 0x05, 0xFA, 0x1E, 0x05, 0xFE, 0x1E, 0x05, 0xFC, 0x1E, 0x05, 0xFE,
    0x1E, 0x05, 0xFD, 0x3E, 0x05, 0xF2, 0xFD, 0x04, 0x32, 0x00, 0x00, 0x00,
    0xDF, 0x04, 0x05, 0x1F, 0x00, 0x01, 0x00, 0x00, 0x00, 0x00, 0x00, 0x00,
    0x00, 0x00, 0x00, 0x00, 0x00, 0x00, 0xE5, 0xD3, 0x06, 0x00, 0x00, 0x00,
    0xE5, 0xF3, 0x81, 0x25, 0xFC, 0xFF, 0xE5, 0xF3, 0xFB, 0xE5, 0xF3, 0xFF,
    0xE5, 0xF3, 0xFC, 0x05, 0xFC, 0xFF, 0xE5, 0xF3, 0xDC, 0xC6, 0xFC, 0x05,
    0xFF, 0x7B, 0x02, 0x00, 0x00, 0x00, 0x1E, 0x05, 0x90, 0x7F, 0x05, 0xFF,
    0x1E, 0x05, 0xFA, 0x1E, 0x05, 0xFF, 0x1E, 0x05, 0xFF, 0x1E, 0x05, 0xFE,
    0x3E, 0x05, 0xFF, 0x1D, 0x05, 0xE9, 0x1E, 0x05, 0x13, 0x00, 0x00, 0x00,
    0xFF, 0x07, 0x01, 0x00, 0x00, 0x00, 0x00, 0x00, 0x00, 0x00, 0x00, 0x00,
    0xF7, 0x03, 0x04, 0x00, 0x00, 0x00, 0x1E, 0x05, 0x67, 0x5F, 0x05, 0xFF,
    0x1E, 0x05, 0xFC, 0x1E, 0x05, 0xFF, 0x1E, 0x05, 0xFE, 0x1E, 0x05, 0xFF,
    0x1E, 0x05, 0xFB, 0x1E, 0x05, 0x33, 0x00, 0x00, 0x00, 0xFF, 0x03, 0x02,
    0x00, 0x00, 0x00, 0x00, 0x00, 0x00, 0x00, 0x00, 0x00, 0xFF, 0x07, 0x02,
    0x00, 0x00, 0x00, 0x1E, 0x05, 0x85, 0x3F, 0x05, 0xFF, 0x5F, 0x05, 0xFF,
    0xFD, 0x04, 0xB3, 0x00, 0x00, 0x00, 0xFF, 0x07, 0x02, 0x00, 0x00, 0x00,
    0x00, 0x00, 0x00, 0x00, 0x00, 0x00, 0xFF, 0x07, 0x01, 0x00, 0x00, 0x00,
    0xBE, 0x04, 0x16, 0x1E, 0x05, 0xEE, 0x1E, 0x05, 0xFF, 0x1E, 0x05, 0xFF,
    0x1E, 0x05, 0xFD, 0x1E, 0x05, 0x36, 0x00, 0x00, 0x00, 0xFF, 0x03, 0x02,
    0x00, 0x00, 0x00, 0x00, 0xF8, 0x01, 0xE0, 0xFB, 0x02, 0xE5, 0xFB, 0x06,
    0xE5, 0xF3, 0x9D, 0x25, 0xFC, 0xFF, 0xE5, 0xF3, 0xF7, 0x05, 0xFC, 0xFF,
    0x05, 0xFC, 0xF9, 0xE5, 0xF3, 0x8E, 0xE5, 0xEB, 0x0C, 0x00, 0x00, 0x00,
    0xD3, 0x9C, 0x05, 0x00, 0x00, 0x00, 0x00, 0x00, 0x00, 0x1D, 0x05, 0x1B,
    0x1E, 0x05, 0x8B, 0x1E, 0x05, 0xEF, 0x5F, 0x05, 0xFF, 0x1E, 0x05, 0xFF,
    0x1E, 0x05, 0xFE, 0x1E, 0x05, 0xFF, 0x3F, 0x05, 0xFF, 0x3F, 0x05, 0xFF,
    0x3E, 0x05, 0xFF, 0x1E, 0x05, 0xFF, 0x1E, 0x05, 0xFC, 0x1E, 0x05, 0xFD,
    0x1E, 0x05, 0xFF, 0x1E, 0x05, 0xFF, 0x1E, 0x05, 0xFF, 0x1E, 0x05, 0xFF,
    0x1E, 0x05, 0xFF, 0x1E, 0x05, 0xFF, 0x1E, 0x05, 0xFF, 0x1D, 0x05, 0xFB,
    0x7F, 0x05, 0xFF, 0x1E, 0x05, 0xA2, 0x00, 0x00, 0x00, 0xFF, 0x07, 0x02,
    0x00, 0x00, 0x01, 0x00, 0x00, 0x00, 0x00, 0x00, 0x00, 0x00, 0x00, 0x00,
    0x00, 0x00, 0x00, 0xFF, 0x07, 0x01, 0x00, 0x00, 0x00, 0x9F, 0x04, 0x07,
    0x1E, 0x05, 0xE5, 0x3E, 0x05, 0xFF, 0x1E, 0x05, 0xFE, 0x1E, 0x05, 0xFF,
    0x1E, 0x05, 0xFF, 0x1E, 0x05, 0xFB, 0x7F, 0x05, 0xFF, 0x1E, 0x05, 0x7B,
    0x00, 0x00, 0x00, 0xFF, 0x05, 0x04, 0x00, 0x00, 0x00, 0x00, 0x00, 0x00,
    0x00, 0x00, 0x00, 0x00, 0x00, 0x00, 0x00, 0x00, 0x00, 0x00, 0x00, 0x00,
    0x00, 0x00, 0x00, 0x00, 0x00, 0x00, 0x1F, 0x00, 0x01, 0x00, 0x00, 0x00,
    0xDF, 0x04, 0x05, 0x1E, 0x05, 0xDA, 0x3F, 0x05, 0xFF, 0x1E, 0x05, 0xFD,
    0x1E, 0x05, 0xFF, 0x1E, 0x05, 0xFF, 0x1E, 0x05, 0xFB, 0x7F, 0x05, 0xFF,
    0x1E, 0x05, 0x82, 0x00, 0x00, 0x00, 0xFF, 0x03, 0x04, 0x00, 0x00, 0x00,
    0x00, 0x00, 0x00, 0x00, 0x00, 0x00, 0x00, 0x00, 0x00, 0x00, 0x00, 0x00,
    0x00, 0x00, 0x00, 0x00, 0x00, 0x00, 0x00, 0x00, 0x00, 0x1F, 0x00, 0x01,
    0x00, 0x00, 0x00, 0xDF, 0x04, 0x05, 0x1E, 0x05, 0xD9, 0x3F, 0x05, 0xFF,
    0x1E, 0x05, 0xFD, 0x1E, 0x05, 0xFF, 0x1E, 0x05, 0xFF, 0x1E, 0x05, 0xFB,
    0x5F, 0x05, 0xFF, 0x1E, 0x05, 0x7E, 0x00, 0x00, 0x00, 0xFF, 0x03, 0x04,
    0x00, 0x00, 0x00, 0x00, 0x00, 0x00, 0x00, 0x00, 0x00, 0x00, 0x00, 0x00,
    0x00, 0x00, 0x00, 0x00, 0x00, 0x00, 0x00, 0x00, 0x00, 0x00, 0x00, 0x00,
    0x00, 0x00, 0x00, 0x00, 0x00, 0x00, 0x5F, 0x05, 0x03, 0x00, 0x00, 0x00,
    0xFD, 0x04, 0x95, 0x7F, 0x05, 0xFF, 0x1E, 0x05, 0xFA, 0x1E, 0x05, 0xFF,
    0x1E, 0x05, 0xFE, 0x1E, 0x05, 0xFE, 0x1E, 0x05, 0xF3, 0x1E, 0x05, 0x1C,
    0xEF, 0x03, 0x02, 0xFF, 0x03, 0x02, 0x00, 0x00, 0x00, 0x00, 0x00, 0x00,
    0xFF, 0x03, 0x02, 0x00, 0x00, 0x00, 0x1E, 0x05, 0x2B, 0x1D, 0x05, 0xFA,
    0x1E, 0x05, 0xFF, 0x1E, 0x05, 0xFE, 0x1E, 0x05, 0xFF, 0x1E, 0x05, 0xFB,
    0x5F, 0x05, 0xFE, 0xFD, 0x04, 0x96, 0x00, 0x00, 0x00, 0x5F, 0x05, 0x03,
    0x00, 0x00, 0x00, 0x5F, 0x05, 0x03, 0x1E, 0x05, 0xCC, 0x3F, 0x05, 0xFF,
    0x1E, 0x05, 0xFD, 0x1E, 0x05, 0xFF, 0x1E, 0x05, 0xFF, 0x1E, 0x05, 0xFB,
    0x5F, 0x05, 0xFF, 0xFE, 0x04, 0x7B, 0x00, 0x00, 0x00, 0xFF, 0x03, 0x04,
    0x5F, 0x05, 0x03, 0x00, 0x00, 0x00, 0xFE, 0x04, 0x48, 0x1E, 0x05, 0xFF,
    0x1E, 0x05, 0xFF, 0x1E, 0x05, 0xFF, 0x1E, 0x05, 0xFF, 0x1E, 0x05, 0xFE,
    0x1E, 0x05, 0xFF, 0x1E, 0x05, 0xFD, 0x1E, 0x05, 0x36, 0x00, 0x00, 0x00,
    0xFF, 0x03, 0x02, 0x00, 0x00, 0x00, 0xFF, 0x03, 0x02, 0xFF, 0x07, 0x01,
    0x3E, 0x05, 0x22, 0x1E, 0x05, 0xE8, 0x3E, 0x05, 0xFF, 0x1D, 0x05, 0xFD,
    0x1E, 0x05, 0xFF, 0x1E, 0x05, 0xFB, 0x7F, 0x05, 0xFF, 0xFD, 0x04, 0xA7,
    0x00, 0x00, 0x00, 0xFF, 0x05, 0x04, 0x00, 0x00, 0x00, 0x00, 0x00, 0x00,
    0x00, 0x00, 0x00, 0x00, 0x00, 0x00, 0x00, 0x00, 0x00, 0x00, 0x00, 0x00,
    0xE7, 0xFB, 0x04, 0xE0, 0xFF, 0x01, 0xC5, 0xF3, 0x68, 0x05, 0xFC, 0xFF,
    0xE5, 0xF3, 0xFC, 0xE5, 0xF3, 0xFF, 0xE5, 0xF3, 0xFF, 0xE5, 0xF3, 0xFC,
    0x05, 0xFC, 0xFF, 0xE5, 0xFB, 0x58, 0x00, 0x00, 0x00, 0x00, 0x00, 0x00,
    0x1E, 0x05, 0x67, 0x5F, 0x05, 0xFF, 0x1E, 0x05, 0xFC, 0x1E, 0x05, 0xFF,
    0x1E, 0x05, 0xFF, 0x1E, 0x05, 0xFE, 0x1E, 0x05, 0xFE, 0x1E, 0x05, 0xFF,
    0xFD, 0x04, 0x43, 0x00, 0x00, 0x00, 0x5F, 0x05, 0x03, 0x00, 0x00, 0x00,
    0x00, 0x00, 0x00, 0x1F, 0x00, 0x01, 0xFF, 0x07, 0x01, 0x55, 0x05, 0x03,
    0xFE, 0x04, 0xCE, 0x3F, 0x05, 0xFE, 0x1E, 0x05, 0xFC, 0x1E, 0x05, 0xFF,
    0x1E, 0x05, 0xFF, 0x1E, 0x05, 0xFC, 0x5F, 0x05, 0xFF, 0x1E, 0x05, 0x66,
    0x00, 0x00, 0x00, 0xFF, 0x05, 0x04, 0x00, 0x00, 0x00, 0x00, 0x00, 0x00,
    0xFF, 0x07, 0x01, 0x1F, 0x00, 0x01, 0x5C, 0x05, 0x09, 0x1E, 0x05, 0xE6,
    0x3F, 0x05, 0xFD, 0x3E, 0x05, 0xF5, 0xFE, 0x04, 0x3A, 0xFF, 0x07, 0x01,
    0xBF, 0x02, 0x03, 0x00, 0x00, 0x00, 0x00, 0x00, 0x00, 0x00, 0x00, 0x00,
    0xFF, 0x03, 0x02, 0x00, 0x00, 0x00, 0xFD, 0x04, 0x30, 0x1E, 0x05, 0xF9,
    0x1E, 0x05, 0xFF, 0x1E, 0x05, 0xFF, 0x1E, 0x05, 0xFE, 0x3E, 0x05, 0x36,
    0x00, 0x00, 0x00, 0xFF, 0x03, 0x02, 0x00, 0x00, 0x00, 0x00, 0x00, 0x00,
    0x00, 0xF8, 0x01, 0x00, 0x00, 0x00, 0x00, 0xF8, 0x01, 0xE5, 0xF3, 0xAE,
    0x25, 0xFC, 0xFF, 0xE5, 0xF3, 0xF9, 0xE5, 0xF3, 0xFF, 0x25, 0xFC, 0xFF,
    0xE5, 0xFB, 0xCD, 0xC5, 0xF3, 0x42, 0x00, 0x00, 0x00, 0x00, 0x00, 0x00,
    0x4F, 0x7D, 0x06, 0x00, 0x00, 0x00, 0x00, 0x00, 0x00, 0x1E, 0x05, 0x26,
    0x1E, 0x05, 0x97, 0x1E, 0x05, 0xEE, 0x5F, 0x05, 0xFF, 0x3E, 0x05, 0xFF,
    0x1E, 0x05, 0xFB, 0x1E, 0x05, 0xFA, 0x1E, 0x05, 0xFC, 0x1E, 0x05, 0xFE,
    0x1E, 0x05, 0xFF, 0x1E, 0x05, 0xFF, 0x1E, 0x05, 0xFF, 0x1E, 0x05, 0xFF,
    0x1E, 0x05, 0xFF, 0x1E, 0x05, 0xFF, 0x1E, 0x05, 0xFF, 0x1E, 0x05, 0xFF,
    0xFD, 0x04, 0xFC, 0x3E, 0x05, 0xFF, 0x3E, 0x05, 0xF1, 0x1D, 0x05, 0x29,
    0x00, 0x00, 0x00, 0x55, 0x05, 0x03, 0x00, 0x00, 0x00, 0x00, 0x00, 0x00,
    0x00, 0x00, 0x00, 0x00, 0x00, 0x00, 0x00, 0x00, 0x00, 0xFF, 0x03, 0x02,
    0x00, 0x00, 0x00, 0xFE, 0x04, 0x2A, 0x1E, 0x05, 0xFB, 0x1E, 0x05, 0xFF,
    0x1E, 0x05, 0xFE, 0x1E, 0x05, 0xFF, 0x1E, 0x05, 0xFF, 0x1E, 0x05, 0xFE,
    0x3E, 0x05, 0xFD, 0x1E, 0x05, 0x46, 0x00, 0x00, 0x00, 0x5F, 0x05, 0x03,
    0x00, 0x00, 0x00, 0x00, 0x00, 0x00, 0x00, 0x00, 0x00, 0x00, 0x00, 0x00,
    0x00, 0x00, 0x00, 0x00, 0x00, 0x00, 0x00, 0x00, 0x00, 0x00, 0x00, 0x00,
    0xFF, 0x07, 0x01, 0x00, 0x00, 0x00, 0x3E, 0x05, 0x1F, 0x1E, 0x05, 0xF9,
    0x1E, 0x05, 0xFF, 0x1E, 0x05, 0xFE, 0x1E, 0x05, 0xFF, 0x1E, 0x05, 0xFF,
    0x1E, 0x05, 0xFD, 0x3F, 0x05, 0xFF, 0xFD, 0x04, 0x53, 0x00, 0x00, 0x00,
    0x5F, 0x05, 0x03, 0x00, 0x00, 0x00, 0x00, 0x00, 0x00, 0x00, 0x00, 0x00,
    0x00, 0x00, 0x00, 0x00, 0x00, 0x00, 0x00, 0x00, 0x00, 0x00, 0x00, 0x00,
    0x00, 0x00, 0x00, 0xFF, 0x03, 0x02, 0x00, 0x00, 0x00, 0x1D, 0x05, 0x21,
    0x1E, 0x05, 0xFA, 0x1E, 0x05, 0xFF, 0x1E, 0x05, 0xFE, 0x1E, 0x05, 0xFF,
    0x1E, 0x05, 0xFF, 0x1E, 0x05, 0xFE, 0x3F, 0x05, 0xFF, 0x1D, 0x05, 0x51,
    0x00, 0x00, 0x00, 0x5F, 0x05, 0x03, 0x00, 0x00, 0x00, 0x00, 0x00, 0x00,
    0x00, 0x00, 0x00, 0x00, 0x00, 0x00, 0x00, 0x00, 0x00, 0x00, 0x00, 0x00,
    0x00, 0x00, 0x00, 0x00, 0x00, 0x00, 0x00, 0x00, 0x00, 0x5F, 0x05, 0x03,
    0x1F, 0x00, 0x01, 0x1D, 0x05, 0x41, 0x3E, 0x05, 0xFD, 0x1E, 0x05, 0xFC,
    0x1E, 0x05, 0xFF, 0x1E, 0x05, 0xFF, 0x1E, 0x05, 0xFC, 0x5F, 0x05, 0xFF,
    0x1E, 0x05, 0xBF, 0x00, 0x00, 0x00, 0x00, 0x00, 0x00, 0x00, 0x00, 0x00,
    0x00, 0x00, 0x00, 0x00, 0x00, 0x00, 0xFF, 0x03, 0x02, 0x00, 0x00, 0x00,
    0x1E, 0x05, 0x24, 0x1E, 0x05, 0xF6, 0x1E, 0x05, 0xFE, 0x1E, 0x05, 0xFD,
    0x1E, 0x05, 0xFE, 0x1E, 0x05, 0xFB, 0x5F, 0x05, 0xFD, 0x1E, 0x05, 0xA7,
    0x00, 0x00, 0x00, 0x55, 0x05, 0x03, 0x00, 0x00, 0x00, 0x1E, 0x05, 0x13,
    0xFD, 0x04, 0xF4, 0x1E, 0x05, 0xFF, 0x1E, 0x05, 0xFE, 0x1E, 0x05, 0xFF,
    0x1E, 0x05, 0xFF, 0x1E, 0x05, 0xFE, 0x3E, 0x05, 0xFF, 0x1D, 0x05, 0x52,
    0x00, 0x00, 0x00, 0x5F, 0x05, 0x03, 0xF7, 0x03, 0x04, 0x00, 0x00, 0x00,
    0x1E, 0x05, 0x60, 0x5F, 0x05, 0xFF, 0x1E, 0x05, 0xFD, 0x1E, 0x05, 0xFF,
    0x1E, 0x05, 0xFF, 0x1E, 0x05, 0xFE, 0x1E, 0x05, 0xFF, 0x1E, 0x05, 0xF7,
    0x1E, 0x05, 0x29, 0x00, 0x00, 0x00, 0xFF, 0x03, 0x02, 0x00, 0x00, 0x00,
    0xFF, 0x07, 0x02, 0x00, 0x00, 0x00, 0x1D, 0x05, 0xA6, 0x7F, 0x05, 0xFF,
    0x1E, 0x05, 0xFA, 0x1E, 0x05, 0xFF, 0x1E, 0x05, 0xFE, 0x1E, 0x05, 0xFE,
    0x3E, 0x05, 0xFE, 0xFD, 0x04, 0x43, 0xFF, 0x07, 0x01, 0x5F, 0x05, 0x03,
    0x00, 0x00, 0x00, 0x00, 0x00, 0x00, 0x00, 0x00, 0x00, 0x00, 0x00, 0x00,
    0x00, 0x00, 0x00, 0x00, 0x00, 0x00, 0xE7, 0xBB, 0x04, 0x00, 0x00, 0x00,
    0xE5, 0xF3, 0x5A, 0x05, 0xFC, 0xFF, 0xE5, 0xF3, 0xFD, 0xE5, 0xF3, 0xFF,
    0xE5, 0xF3, 0xFF, 0xE5, 0xF3, 0xFB, 0x25, 0xFC, 0xFF, 0xE5, 0xF3, 0xA6,
    0x00, 0x00, 0x00, 0x00, 0x00, 0x00, 0x1E, 0x05, 0x26, 0x1E, 0x05, 0xF7,
    0x1E, 0x05, 0xFF, 0x1E, 0x05, 0xFE, 0x1E, 0x05, 0xFF, 0x1E, 0x05, 0xFF,
    0x1E, 0x05, 0xFA, 0x7F, 0x05, 0xFF, 0x1E, 0x05, 0x7F, 0x00, 0x00, 0x00,
    0xFF, 0x05, 0x04, 0x00, 0x00, 0x00, 0x00, 0x00, 0x00, 0x5F, 0x05, 0x03,
    0x00, 0x00, 0x00, 0xFE, 0x04, 0x78, 0x5F, 0x05, 0xFF, 0x1E, 0x05, 0xFC,
    0x1E, 0x05, 0xFF, 0x1E, 0x05, 0xFF, 0x1E, 0x05, 0xFF, 0x1E, 0x05, 0xFA,
    0x7F, 0x05, 0xFF, 0x1D, 0x05, 0x92, 0x00, 0x00, 0x00, 0xF7, 0x03, 0x04,
    0x00, 0x00, 0x00, 0x00, 0x00, 0x00, 0x5F, 0x05, 0x03, 0x00, 0x00, 0x00,
    0x1E, 0x05, 0x7C, 0x3F, 0x05, 0xFF, 0x5F, 0x05, 0xFF, 0xFD, 0x04, 0x9E,
    0x00, 0x00, 0x00, 0x55, 0x05, 0x03, 0x00, 0x00, 0x00, 0x00, 0x00, 0x00,
    0x00, 0x00, 0x00, 0x00, 0x00, 0x00, 0x55, 0x05, 0x03, 0x00, 0x00, 0x00,
    0x1D, 0x05, 0x3E, 0x1E, 0x05, 0xFF, 0x1E, 0x05, 0xFF, 0x1E, 0x05, 0xFD,
    0x3F, 0x05, 0xFF, 0x1D, 0x05, 0x54, 0x00, 0x00, 0x00, 0x5F, 0x05, 0x03,
    0x00, 0x00, 0x00, 0x00, 0x00, 0x00, 0x00, 0x00, 0x00, 0xE0, 0xFB, 0x02,
    0x00, 0x00, 0x00, 0x26, 0xFB, 0x05, 0xE5, 0xF3, 0xB1, 0x25, 0xFC, 0xFF,
    0xE5, 0xF3, 0xFA, 0xE5, 0xF3, 0xFB, 0x05, 0xFC, 0xFF, 0xE5, 0xFB, 0xFF,
    0xE5, 0xFB, 0x96, 0xC6, 0xFB, 0x15, 0x00, 0x00, 0x00, 0x00, 0x00, 0x00,
    0xEF, 0x7B, 0x06, 0x00, 0x00, 0x00, 0x00, 0x00, 0x00, 0x1E, 0x05, 0x21,
    0x3E, 0x05, 0x84, 0x1E, 0x05, 0xDA, 0x3F, 0x05, 0xFF, 0x5F, 0x05, 0xFF,
    0x3E, 0x05, 0xFF, 0x1E, 0x05, 0xFD, 0x1E, 0x05, 0xFC, 0x1E, 0x05, 0xFC,
    0x1E, 0x05, 0xFD, 0x1E, 0x05, 0xFD, 0x1E, 0x05, 0xFE, 0x1E, 0x05, 0xFD,
    0x1E, 0x05, 0xFC, 0x1E, 0x05, 0xFB, 0x3F, 0x05, 0xFF, 0x3F, 0x05, 0xFB,
    0x1D, 0x05, 0x62, 0x00, 0x00, 0x00, 0xFF, 0x07, 0x01, 0xE3, 0xFB, 0x08,
    0xE5, 0xFB, 0x28, 0x00, 0x00, 0x00, 0xE0, 0xFF, 0x01, 0x00, 0x00, 0x00,
    0x00, 0x00, 0x00, 0xF7, 0x03, 0x04, 0x00, 0x00, 0x00, 0x1E, 0x05, 0x5A,
    0x3F, 0x05, 0xFF, 0x1E, 0x05, 0xFD, 0x1E, 0x05, 0xFF, 0x1E, 0x05, 0xFF,
    0x1E, 0x05, 0xFE, 0x1E, 0x05, 0xFF, 0xFE, 0x04, 0xF4, 0xFD, 0x04, 0x10,
    0x00, 0x00, 0x00, 0xFF, 0x07, 0x01, 0x00, 0x00, 0x00, 0x00, 0x00, 0x00,
    0x00, 0x00, 0x00, 0x00, 0x00, 0x00, 0x00, 0x00, 0x00, 0x00, 0x00, 0x00,
    0x00, 0x00, 0x00, 0x00, 0x00, 0x00, 0x5F, 0x05, 0x03, 0x00, 0x00, 0x00,
    0x1E, 0x05, 0x55, 0x3F, 0x05, 0xFF, 0x1E, 0x05, 0xFD, 0x1E, 0x05, 0xFF,
    0x1E, 0x05, 0xFF, 0x1E, 0x05, 0xFE, 0x1E, 0x05, 0xFF, 0x1E, 0x05, 0xF5,
    0xDD, 0x04, 0x17, 0x00, 0x00, 0x00, 0xFF, 0x07, 0x01, 0x00, 0x00, 0x00,
    0x00, 0x00, 0x00, 0x00, 0x00, 0x00, 0x00, 0x00, 0x00, 0x00, 0x00, 0x00,
    0x00, 0x00, 0x00, 0x00, 0x00, 0x00, 0x00, 0x00, 0x00, 0xF7, 0x03, 0x04,
    0x00, 0x00, 0x00, 0x1E, 0x05, 0x57, 0x3F, 0x05, 0xFF, 0x1E, 0x05, 0xFD,
    0x1E, 0x05, 0xFF, 0x1E, 0x05, 0xFF, 0x1E, 0x05, 0xFE, 0x1E, 0x05, 0xFF,
    0xFE, 0x04, 0xF6, 0x3E, 0x05, 0x17, 0x00, 0x00, 0x00, 0xFF, 0x07, 0x01,
    0x00, 0x00, 0x00, 0x00, 0x00, 0x00, 0x00, 0x00, 0x00, 0x00, 0x00, 0x00,
    0x00, 0x00, 0x00, 0x00, 0x00, 0x00, 0x00, 0x00, 0x00, 0x00, 0x00, 0x00,
    0x00, 0x00, 0x00, 0x55, 0x05, 0x03, 0x00, 0x00, 0x00, 0x1E, 0x05, 0x95,
    0x7F, 0x05, 0xFF, 0x1E, 0x05, 0xFB, 0x1E, 0x05, 0xFF, 0x1E, 0x05, 0xFF,
    0x1E, 0x05, 0xFC, 0x5F, 0x05, 0xFF, 0x1E, 0x05, 0x7A, 0x1F, 0x00, 0x01,
    0x5F, 0x05, 0x03, 0x00, 0x00, 0x00, 0x00, 0x00, 0x00, 0x00, 0x00, 0x00,
    0xFF, 0x03, 0x02, 0x00, 0x00, 0x00, 0x3E, 0x05, 0x33, 0x1E, 0x05, 0xFF,
    0x3E, 0x05, 0xFF, 0x3E, 0x05, 0xFF, 0x3E, 0x05, 0xFF, 0x1E, 0x05, 0xFF,
    0x7F, 0x05, 0xFF, 0xFE, 0x04, 0xAE, 0x00, 0x00, 0x00, 0xD9, 0x04, 0x05,
    0x00, 0x00, 0x00, 0x1E, 0x05, 0x4F, 0x3E, 0x05, 0xFE, 0x1E, 0x05, 0xFE,
    0x1E, 0x05, 0xFF, 0x1E, 0x05, 0xFF, 0x1E, 0x05, 0xFE, 0x1E, 0x05, 0xFF,
    0x1E, 0x05, 0xFA, 0x1E, 0x05, 0x23, 0x00, 0x00, 0x00, 0xFF, 0x03, 0x02,
    0xFF, 0x05, 0x04, 0x00, 0x00, 0x00, 0x1E, 0x05, 0x7F, 0x7F, 0x05, 0xFF,
    0x1E, 0x05, 0xFA, 0x1E, 0x05, 0xFF, 0x1E, 0x05, 0xFF, 0x1E, 0x05, 0xFD,
    0x3F, 0x05, 0xFD, 0x1E, 0x05, 0xE4, 0xBD, 0x04, 0x0C, 0x00, 0x00, 0x00,
    0xFF, 0x07, 0x01, 0xBF, 0x02, 0x03, 0x00, 0x00, 0x00, 0xFE, 0x04, 0x2A,
    0x1E, 0x05, 0xF5, 0x1E, 0x05, 0xFD, 0x1E, 0x05, 0xFE, 0x1E, 0x05, 0xFF,
    0x1E, 0x05, 0xFD, 0x5F, 0x05, 0xFF, 0x1D, 0x05, 0xC5, 0xFF, 0x07, 0x01,
    0xFF, 0x07, 0x01, 0x00, 0x00, 0x00, 0x00, 0x00, 0x00, 0x00, 0x00, 0x00,
    0x00, 0x00, 0x00, 0x00, 0x00, 0x00, 0x00, 0x00, 0x00, 0x00, 0x00, 0x00,
    0xE7, 0xBB, 0x04, 0x00, 0x00, 0x00, 0xE5, 0xF3, 0x5A, 0x05, 0xFC, 0xFF,
    0xE5, 0xF3, 0xFD, 0xE5, 0xF3, 0xFF, 0xE5, 0xF3, 0xFF, 0xE5, 0xF3, 0xFD,
    0x05, 0xFC, 0xFF, 0xE5, 0xF3, 0xC3, 0x1F, 0x00, 0x01, 0x00, 0x00, 0x00,
    0xDF, 0x34, 0x05, 0x1E, 0x05, 0xD1, 0x3F, 0x05, 0xFF, 0x1E, 0x05, 0xFD,
    0x1E, 0x05, 0xFF, 0x1E, 0x05, 0xFF, 0x1E, 0x05, 0xFD, 0x3F, 0x05, 0xFF,
    0x1E, 0x05, 0xC8, 0x5F, 0x05, 0x03, 0x00, 0x00, 0x00, 0x1F, 0x00, 0x01,
    0xFF, 0x07, 0x01, 0x00, 0x00, 0x00, 0xFD, 0x04, 0x0D, 0xFD, 0x04, 0xEB,
    0x3E, 0x05, 0xFD, 0x1E, 0x05, 0xFD, 0x1E, 0x05, 0xFF, 0x1E, 0x05, 0xFF,
    0x1E, 0x05, 0xFF, 0x1E, 0x05, 0xFC, 0x5F, 0x05, 0xFF, 0x1E, 0x05, 0xB7,
    0x00, 0x00, 0x00, 0x00, 0x00, 0x00, 0x00, 0x00, 0x00, 0xFF, 0x03, 0x02,
    0x1F, 0x00, 0x01, 0x1E, 0x05, 0x1C, 0x1E, 0x05, 0xF4, 0x3F, 0x05, 0xFE,
    0x1E, 0x05, 0xEF, 0x1E, 0x05, 0x2A, 0xEF, 0x03, 0x02, 0xFF, 0x03, 0x02,
    0x00, 0x00, 0x00, 0x00, 0x00, 0x00, 0x00, 0x00, 0x00, 0x00, 0x00, 0x00,
    0x5F, 0x05, 0x03, 0x00, 0x00, 0x00, 0x1E, 0x05, 0x46, 0x1E, 0x05, 0xFF,
    0x1E, 0x05, 0xFE, 0x1E, 0x05, 0xFC, 0x5F, 0x05, 0xFF, 0x1E, 0x05, 0x69,
    0x00, 0x00, 0x00, 0xFF, 0x03, 0x04, 0x00, 0x00, 0x00, 0x00, 0x00, 0x00,
    0x00, 0x00, 0x00, 0x00, 0x00, 0x00, 0xE0, 0xFF, 0x01, 0x00, 0x00, 0x00,
    0x4A, 0xAD, 0x03, 0xE5, 0xF3, 0xA7, 0x25, 0xFC, 0xFF, 0xE5, 0xF3, 0xFB,
    0xE5, 0xF3, 0xFC, 0xE5, 0xF3, 0xFE, 0x25, 0xFC, 0xFF, 0xE5, 0xFB, 0xE3,
    0xE5, 0xFB, 0x75, 0x85, 0xFB, 0x0B, 0x00, 0x00, 0x00, 0xFF, 0x03, 0x02,
    0xEF, 0x7B, 0x06, 0x00, 0x00, 0x00, 0x00, 0x00, 0x00, 0xFF, 0x04, 0x0D,
    0x1E, 0x05, 0x53, 0x1E, 0x05, 0xAA, 0x1E, 0x05, 0xE4, 0x3F, 0x05, 0xFF,
    0x5F, 0x05, 0xFF, 0x5F, 0x05, 0xFF, 0x3F, 0x05, 0xFF, 0x3E, 0x05, 0xFF,
    0x3E, 0x05, 0xFF, 0x3F, 0x05, 0xFF, 0x5F, 0x05, 0xFF, 0x5F, 0x05, 0xFF,
    0x1E, 0x05, 0xE0, 0xFD, 0x04, 0x4D, 0x00, 0x00, 0x00, 0xD3, 0x9C, 0x05,
    0xE0, 0xFB, 0x02, 0xE5, 0xFB, 0x3F, 0xC5, 0xF3, 0x63, 0x00, 0x00, 0x00,
    0x4A, 0xFD, 0x03, 0x00, 0x00, 0x00, 0x00, 0x00, 0x00, 0xF7, 0x03, 0x04,
    0x00, 0x00, 0x00, 0x1D, 0x05, 0x6F, 0x5F, 0x05, 0xFF, 0x1E, 0x05, 0xFC,
    0x1E, 0x05, 0xFF, 0x1E, 0x05, 0xFF, 0x1E, 0x05, 0xFE, 0x3E, 0x05, 0xFF,
    0x1E, 0x05, 0xE4, 0xBD, 0x04, 0x0C, 0x5F, 0x05, 0x03, 0xFF, 0x03, 0x04,
    0x5F, 0x05, 0x03, 0x5F, 0x05, 0x03, 0x5F, 0x05, 0x03, 0x5F, 0x05, 0x03,
    0xFF, 0x07, 0x02, 0x00, 0x00, 0x00, 0x00, 0x00, 0x00, 0x00, 0x00, 0x00,
    0xFF, 0x03, 0x04, 0x00, 0x00, 0x00, 0xFE, 0x04, 0x6E, 0x5F, 0x05, 0xFF,
    0x1E, 0x05, 0xFC, 0x1E, 0x05, 0xFF, 0x1E, 0x05, 0xFF, 0x1E, 0x05, 0xFE,
    0x3E, 0x05, 0xFF, 0x1E, 0x05, 0xE7, 0x5F, 0x05, 0x09, 0x00, 0x00, 0x00,
    0xFF, 0x07, 0x01, 0x00, 0x00, 0x00, 0x00, 0x00, 0x00, 0x00, 0x00, 0x00,
    0x00, 0x00, 0x00, 0x00, 0x00, 0x00, 0x00, 0x00, 0x00, 0x00, 0x00, 0x00,
    0x00, 0x00, 0x00, 0xFF, 0x03, 0x04, 0x00, 0x00, 0x00, 0x1E, 0x05, 0x71,
    0x5F, 0x05, 0xFF, 0x1E, 0x05, 0xFC, 0x1E, 0x05, 0xFF, 0x1E, 0x05, 0xFF,
    0x1E, 0x05, 0xFE, 0x3E, 0x05, 0xFF, 0x1E, 0x05, 0xE7, 0xBD, 0x04, 0x0C,
    0x5F, 0x05, 0x03, 0xFF, 0x03, 0x04, 0x5F, 0x05, 0x03, 0x5F, 0x05, 0x03,
    0x5F, 0x05, 0x03, 0x5F, 0x05, 0x03, 0x55, 0x05, 0x03, 0x00, 0x00, 0x00,
    0x00, 0x00, 0x00, 0x00, 0x00, 0x00, 0xEF, 0x03, 0x02, 0x00, 0x00, 0x00,
    0xFE, 0x04, 0x18, 0x1E, 0x05, 0xEB, 0x1E, 0x05, 0xFF, 0x1E, 0x05, 0xFE,
    0x1E, 0x05, 0xFF, 0x1E, 0x05, 0xFE, 0x1E, 0x05, 0xFF, 0x1E, 0x05, 0xFB,
    0x3E, 0x05, 0x25, 0x00, 0x00, 0x00, 0xFF, 0x03, 0x02, 0x00, 0x00, 0x00,
    0x00, 0x00, 0x00, 0x00, 0x00, 0x00, 0x00, 0x00, 0x00, 0x00, 0x00, 0x00,
    0x3C, 0x05, 0x11, 0xFE, 0x04, 0x45, 0x1E, 0x05, 0x44, 0x1E, 0x05, 0x44,
    0x1E, 0x05, 0x44, 0x1E, 0x05, 0x44, 0x1D, 0x05, 0x49, 0xFE, 0x04, 0x2D,
    0x00, 0x00, 0x00, 0xD9, 0x04, 0x05, 0x00, 0x00, 0x00, 0x1E, 0x05, 0x85,
    0x7F, 0x05, 0xFF, 0x1E, 0x05, 0xFA, 0x1E, 0x05, 0xFF, 0x1E, 0x05, 0xFF,
    0x1E, 0x05, 0xFE, 0x3F, 0x05, 0xFF, 0x1E, 0x05, 0xDE, 0x5A, 0x05, 0x06,
    0x00, 0x00, 0x00, 0xFF, 0x07, 0x01, 0x5F, 0x05, 0x03, 0x5F, 0x05, 0x03,
    0xFD, 0x04, 0xC9, 0x3F, 0x05, 0xFF, 0x1E, 0x05, 0xFD, 0x1E, 0x05, 0xFF,
    0x1E, 0x05, 0xFE, 0x1E, 0x05, 0xFA, 0x7F, 0x05, 0xFF, 0x1D, 0x05, 0x6D,
    0x00, 0x00, 0x00, 0x5F, 0x05, 0x03, 0x00, 0x00, 0x00, 0x55, 0x05, 0x03,
    0xFF, 0x07, 0x01, 0xFE, 0x04, 0xA6, 0x5F, 0x05, 0xFF, 0x1D, 0x05, 0xFC,
    0x1E, 0x05, 0xFF, 0x1E, 0x05, 0xFF, 0x1E, 0x05, 0xFA, 0x7F, 0x05, 0xFF,
    0x1E, 0x05, 0x7B, 0x00, 0x00, 0x00, 0xDF, 0x04, 0x05, 0x00, 0x00, 0x00,
    0x00, 0x00, 0x00, 0x00, 0x00, 0x00, 0x00, 0x00, 0x00, 0x00, 0x00, 0x00,
    0x00, 0x00, 0x00, 0x00, 0x00, 0x00, 0xE7, 0xBB, 0x04, 0x00, 0x00, 0x00,
    0xC5, 0xF3, 0x5B, 0x05, 0xFC, 0xFF, 0xE5, 0xF3, 0xFD, 0xE5, 0xF3, 0xFF,
    0xE5, 0xF3, 0xFF, 0xE5, 0xF3, 0xFD, 0x05, 0xFC, 0xFF, 0xE5, 0xF3, 0xD0,
    0xE7, 0xFB, 0x04, 0xFF, 0x07, 0x02, 0x00, 0x00, 0x00, 0x1E, 0x05, 0x92,
    0x7F, 0x05, 0xFF, 0x1E, 0x05, 0xFB, 0x1E, 0x05, 0xFF, 0x1E, 0x05, 0xFF,
    0x1E, 0x05, 0xFE, 0x1E, 0x05, 0xFF, 0x1E, 0x05, 0xEE, 0x5E, 0x05, 0x12,
    0x00, 0x00, 0x00, 0xFF, 0x07, 0x01, 0x5F, 0x05, 0x03, 0x00, 0x00, 0x00,
    0x1E, 0x05, 0x79, 0x3F, 0x05, 0xFE, 0x1E, 0x05, 0xFF, 0x1E, 0x05, 0xFF,
    0x1E, 0x05, 0xFF, 0x1E, 0x05, 0xFF, 0x1E, 0x05, 0xFF, 0x1E, 0x05, 0xFE,
    0x3E, 0x05, 0xFF, 0x1E, 0x05, 0xE1, 0x5F, 0x05, 0x06, 0x00, 0x00, 0x00,
    0xFF, 0x07, 0x01, 0xF7, 0x03, 0x04, 0x00, 0x00, 0x00, 0x1E, 0x05, 0x78,
    0x5F, 0x05, 0xFF, 0x3F, 0x05, 0xFF, 0x1D, 0x05, 0x6F, 0x00, 0x00, 0x00,
    0xB5, 0x02, 0x03, 0x00, 0x00, 0x00, 0x00, 0x00, 0x00, 0x00, 0x00, 0x00,
    0x00, 0x00, 0x00, 0x00, 0x00, 0x00, 0x5F, 0x05, 0x03, 0x00, 0x00, 0x00,
    0xFD, 0x04, 0x43, 0x1E, 0x05, 0xFF, 0x1E, 0x05, 0xFF, 0x1E, 0x05, 0xFB,
    0x5F, 0x05, 0xFF, 0x1E, 0x05, 0x7D, 0x1F, 0x00, 0x01, 0x5F, 0x05, 0x03,
    0x00, 0x00, 0x00, 0x00, 0x00, 0x00, 0x00, 0x00, 0x00, 0x00, 0x00, 0x00,
    0x00, 0x00, 0x00, 0xE0, 0xFB, 0x02, 0x00, 0x00, 0x00, 0x26, 0xFB, 0x05,
    0xE5, 0xF3, 0xA2, 0x25, 0xFC, 0xFF, 0xE5, 0xF3, 0xFC, 0xE5, 0xF3, 0xFE,
    0xE5, 0xF3, 0xFC, 0x05, 0xFC, 0xFF, 0x25, 0xFC, 0xFF, 0xE5, 0xFB, 0xCE,
    0xE5, 0xF3, 0x5E, 0xE7, 0xBB, 0x04, 0x00, 0x00, 0x00, 0x00, 0x00, 0x00,
    0xF5, 0x7B, 0x06, 0x00, 0x00, 0x00, 0x00, 0x00, 0x00, 0x00, 0x00, 0x00,
    0x1E, 0x05, 0x16, 0xFD, 0x04, 0x4B, 0x1E, 0x05, 0x82, 0x1E, 0x05, 0xB4,
    0x1E, 0x05, 0xD4, 0x1E, 0x05, 0xE2, 0x1E, 0x05, 0xE8, 0x1E, 0x05, 0xDE,
    0x1D, 0x05, 0xBA, 0x3E, 0x05, 0x6E, 0x9C, 0x04, 0x13, 0x00, 0x00, 0x00,
    0x5F, 0x05, 0x03, 0xE7, 0xBB, 0x04, 0x00, 0x00, 0x00, 0xC5, 0xF3, 0xB6,
    0xC5, 0xF3, 0x6B, 0x00, 0x00, 0x00, 0x4A, 0xFD, 0x03, 0x00, 0x00, 0x00,
    0x00, 0x00, 0x00, 0x5F, 0x05, 0x03, 0x00, 0x00, 0x00, 0x1D, 0x05, 0x83,
    0x5F, 0x05, 0xFF, 0x1E, 0x05, 0xFB, 0x1E, 0x05, 0xFF, 0x1E, 0x05, 0xFF,
    0x1E, 0x05, 0xFD, 0x5F, 0x05, 0xFF, 0x1E, 0x05, 0xC2, 0x00, 0x00, 0x00,
    0x00, 0x00, 0x00, 0x00, 0x00, 0x00, 0x00, 0x00, 0x00, 0x00, 0x00, 0x00,
    0x00, 0x00, 0x00, 0x00, 0x00, 0x00, 0x00, 0x00, 0x00, 0x00, 0x00, 0x00,
    0x00, 0x00, 0x00, 0x00, 0x00, 0x00, 0x5F, 0x05, 0x03, 0x00, 0x00, 0x00,
    0x1D, 0x05, 0x83, 0x5F, 0x05, 0xFF, 0x1E, 0x05, 0xFC, 0x1E, 0x05, 0xFF,
    0x1E, 0x05, 0xFF, 0x1E, 0x05, 0xFD, 0x3F, 0x05, 0xFF, 0x1E, 0x05, 0xCA,
    0xFF, 0x03, 0x02, 0x00, 0x00, 0x00, 0x1F, 0x00, 0x01, 0x00, 0x00, 0x00,
    0x00, 0x00, 0x00, 0x00, 0x00, 0x00, 0x00, 0x00, 0x00, 0x00, 0x00, 0x00,
    0x00, 0x00, 0x00, 0x00, 0x00, 0x00, 0x00, 0x00, 0x00, 0x5F, 0x05, 0x03,
    0x00, 0x00, 0x00, 0x1E, 0x05, 0x85, 0x5F, 0x05, 0xFF, 0x1E, 0x05, 0xFB,
    0x1E, 0x05, 0xFF, 0x1E, 0x05, 0xFF, 0x1E, 0x05, 0xFD, 0x5F, 0x05, 0xFF,
    0x1E, 0x05, 0xC4, 0x00, 0x00, 0x00, 0x00, 0x00, 0x00, 0x00, 0x00, 0x00,
    0x00, 0x00, 0x00, 0x00, 0x00, 0x00, 0x00, 0x00, 0x00, 0x00, 0x00, 0x00,
    0x00, 0x00, 0x00, 0x00, 0x00, 0x00, 0x00, 0x00, 0x00, 0x00, 0x00, 0x00,
    0xFF, 0x05, 0x04, 0x00, 0x00, 0x00, 0x1E, 0x05, 0x77, 0x7F, 0x05, 0xFF,
    0x1E, 0x05, 0xFC, 0x1E, 0x05, 0xFF, 0x1E, 0x05, 0xFF, 0x1E, 0x05, 0xFC,
    0x5F, 0x05, 0xFF, 0x1E, 0x05, 0xC0, 0x00, 0x00, 0x00, 0xFF, 0x07, 0x01,
    0x00, 0x00, 0x01, 0x00, 0x00, 0x00, 0x00, 0x00, 0x00, 0x00, 0x00, 0x00,
    0x00, 0x00, 0x00, 0x00, 0x00, 0x00, 0x00, 0x00, 0x00, 0x00, 0x00, 0x00,
    0x00, 0x00, 0x00, 0x00, 0x00, 0x00, 0x00, 0x00, 0x00, 0x00, 0x00, 0x00,
    0x00, 0x00, 0x00, 0x00, 0x00, 0x00, 0x00, 0x00, 0x00, 0xFF, 0x07, 0x01,
    0x00, 0x00, 0x00, 0x1E, 0x05, 0xAE, 0x5F, 0x05, 0xFF, 0x1E, 0x05, 0xFC,
    0x1E, 0x05, 0xFF, 0x1E, 0x05, 0xFF, 0x1E, 0x05, 0xFB, 0x7F, 0x05, 0xFF,
    0x1E, 0x05, 0x9B, 0x5F, 0x05, 0x03, 0x5F, 0x05, 0x06, 0x5F, 0x05, 0x06,
    0x00, 0x00, 0x00, 0x1D, 0x05, 0x5C, 0x5F, 0x05, 0xFF, 0x1E, 0x05, 0xFC,
    0x1E, 0x05, 0xFD, 0x1E, 0x05, 0xFC, 0x1E, 0x05, 0xFE, 0x7F, 0x05, 0xFF,
    0x1E, 0x05, 0xB6, 0xFF, 0x03, 0x02, 0xFF, 0x07, 0x01, 0x1F, 0x00, 0x01,
    0xFF, 0x07, 0x01, 0x00, 0x00, 0x00, 0xFE, 0x04, 0x15, 0x1E, 0x05, 0xF1,
    0x1E, 0x05, 0xFE, 0x1E, 0x05, 0xFE, 0x1E, 0x05, 0xFF, 0x1E, 0x05, 0xFF,
    0x1E, 0x05, 0xFE, 0x3E, 0x05, 0xFF, 0xFE, 0x04, 0x4B, 0x00, 0x00, 0x00,
    0x5F, 0x05, 0x03, 0x00, 0x00, 0x00, 0x00, 0x00, 0x00, 0x00, 0x00, 0x00,
    0x00, 0x00, 0x00, 0x00, 0x00, 0x00, 0x00, 0x00, 0x00, 0x00, 0x00, 0x00,
    0xE7, 0xFB, 0x04, 0x00, 0x00, 0x00, 0xE5, 0xF3, 0x62, 0x05, 0xFC, 0xFF,
    0xE5, 0xF3, 0xFD, 0xE5, 0xF3, 0xFF, 0xE5, 0xF3, 0xFF, 0xE5, 0xF3, 0xFD,
    0x05, 0xFC, 0xFF, 0xE5, 0xF3, 0xD1, 0xE7, 0xFB, 0x04, 0x5F, 0x05, 0x03,
    0x00, 0x00, 0x00, 0x1E, 0x05, 0x6A, 0x5F, 0x05, 0xFF, 0x1E, 0x05, 0xFC,
    0x1E, 0x05, 0xFF, 0x1E, 0x05, 0xFF, 0x1E, 0x05, 0xFE, 0x1E, 0x05, 0xFF,
    0x1D, 0x05, 0xF7, 0x1E, 0x05, 0x29, 0x00, 0x00, 0x00, 0x5F, 0x05, 0x03,
    0xFF, 0x07, 0x01, 0x1E, 0x05, 0x13, 0xFE, 0x04, 0xF2, 0x3E, 0x05, 0xFF,
    0x1E, 0x05, 0xA7, 0x1E, 0x05, 0xF7, 0x1E, 0x05, 0xFF, 0x1E, 0x05, 0xFF,
    0x1E, 0x05, 0xFF, 0x1E, 0x05, 0xFE, 0x1E, 0x05, 0xFF, 0x1E, 0x05, 0xFA,
    0xFE, 0x04, 0x25, 0x00, 0x00, 0x00, 0x5F, 0x05, 0x03, 0xFF, 0x07, 0x01,
    0x1D, 0x05, 0x1B, 0x1E, 0x05, 0xE6, 0x5F, 0x05, 0xFE, 0xFE, 0x04, 0xE4,
    0x1D, 0x05, 0x0E, 0xFF, 0x03, 0x02, 0xFF, 0x07, 0x01, 0x00, 0x00, 0x00,
    0x00, 0x00, 0x00, 0x00, 0x00, 0x00, 0x00, 0x00, 0x00, 0x00, 0x00, 0x00,
    0x55, 0x05, 0x03, 0x00, 0x00, 0x00, 0x1E, 0x05, 0x39, 0x1E, 0x05, 0xFE,
    0x1E, 0x05, 0xFF, 0x1E, 0x05, 0xFB, 0x5F, 0x05, 0xFF, 0x1E, 0x05, 0x9E,
    0x00, 0x00, 0x00, 0xFF, 0x03, 0x02, 0x00, 0x00, 0x00, 0x00, 0x00, 0x00,
    0x00, 0x00, 0x00, 0x00, 0x00, 0x00, 0x1F, 0x00, 0x01, 0x00, 0x00, 0x00,
    0xDB, 0x0C, 0x14, 0xB5, 0x52, 0x03, 0xCC, 0xCC, 0x05, 0xE5, 0xF3, 0x84,
    0x25, 0xFC, 0xFF, 0xE5, 0xF3, 0xFD, 0xE5, 0xF3, 0xFE, 0xE5, 0xF3, 0xFD,
    0xE5, 0xF3, 0xFC, 0x05, 0xFC, 0xFF, 0x25, 0xFC, 0xFF, 0xE5, 0xFB, 0xC9,
    0xE5, 0xF3, 0x5B, 0x44, 0xFC, 0x0D, 0x00, 0x00, 0x00, 0x00, 0x00, 0x00,
    0xD3, 0x64, 0x05, 0xEF, 0x7B, 0x06, 0x00, 0x00, 0x00, 0x00, 0x00, 0x00,
    0x00, 0x00, 0x00, 0x00, 0x00, 0x00, 0xFB, 0x04, 0x08, 0xFE, 0x04, 0x15,
    0x1D, 0x05, 0x1B, 0x3E, 0x05, 0x11, 0x00, 0x00, 0x00, 0x00, 0x00, 0x00,
    0x00, 0x00, 0x00, 0x55, 0x55, 0x03, 0x20, 0xFB, 0x05, 0x00, 0x00, 0x00,
    0xC5, 0xF3, 0x40, 0x05, 0xFC, 0xFC, 0xC5, 0xF3, 0x51, 0x00, 0x00, 0x00,
    0x4A, 0xFD, 0x03, 0x00, 0x00, 0x00, 0x00, 0x00, 0x00, 0x5F, 0x05, 0x03,
    0x00, 0x00, 0x00, 0x1E, 0x05, 0x94, 0x7F, 0x05, 0xFF, 0x1E, 0x05, 0xFB,
    0x1E, 0x05, 0xFF, 0x1E, 0x05, 0xFF, 0x1E, 0x05, 0xFC, 0x5F, 0x05, 0xFF,
    0x1E, 0x05, 0xBC, 0x1E, 0x05, 0x33, 0xFE, 0x04, 0x35, 0x1E, 0x05, 0x34,
    0x1E, 0x05, 0x34, 0x1E, 0x05, 0x34, 0x1E, 0x05, 0x34, 0xFE, 0x04, 0x35,
    0x1E, 0x05, 0x33, 0x5F, 0x05, 0x03, 0x00, 0x00, 0x00, 0x00, 0x00, 0x00,
    0x5F, 0x05, 0x03, 0x00, 0x00, 0x00, 0x1E, 0x05, 0x94, 0x7F, 0x05, 0xFF,
    0x1E, 0x05, 0xFB, 0x1E, 0x05, 0xFF, 0x1E, 0x05, 0xFF, 0x1E, 0x05, 0xFC,
    0x5F, 0x05, 0xFF, 0x1E, 0x05, 0xAF, 0x00, 0x00, 0x00, 0xFF, 0x07, 0x01,
    0x00, 0x00, 0x00, 0x00, 0x00, 0x00, 0x00, 0x00, 0x00, 0x00, 0x00, 0x00,
    0x00, 0x00, 0x00, 0x00, 0x00, 0x00, 0x00, 0x00, 0x00, 0x00, 0x00, 0x00,
    0x00, 0x00, 0x00, 0x55, 0x05, 0x03, 0x00, 0x00, 0x00, 0xFE, 0x04, 0x98,
    0x5F, 0x05, 0xFF, 0x1E, 0x05, 0xFB, 0x1E, 0x05, 0xFF, 0x1E, 0x05, 0xFF,
    0x1E, 0x05, 0xFC, 0x5F, 0x05, 0xFF, 0x1E, 0x05, 0xBB, 0x1E, 0x05, 0x33,
    0xFE, 0x04, 0x35, 0x1E, 0x05, 0x34, 0x1E, 0x05, 0x34, 0x1E, 0x05, 0x34,
    0x1E, 0x05, 0x34, 0x1E, 0x05, 0x34, 0x1E, 0x05, 0x36, 0xFF, 0x05, 0x04,
    0x00, 0x00, 0x00, 0x00, 0x00, 0x00, 0xFF, 0x07, 0x01, 0x00, 0x00, 0x00,
    0x1E, 0x05, 0xB2, 0x5F, 0x05, 0xFE, 0x1E, 0x05, 0xFC, 0x1E, 0x05, 0xFF,
    0x1E, 0x05, 0xFF, 0x1E, 0x05, 0xFB, 0x7F, 0x05, 0xFF, 0x1E, 0x05, 0x8B,
    0x00, 0x00, 0x00, 0xF7, 0x03, 0x04, 0x00, 0x00, 0x00, 0x00, 0x00, 0x00,
    0x00, 0x00, 0x00, 0x00, 0x00, 0x00, 0x00, 0x00, 0x00, 0x00, 0x00, 0x00,
    0x1F, 0x00, 0x01, 0x5F, 0x05, 0x03, 0x5F, 0x05, 0x03, 0x5F, 0x05, 0x03,
    0x5F, 0x05, 0x03, 0x5F, 0x05, 0x03, 0x5F, 0x05, 0x03, 0xFF, 0x03, 0x02,
    0x1F, 0x00, 0x01, 0x00, 0x00, 0x00, 0x5F, 0x05, 0x03, 0x1E, 0x05, 0xCD,
    0x3F, 0x05, 0xFF, 0x1E, 0x05, 0xFD, 0x1E, 0x05, 0xFF, 0x1E, 0x05, 0xFF,
    0x1E, 0x05, 0xFA, 0x7F, 0x05, 0xFF, 0xFE, 0x04, 0x70, 0x00, 0x00, 0x00,
    0x00, 0x00, 0x00, 0x00, 0x00, 0x00, 0xFD, 0x04, 0x32, 0x1E, 0x05, 0xE0,
    0x3F, 0x05, 0xFF, 0x1E, 0x05, 0xFF, 0x5F, 0x05, 0xFF, 0x5F, 0x05, 0xFF,
    0x3E, 0x05, 0xFD, 0x1E, 0x05, 0x95, 0xFF, 0x04, 0x08, 0xFF, 0x07, 0x01,
    0xFF, 0x07, 0x01, 0x00, 0x00, 0x00, 0xFF, 0x03, 0x02, 0x00, 0x00, 0x00,
    0xFE, 0x04, 0x35, 0x1E, 0x05, 0xFB, 0x1E, 0x05, 0xFF, 0x1E, 0x05, 0xFE,
    0x1E, 0x05, 0xFF, 0x1E, 0x05, 0xFE, 0x1E, 0x05, 0xFF, 0x1D, 0x05, 0xF9,
    0x1D, 0x05, 0x21, 0x00, 0x00, 0x00, 0xEF, 0x03, 0x02, 0x00, 0x00, 0x00,
    0x00, 0x00, 0x00, 0x00, 0x00, 0x00, 0x00, 0x00, 0x00, 0x00, 0x00, 0x00,
    0x00, 0x00, 0x00, 0x00, 0x00, 0x00, 0xE7, 0xBB, 0x04, 0x00, 0x00, 0x00,
    0xE5, 0xFB, 0x6F, 0x05, 0xFC, 0xFF, 0xE5, 0xF3, 0xFC, 0xE5, 0xF3, 0xFF,
    0xE5, 0xF3, 0xFF, 0xE5, 0xF3, 0xFD, 0x05, 0xFC, 0xFF, 0xE5, 0xF3, 0xCF,
    0xAA, 0xFA, 0x03, 0xFF, 0x07, 0x01, 0x00, 0x00, 0x00, 0x1E, 0x05, 0x3E,
    0x1E, 0x05, 0xFE, 0x1E, 0x05, 0xFF, 0x1E, 0x05, 0xFE, 0x1E, 0x05, 0xFF,
    0x1E, 0x05, 0xFF, 0x1E, 0x05, 0xFF, 0x3E, 0x05, 0xFF, 0x1E, 0x05, 0x48,
    0x00, 0x00, 0x00, 0x5A, 0x05, 0x06, 0x00, 0x00, 0x00, 0x1D, 0x05, 0x7A,
    0x9F, 0x05, 0xFF, 0x1E, 0x05, 0xC4, 0x1E, 0x05, 0x13, 0x1E, 0x05, 0xE6,
    0x3E, 0x05, 0xFF, 0x1E, 0x05, 0xFE, 0x1E, 0x05, 0xFF, 0x1E, 0x05, 0xFF,
    0x1E, 0x05, 0xFD, 0x3F, 0x05, 0xFF, 0xFE, 0x04, 0x5B, 0x00, 0x00, 0x00,
    0xBF, 0x05, 0x07, 0x00, 0x00, 0x00, 0x1E, 0x05, 0x70, 0x5F, 0x05, 0xFF,
    0x3F, 0x05, 0xFF, 0x1E, 0x05, 0x5A, 0x00, 0x00, 0x00, 0x5F, 0x05, 0x03,
    0x00, 0x00, 0x00, 0x00, 0x00, 0x00, 0x00, 0x00, 0x00, 0x00, 0x00, 0x00,
    0x00, 0x00, 0x00, 0x00, 0x00, 0x00, 0xFF, 0x03, 0x02, 0x00, 0x00, 0x00,
    0x1E, 0x05, 0x26, 0x1E, 0x05, 0xF4, 0x1E, 0x05, 0xFF, 0x1E, 0x05, 0xFD,
    0x3E, 0x05, 0xFF, 0x1D, 0x05, 0xEA, 0x1E, 0x05, 0x13, 0x00, 0x00, 0x00,
    0xFF, 0x07, 0x01, 0x00, 0x00, 0x00, 0x00, 0x00, 0x00, 0x00, 0x00, 0x00,
    0x5F, 0x05, 0x03, 0x00, 0x00, 0x00, 0x1E, 0x05, 0x4E, 0x1D, 0x05, 0x3C,
    0x00, 0x00, 0x00, 0x00, 0x00, 0x00, 0xE5, 0xF3, 0x71, 0x05, 0xFC, 0xFF,
    0xE5, 0xFB, 0xFF, 0xC5, 0xF3, 0xFD, 0xE5, 0xF3, 0xFF, 0xE5, 0xF3, 0xFD,
    0xE5, 0xF3, 0xFC, 0x05, 0xFC, 0xFF, 0x05, 0xFC, 0xFF, 0xE5, 0xF3, 0xD8,
    0xE5, 0xF3, 0x78, 0xE5, 0xFB, 0x25, 0x00, 0x00, 0x00, 0x00, 0x00, 0x00,
    0x00, 0x00, 0x00, 0xF7, 0x3B, 0x04, 0xF5, 0x7B, 0x06, 0xD3, 0x9C, 0x05,
    0x00, 0xF8, 0x01, 0x00, 0x00, 0x00, 0x00, 0x00, 0x00, 0x00, 0x00, 0x00,
    0xEF, 0x7B, 0x04, 0xF5, 0x7B, 0x06, 0xEF, 0xBB, 0x04, 0x00, 0x00, 0x00,
    0x00, 0x00, 0x00, 0xC5, 0xF3, 0x3C, 0xE5, 0xFB, 0xF2, 0x05, 0xFC, 0xFE,
    0xE5, 0xF3, 0x3D, 0x00, 0x00, 0x00, 0xA0, 0xFA, 0x03, 0x00, 0x00, 0x00,
    0x1F, 0x00, 0x01, 0x00, 0x00, 0x00, 0xFF, 0x03, 0x02, 0x1E, 0x05, 0xC2,
    0x5F, 0x05, 0xFF, 0x1E, 0x05, 0xFC, 0x1E, 0x05, 0xFF, 0x1E, 0x05, 0xFF,
    0x1E, 0x05, 0xFF, 0x1E, 0x05, 0xFF, 0x3F, 0x05, 0xFF, 0x5F, 0x05, 0xFF,
    0x5F, 0x05, 0xFF, 0x5F, 0x05, 0xFF, 0x5F, 0x05, 0xFF, 0x5F, 0x05, 0xFF,
    0x5F, 0x05, 0xFF, 0x9F, 0x05, 0xFF, 0x1E, 0x05, 0xE0, 0x5F, 0x05, 0x06,
    0x00, 0x00, 0x00, 0xFF, 0x07, 0x01, 0x1F, 0x00, 0x01, 0xFF, 0x07, 0x01,
    0x1E, 0x05, 0xB7, 0x5F, 0x05, 0xFF, 0x1E, 0x05, 0xFC, 0x1E, 0x05, 0xFF,
    0x1E, 0x05, 0xFF, 0x1E, 0x05, 0xFB, 0x5F, 0x05, 0xFF, 0xFD, 0x04, 0x90,
    0x00, 0x00, 0x00, 0x5F, 0x05, 0x03, 0x00, 0x00, 0x00, 0x00, 0x00, 0x00,
    0x00, 0x00, 0x00, 0x00, 0x00, 0x00, 0x00, 0x00, 0x00, 0x00, 0x00, 0x00,
    0x00, 0x00, 0x00, 0x00, 0x00, 0x00, 0x00, 0x00, 0x00, 0x1F, 0x00, 0x01,
    0xFF, 0x03, 0x02, 0x1E, 0x05, 0xB9, 0x5F, 0x05, 0xFF, 0x1E, 0x05, 0xFC,
    0x1E, 0x05, 0xFF, 0x1E, 0x05, 0xFF, 0x1E, 0x05, 0xFF, 0x1E, 0x05, 0xFF,
    0x3F, 0x05, 0xFF, 0x5F, 0x05, 0xFF, 0x5F, 0x05, 0xFF, 0x5F, 0x05, 0xFF,
    0x5F, 0x05, 0xFF, 0x5F, 0x05, 0xFF, 0x5F, 0x05, 0xFF, 0x7F, 0x05, 0xFF,
    0x1D, 0x05, 0xEB, 0xFF, 0x04, 0x08, 0x00, 0x00, 0x00, 0xEF, 0x03, 0x02,
    0x00, 0x00, 0x00, 0xD9, 0x04, 0x05, 0x1E, 0x05, 0xD4, 0x3F, 0x05, 0xFF,
    0x1E, 0x05, 0xFD, 0x1E, 0x05, 0xFF, 0x1E, 0x05, 0xFF, 0x1E, 0x05, 0xFC,
    0x5F, 0x05, 0xFF, 0x1E, 0x05, 0x76, 0x00, 0x00, 0x00, 0xF7, 0x03, 0x04,
    0x00, 0x00, 0x00, 0x00, 0x00, 0x00, 0x00, 0x00, 0x00, 0x00, 0x00, 0x00,
    0x00, 0x00, 0x00, 0x00, 0x00, 0x00, 0x00, 0x00, 0x00, 0x00, 0x00, 0x00,
    0x00, 0x00, 0x00, 0x00, 0x00, 0x00, 0x00, 0x00, 0x00, 0x00, 0x00, 0x00,
    0x00, 0x00, 0x00, 0x00, 0x00, 0x00, 0xFF, 0x07, 0x01, 0x00, 0x00, 0x00,
    0xFD, 0x04, 0x0D, 0x1E, 0x05, 0xDD, 0x3E, 0x05, 0xFF, 0x1E, 0x05, 0xFD,
    0x1E, 0x05, 0xFF, 0x1E, 0x05, 0xFF, 0x1E, 0x05, 0xFD, 0x3F, 0x05, 0xFF,
    0xFE, 0x04, 0xA1, 0x1E, 0x05, 0x55, 0x1E, 0x05, 0x6C, 0x1E, 0x05, 0xA1,
    0x1E, 0x05, 0xF4, 0x3E, 0x05, 0xFF, 0x1E, 0x05, 0xF2, 0x1E, 0x05, 0xE7,
    0x1E, 0x05, 0xC6, 0x1E, 0x05, 0x95, 0x1E, 0x05, 0x3F, 0x00, 0x00, 0x00,
    0x00, 0x00, 0x00, 0xFF, 0x07, 0x01, 0x00, 0x00, 0x00, 0x00, 0x00, 0x00,
    0x5F, 0x05, 0x03, 0x00, 0x00, 0x00, 0x1E, 0x05, 0x5F, 0x5F, 0x05, 0xFF,
    0x1E, 0x05, 0xFD, 0x1E, 0x05, 0xFF, 0x1E, 0x05, 0xFF, 0x1E, 0x05, 0xFD,
    0x3F, 0x05, 0xFF, 0x1E, 0x05, 0xDB, 0x5C, 0x05, 0x09, 0x00, 0x00, 0x00,
    0xFF, 0x07, 0x01, 0x00, 0x00, 0x00, 0x00, 0x00, 0x00, 0x00, 0x00, 0x00,
    0x00, 0x00, 0x00, 0x00, 0x00, 0x00, 0x00, 0x00, 0x00, 0x00, 0x00, 0x00,
    0xE7, 0xBB, 0x04, 0x00, 0x00, 0x00, 0xE5, 0xF3, 0x81, 0x25, 0xFC, 0xFF,
    0xE5, 0xF3, 0xFB, 0xE5, 0xF3, 0xFF, 0xE5, 0xF3, 0xFF, 0xE5, 0xF3, 0xFC,
    0x05, 0xFC, 0xFF, 0xE5, 0xFB, 0xBE, 0x00, 0x00, 0x00, 0xFF, 0x07, 0x01,
    0x00, 0x00, 0x00, 0x3E, 0x05, 0x17, 0x1E, 0x05, 0xF2, 0x1E, 0x05, 0xFF,
    0x1E, 0x05, 0xFE, 0x1E, 0x05, 0xFF, 0x1E, 0x05, 0xFF, 0x1E, 0x05, 0xFB,
    0x7F, 0x05, 0xFF, 0x1E, 0x05, 0x7D, 0x00, 0x00, 0x00, 0xFF, 0x03, 0x02,
    0x1D, 0x05, 0x2E, 0x1E, 0x05, 0xF7, 0x3E, 0x05, 0xFD, 0x1E, 0x05, 0x39,
    0x00, 0x00, 0x00, 0x1E, 0x05, 0xB4, 0x5F, 0x05, 0xFF, 0x1E, 0x05, 0xFC,
    0x1E, 0x05, 0xFF, 0x1E, 0x05, 0xFF, 0x1E, 0x05, 0xFB, 0x7F, 0x05, 0xFF,
    0x1E, 0x05, 0x8A, 0x00, 0x00, 0x00, 0xFF, 0x03, 0x02, 0xFE, 0x04, 0x18,
    0x1E, 0x05, 0xE0, 0x7F, 0x05, 0xFF, 0x1D, 0x05, 0xD5, 0x7C, 0x04, 0x09,
    0xFF, 0x03, 0x02, 0xFF, 0x07, 0x01, 0x00, 0x00, 0x00, 0x00, 0x00, 0x00,
    0x00, 0x00, 0x00, 0x00, 0x00, 0x00, 0x00, 0x00, 0x00, 0x00, 0x00, 0x00,
    0xFF, 0x07, 0x01, 0x00, 0x00, 0x00, 0x1C, 0x05, 0x0B, 0x1E, 0x05, 0xE4,
    0x3E, 0x05, 0xFF, 0x1E, 0x05, 0xFD, 0x1E, 0x05, 0xFC, 0x5F, 0x05, 0xFF,
    0x1E, 0x05, 0x6A, 0xFF, 0x07, 0x01, 0xFF, 0x03, 0x04, 0x00, 0x00, 0x00,
    0x00, 0x00, 0x00, 0x00, 0x00, 0x00, 0xFF, 0x07, 0x01, 0x00, 0x00, 0x00,
    0x3E, 0x05, 0x14, 0xFE, 0x04, 0xB3, 0xBC, 0x0C, 0x1B, 0x00, 0x00, 0x00,
    0x00, 0x00, 0x00, 0xC5, 0xF3, 0x51, 0xE5, 0xFB, 0xF0, 0x05, 0xFC, 0xFF,
    0xE5, 0xF3, 0xFC, 0xE5, 0xF3, 0xFF, 0xE5, 0xF3, 0xFF, 0xE5, 0xF3, 0xFD,
    0xE5, 0xF3, 0xFD, 0x05, 0xFC, 0xFF, 0x25, 0xFC, 0xFF, 0xE5, 0xFB, 0xF0,
    0xE5, 0xF3, 0xAD, 0xE5, 0xF3, 0x5A, 0xC4, 0xF3, 0x21, 0x00, 0x00, 0x00,
    0x00, 0x00, 0x00, 0x00, 0x00, 0x00, 0x00, 0x00, 0x00, 0x00, 0x00, 0x00,
    0x00, 0x00, 0x00, 0x00, 0x00, 0x00, 0x00, 0x00, 0x00, 0x00, 0x00, 0x00,
    0x00, 0x00, 0x00, 0x85, 0xFB, 0x0B, 0xE5, 0xF3, 0x6A, 0xE5, 0xFB, 0xF2,
    0x05, 0xFC, 0xFF, 0xE5, 0xF3, 0xF7, 0xE5, 0xF3, 0x24, 0x00, 0x00, 0x00,
    0xE0, 0xFB, 0x02, 0x00, 0x00, 0x00, 0xFF, 0x07, 0x01, 0x00, 0x00, 0x00,
    0xFD, 0x04, 0x10, 0x1E, 0x05, 0xF2, 0x1E, 0x05, 0xFF, 0x1E, 0x05, 0xFE,
    0x1E, 0x05, 0xFF, 0x1E, 0x05, 0xFF, 0x1E, 0x05, 0xFF, 0x1E, 0x05, 0xFF,
    0x1E, 0x05, 0xD4, 0x1E, 0x05, 0xBC, 0x1E, 0x05, 0xC1, 0x1E, 0x05, 0xC0,
    0x1E, 0x05, 0xC0, 0x1E, 0x05, 0xC0, 0x1E, 0x05, 0xBD, 0x3F, 0x05, 0xC4,
    0x1D, 0x05, 0x80, 0x00, 0x00, 0x00, 0x00, 0x00, 0x01, 0xFF, 0x07, 0x01,
    0x00, 0x00, 0x00, 0x1C, 0x05, 0x0B, 0x1E, 0x05, 0xED, 0x3E, 0x05, 0xFF,
    0x1E, 0x05, 0xFE, 0x1E, 0x05, 0xFF, 0x1E, 0x05, 0xFF, 0x1E, 0x05, 0xFC,
    0x5F, 0x05, 0xFF, 0x1E, 0x05, 0x69, 0x00, 0x00, 0x00, 0xFF, 0x03, 0x04,
    0x00, 0x00, 0x00, 0x00, 0x00, 0x00, 0x00, 0x00, 0x00, 0x00, 0x00, 0x00,
    0x00, 0x00, 0x00, 0x00, 0x00, 0x00, 0x00, 0x00, 0x00, 0x00, 0x00, 0x00,
    0xFF, 0x07, 0x01, 0x00, 0x00, 0x00, 0xDF, 0x04, 0x0A, 0x1E, 0x05, 0xEE,
    0x1E, 0x05, 0xFF, 0x1E, 0x05, 0xFE, 0x1E, 0x05, 0xFF, 0x1E, 0x05, 0xFF,
    0x1E, 0x05, 0xFF, 0x1E, 0x05, 0xFF, 0x1E, 0x05, 0xD6, 0x1E, 0x05, 0xBC,
    0x1E, 0x05, 0xC1, 0x1E, 0x05, 0xC0, 0x1E, 0x05, 0xC0, 0x1E, 0x05, 0xC0,
    0x1E, 0x05, 0xBE, 0x3F, 0x05, 0xC4, 0x1E, 0x05, 0x83, 0x00, 0x00, 0x00,
    0x00, 0x00, 0x00, 0xFF, 0x07, 0x01, 0x00, 0x00, 0x00, 0x5D, 0x05, 0x0C,
    0x1E, 0x05, 0xED, 0x3E, 0x05, 0xFF, 0x1E, 0x05, 0xFE, 0x1E, 0x05, 0xFF,
    0x1E, 0x05, 0xFF, 0x1E, 0x05, 0xFD, 0x5F, 0x05, 0xFF, 0x1E, 0x05, 0x62,
    0x00, 0x00, 0x00, 0xF7, 0x03, 0x04, 0x00, 0x00, 0x00, 0x00, 0x00, 0x00,
    0x00, 0x00, 0x00, 0x00, 0x00, 0x00, 0x00, 0x00, 0x00, 0x00, 0x00, 0x00,
    0x00, 0x00, 0x00, 0x00, 0x00, 0x00, 0x00, 0x00, 0x00, 0x00, 0x00, 0x00,
    0x00, 0x00, 0x00, 0x00, 0x00, 0x00, 0x00, 0x00, 0x00, 0x00, 0x00, 0x00,
    0xFF, 0x07, 0x01, 0x00, 0x00, 0x00, 0x1E, 0x05, 0x13, 0x1E, 0x05, 0xF0,
    0x1E, 0x05, 0xFF, 0x1E, 0x05, 0xFE, 0x1E, 0x05, 0xFF, 0x1E, 0x05, 0xFF,
    0x1E, 0x05, 0xFF, 0x1E, 0x05, 0xFF, 0x7F, 0x05, 0xFF, 0xBF, 0x05, 0xFF,
    0xBF, 0x05, 0xFF, 0x7F, 0x05, 0xFF, 0x1E, 0x05, 0xFF, 0x1E, 0x05, 0xF6,
    0x1E, 0x05, 0xD0, 0x1E, 0x05, 0xA4, 0x1E, 0x05, 0x5B, 0x96, 0x04, 0x07,
    0x00, 0x00, 0x00, 0xF7, 0x03, 0x04, 0xFF, 0x07, 0x01, 0x00, 0x00, 0x00,
    0x00, 0x00, 0x00, 0x00, 0x00, 0x00, 0xFF, 0x05, 0x04, 0x00, 0x00, 0x00,
    0x1E, 0x05, 0x89, 0x7F, 0x05, 0xFF, 0x1E, 0x05, 0xFA, 0x1E, 0x05, 0xFF,
    0x1E, 0x05, 0xFF, 0x1E, 0x05, 0xFC, 0x5F, 0x05, 0xFF, 0x1E, 0x05, 0xAD,
    0x00, 0x00, 0x00, 0xFF, 0x07, 0x01, 0x00, 0x00, 0x00, 0x00, 0x00, 0x00,
    0x00, 0x00, 0x00, 0x00, 0x00, 0x00, 0x00, 0x00, 0x00, 0x00, 0x00, 0x00,
    0x00, 0x00, 0x00, 0x00, 0x00, 0x00, 0x4A, 0xFD, 0x03, 0x00, 0x00, 0x00,
    0xE5, 0xF3, 0x91, 0x25, 0xFC, 0xFF, 0xE5, 0xF3, 0xFB, 0xE5, 0xF3, 0xFF,
    0xE5, 0xF3, 0xFF, 0xE5, 0xF3, 0xFC, 0x25, 0xFC, 0xFF, 0xE5, 0xF3, 0xA6,
    0x00, 0x00, 0x00, 0xEF, 0xFB, 0x02, 0x00, 0x00, 0x00, 0x55, 0x05, 0x03,
    0x1E, 0x05, 0xC6, 0x3F, 0x05, 0xFF, 0x1E, 0x05, 0xFD, 0x1E, 0x05, 0xFF,
    0x1E, 0x05, 0xFF, 0x1E, 0x05, 0xFD, 0x5F, 0x05, 0xFF, 0x1E, 0x05, 0xC8,
    0x7F, 0x06, 0x05, 0x00, 0x00, 0x00, 0xFD, 0x04, 0x92, 0xBF, 0x05, 0xFF,
    0xFE, 0x04, 0xBB, 0x5F, 0x05, 0x03, 0xFF, 0x07, 0x01, 0x1E, 0x05, 0x91,
    0x5F, 0x05, 0xFF, 0x1E, 0x05, 0xFB, 0x1E, 0x05, 0xFF, 0x1E, 0x05, 0xFF,
    0x1E, 0x05, 0xFC, 0x5F, 0x05, 0xFF, 0x1E, 0x05, 0xAF, 0x00, 0x00, 0x00,
    0x00, 0x00, 0x00, 0x1E, 0x05, 0x84, 0x7F, 0x05, 0xFF, 0x1E, 0x05, 0xF6,
    0x1E, 0x05, 0x39, 0x00, 0x00, 0x00, 0x55, 0x05, 0x03, 0x00, 0x00, 0x00,
    0x00, 0x00, 0x00, 0x00, 0x00, 0x00, 0x00, 0x00, 0x00, 0x00, 0x00, 0x00,
    0x00, 0x00, 0x00, 0x00, 0x00, 0x00, 0x00, 0x00, 0x00, 0xB5, 0x02, 0x03,
    0x00, 0x00, 0x00, 0x1E, 0x05, 0xA5, 0x5F, 0x05, 0xFF, 0x1E, 0x05, 0xFB,
    0x1E, 0x05, 0xFC, 0x5F, 0x05, 0xFF, 0x1D, 0x05, 0xAF, 0x00, 0x00, 0x00,
    0xFF, 0x03, 0x02, 0x00, 0x00, 0x00, 0x00, 0x00, 0x00, 0x00, 0x00, 0x00,
    0x00, 0x00, 0x00, 0x5F, 0x05, 0x03, 0x00, 0x00, 0x00, 0x1E, 0x05, 0x9A,
    0x1E, 0x05, 0xC3, 0x7C, 0x04, 0x09, 0xE7, 0xBB, 0x04, 0x00, 0x00, 0x00,
    0xE5, 0xF3, 0x31, 0xE5, 0xFB, 0xD6, 0x25, 0xFC, 0xFF, 0xE5, 0xF3, 0xFC,
    0xE5, 0xF3, 0xFE, 0xE5, 0xF3, 0xFF, 0xE5, 0xF3, 0xFF, 0xE5, 0xF3, 0xFD,
    0xE5, 0xF3, 0xFC, 0xE5, 0xFB, 0xFF, 0x05, 0xFC, 0xFF, 0x25, 0xFC, 0xFF,
    0xE5, 0xF3, 0xEE, 0xE5, 0xF3, 0xBD, 0xE5, 0xF3, 0x87, 0xE5, 0xF3, 0x56,
    0xC5, 0xF3, 0x36, 0xE5, 0xF3, 0x22, 0xC5, 0xF3, 0x19, 0xE4, 0xFB, 0x1A,
    0xE5, 0xFB, 0x29, 0xE5, 0xF3, 0x45, 0xE5, 0xF3, 0x81, 0xE5, 0xF3, 0xD5,
    0x05, 0xFC, 0xFF, 0xE5, 0xFB, 0xFF, 0xE5, 0xFB, 0xFE, 0xE5, 0xF3, 0xEE,
    0xA4, 0xEB, 0x0D, 0x00, 0x00, 0x00, 0x00, 0xF8, 0x01, 0x00, 0x00, 0x00,
    0x5F, 0x05, 0x03, 0x00, 0x00, 0x00, 0xFE, 0x04, 0x45, 0x1E, 0x05, 0xFE,
    0x1E, 0x05, 0xFE, 0x1E, 0x05, 0xFE, 0x1E, 0x05, 0xFF, 0x1E, 0x05, 0xFE,
    0x1E, 0x05, 0xFF, 0x1E, 0x05, 0xFA, 0xFE, 0x04, 0x25, 0x00, 0x00, 0x00,
    0x00, 0x00, 0x00, 0x00, 0x00, 0x00, 0x00, 0x00, 0x00, 0x00, 0x00, 0x00,
    0x00, 0x00, 0x00, 0x00, 0x00, 0x00, 0x00, 0x00, 0x00, 0x00, 0x00, 0x00,
    0x00, 0x00, 0x00, 0xFF, 0x03, 0x02, 0x00, 0x00, 0x00, 0x1E, 0x05, 0x37,
    0x1E, 0x05, 0xFD, 0x1E, 0x05, 0xFE, 0x1E, 0x05, 0xFE, 0x1E, 0x05, 0xFF,
    0x1E, 0x05, 0xFE, 0x1E, 0x05, 0xFF, 0x1E, 0x05, 0xFC, 0x1E, 0x05, 0x35,
    0x00, 0x00, 0x00, 0xFF, 0x07, 0x02, 0x00, 0x00, 0x00, 0x00, 0x00, 0x00,
    0x00, 0x00, 0x00, 0x00, 0x00, 0x00, 0x00, 0x00, 0x00, 0x00, 0x00, 0x00,
    0x00, 0x00, 0x00, 0x00, 0x00, 0x00, 0xFF, 0x03, 0x02, 0x00, 0x00, 0x00,
    0xFD, 0x04, 0x38, 0x1E, 0x05, 0xFC, 0x1E, 0x05, 0xFE, 0x1E, 0x05, 0xFE,
    0x1E, 0x05, 0xFF, 0x1E, 0x05, 0xFE, 0x1E, 0x05, 0xFF, 0x1E, 0x05, 0xFD,
    0x1D, 0x05, 0x31, 0x00, 0x00, 0x00, 0x00, 0x00, 0x00, 0x00, 0x00, 0x00,
    0x00, 0x00, 0x00, 0x00, 0x00, 0x00, 0x00, 0x00, 0x00, 0x00, 0x00, 0x00,
    0x00, 0x00, 0x00, 0x00, 0x00, 0x00, 0x00, 0x00, 0x00, 0xFF, 0x07, 0x01,
    0x00, 0x00, 0x00, 0x1C, 0x05, 0x16, 0x1E, 0x05, 0xF5, 0x1E, 0x05, 0xFF,
    0x1E, 0x05, 0xFE, 0x1E, 0x05, 0xFF, 0x1E, 0x05, 0xFF, 0x1E, 0x05, 0xFE,
    0x3E, 0x05, 0xFF, 0xFE, 0x04, 0x4B, 0x00, 0x00, 0x00, 0x5F, 0x05, 0x03,
    0x00, 0x00, 0x00, 0x00, 0x00, 0x00, 0x00, 0x00, 0x00, 0x00, 0x00, 0x00,
    0x00, 0x00, 0x00, 0xFF, 0x07, 0x01, 0x5F, 0x05, 0x03, 0x5F, 0x05, 0x03,
    0x5F, 0x05, 0x03, 0x5F, 0x05, 0x03, 0x5F, 0x05, 0x03, 0x5F, 0x05, 0x03,
    0xFF, 0x03, 0x02, 0x00, 0x00, 0x00, 0xFF, 0x03, 0x02, 0x00, 0x00, 0x00,
    0x1E, 0x05, 0x2C, 0x1E, 0x05, 0xFB, 0x1E, 0x05, 0xFF, 0x1E, 0x05, 0xFE,
    0x1E, 0x05, 0xFF, 0x1E, 0x05, 0xFF, 0x1E, 0x05, 0xFF, 0x1E, 0x05, 0xFB,
    0x1E, 0x05, 0x8B, 0x1E, 0x05, 0x72, 0x1E, 0x05, 0x9A, 0x1E, 0x05, 0xED,
    0x1E, 0x05, 0xFF, 0x1E, 0x05, 0xFF, 0x1E, 0x05, 0xFF, 0x3E, 0x05, 0xFF,
    0x3F, 0x05, 0xFF, 0x3E, 0x05, 0xE7, 0x1D, 0x05, 0x5C, 0x00, 0x00, 0x00,
    0xFF, 0x03, 0x02, 0x00, 0x00, 0x00, 0x00, 0x00, 0x00, 0x00, 0x00, 0x00,
    0xFF, 0x07, 0x01, 0x00, 0x00, 0x00, 0x1E, 0x05, 0xAF, 0x5F, 0x05, 0xFF,
    0x1E, 0x05, 0xFC, 0x1E, 0x05, 0xFF, 0x1E, 0x05, 0xFF, 0x1E, 0x05, 0xFB,
    0x7F, 0x05, 0xFF, 0x1D, 0x05, 0x87, 0x00, 0x00, 0x00, 0xFF, 0x03, 0x04,
    0x00, 0x00, 0x00, 0x00, 0x00, 0x00, 0x00, 0x00, 0x00, 0x00, 0x00, 0x00,
    0x00, 0x00, 0x00, 0x00, 0x00, 0x00, 0x00, 0x00, 0x00, 0x00, 0xF8, 0x01,
    0x00, 0x00, 0x01, 0x00, 0xF8, 0x01, 0xE5, 0xF3, 0xC5, 0x05, 0xFC, 0xFF,
    0xE5, 0xF3, 0xFC, 0xE5, 0xF3, 0xFF, 0xE5, 0xF3, 0xFF, 0xE5, 0xF3, 0xFC,
    0x25, 0xFC, 0xFF, 0xE5, 0xF3, 0x7A, 0x00, 0x00, 0x00, 0xE7, 0xFB, 0x04,
    0x5F, 0x05, 0x03, 0x00, 0x00, 0x00, 0x1E, 0x05, 0x8E, 0x7F, 0x05, 0xFF,
    0x1E, 0x05, 0xFB, 0x1E, 0x05, 0xFF, 0x1E, 0x05, 0xFF, 0x1E, 0x05, 0xFE,
    0x1E, 0x05, 0xFF, 0x1E, 0x05, 0xF8, 0x5F, 0x05, 0x09, 0xFE, 0x04, 0x30,
    0x3E, 0x05, 0xF6, 0x3E, 0x05, 0xF9, 0xFD, 0x04, 0x30, 0x00, 0x00, 0x00,
    0x00, 0x00, 0x00, 0x1E, 0x05, 0x7B, 0x7F, 0x05, 0xFF, 0x1E, 0x05, 0xFB,
    0x1E, 0x05, 0xFF, 0x1E, 0x05, 0xFF, 0x1E, 0x05, 0xFD, 0x3F, 0x05, 0xFF,
    0x1E, 0x05, 0xD8, 0x00, 0x00, 0x00, 0x1D, 0x05, 0x0E, 0xFE, 0x04, 0xE1,
    0x9F, 0x05, 0xFF, 0xFD, 0x04, 0xA7, 0x00, 0x00, 0x00, 0x5F, 0x05, 0x03,
    0x00, 0x00, 0x00, 0x00, 0x00, 0x00, 0x00, 0x00, 0x00, 0x00, 0x00, 0x00,
    0x00, 0x00, 0x00, 0x00, 0x00, 0x00, 0x00, 0x00, 0x00, 0x00, 0x00, 0x00,
    0x00, 0x00, 0x00, 0xD9, 0x04, 0x05, 0x00, 0x00, 0x00, 0x1D, 0x05, 0x75,
    0x7F, 0x05, 0xFF, 0x1E, 0x05, 0xFA, 0x1E, 0x05, 0xFE, 0x1E, 0x05, 0xFE,
    0x3E, 0x05, 0xFA, 0x1E, 0x05, 0x47, 0x00, 0x00, 0x00, 0xFF, 0x07, 0x02,
    0x00, 0x00, 0x00, 0x00, 0x00, 0x00, 0x00, 0x00, 0x00, 0xFF, 0x03, 0x02,
    0x1F, 0x00, 0x01, 0x3E, 0x05, 0x1A, 0x1E, 0x05, 0xF9, 0x1E, 0x05, 0xB6,
    0x5F, 0x05, 0x06, 0xE7, 0xFB, 0x04, 0x00, 0x00, 0x00, 0x85, 0xF3, 0x12,
    0xE5, 0xFB, 0x9E, 0x25, 0xFC, 0xFF, 0xE5, 0xFB, 0xFF, 0xE5, 0xF3, 0xFC,
    0xE5, 0xF3, 0xFF, 0xE5, 0xF3, 0xFF, 0xE5, 0xF3, 0xFF, 0xE5, 0xF3, 0xFE,
    0xE5, 0xF3, 0xFC, 0xE5, 0xF3, 0xFC, 0xE5, 0xFB, 0xFF, 0x05, 0xFC, 0xFF,
    0x25, 0xFC, 0xFF, 0x05, 0xFC, 0xFF, 0xE5, 0xF3, 0xFE, 0xE5, 0xF3, 0xEF,
    0xE5, 0xF3, 0xE8, 0xE5, 0xF3, 0xE9, 0xE5, 0xF3, 0xF4, 0x05, 0xFC, 0xFF,
    0x25, 0xFC, 0xFF, 0x05, 0xFC, 0xFF, 0xE5, 0xF3, 0xFD, 0xC5, 0xF3, 0xFB,
    0x25, 0xFC, 0xFF, 0xC5, 0xF3, 0xAB, 0x00, 0xF8, 0x01, 0xE0, 0xFB, 0x02,
    0x00, 0x00, 0x00, 0x00, 0x00, 0x00, 0xFF, 0x05, 0x04, 0x00, 0x00, 0x00,
    0x1E, 0x05, 0x71, 0x5F, 0x05, 0xFF, 0x1E, 0x05, 0xFB, 0x1E, 0x05, 0xFF,
    0x1E, 0x05, 0xFF, 0x1E, 0x05, 0xFE, 0x3E, 0x05, 0xFF, 0x1E, 0x05, 0xED,
    0x1C, 0x05, 0x0B, 0xFF, 0x03, 0x02, 0xFF, 0x03, 0x02, 0xFF, 0x07, 0x01,
    0xFF, 0x07, 0x01, 0xFF, 0x07, 0x01, 0xFF, 0x07, 0x01, 0xFF, 0x07, 0x01,
    0xFF, 0x07, 0x01, 0x00, 0x00, 0x00, 0x00, 0x00, 0x00, 0xFF, 0x05, 0x04,
    0x00, 0x00, 0x00, 0x1D, 0x05, 0x72, 0x5F, 0x05, 0xFF, 0x1E, 0x05, 0xFB,
    0x1E, 0x05, 0xFF, 0x1E, 0x05, 0xFF, 0x1E, 0x05, 0xFE, 0x1E, 0x05, 0xFF,
    0x1E, 0x05, 0xF1, 0xFD, 0x04, 0x0D, 0x00, 0x00, 0x00, 0xFF, 0x07, 0x01,
    0x00, 0x00, 0x00, 0x00, 0x00, 0x00, 0x00, 0x00, 0x00, 0x00, 0x00, 0x00,
    0x00, 0x00, 0x00, 0x00, 0x00, 0x00, 0x00, 0x00, 0x00, 0x00, 0x00, 0x00,
    0xFF, 0x05, 0x04, 0x00, 0x00, 0x00, 0x1E, 0x05, 0x74, 0x7F, 0x05, 0xFF,
    0x1E, 0x05, 0xFB, 0x1E, 0x05, 0xFF, 0x1E, 0x05, 0xFF, 0x1E, 0x05, 0xFE,
    0x3E, 0x05, 0xFF, 0x1E, 0x05, 0xED, 0xFD, 0x04, 0x0D, 0xFF, 0x07, 0x01,
    0xFF, 0x03, 0x02, 0xFF, 0x07, 0x01, 0xFF, 0x07, 0x01, 0xFF, 0x07, 0x01,
    0xFF, 0x07, 0x01, 0xFF, 0x07, 0x01, 0xFF, 0x07, 0x01, 0x00, 0x00, 0x00,
    0x00, 0x00, 0x00, 0xFF, 0x03, 0x02, 0x00, 0x00, 0x00, 0x1E, 0x05, 0x36,
    0x1E, 0x05, 0xFD, 0x1E, 0x05, 0xFF, 0x1E, 0x05, 0xFE, 0x1E, 0x05, 0xFF,
    0x1E, 0x05, 0xFE, 0x1E, 0x05, 0xFF, 0x1E, 0x05, 0xF8, 0x1E, 0x05, 0x24,
    0x00, 0x00, 0x00, 0xFF, 0x03, 0x02, 0x00, 0x00, 0x00, 0x00, 0x00, 0x00,
    0x00, 0x00, 0x00, 0x00, 0x00, 0x00, 0x00, 0x00, 0x00, 0x00, 0x00, 0x00,
    0x00, 0x00, 0x00, 0x00, 0x00, 0x00, 0x00, 0x00, 0x00, 0x00, 0x00, 0x00,
    0x00, 0x00, 0x00, 0x00, 0x00, 0x00, 0x00, 0x00, 0x00, 0x00, 0x00, 0x00,
    0xFF, 0x05, 0x04, 0x00, 0x00, 0x00, 0x1E, 0x05, 0x6C, 0x5F, 0x05, 0xFF,
    0x1D, 0x05, 0xFC, 0x1E, 0x05, 0xFF, 0x1E, 0x05, 0xFF, 0x1E, 0x05, 0xFE,
    0x3E, 0x05, 0xFF, 0x1E, 0x05, 0xEC, 0xBF, 0x05, 0x07, 0x00, 0x00, 0x00,
    0x00, 0x00, 0x00, 0xFE, 0x04, 0x34, 0x1E, 0x05, 0xF4, 0x1E, 0x05, 0xFE,
    0x1E, 0x05, 0xFD, 0x1E, 0x05, 0xFE, 0x1E, 0x05, 0xFC, 0x3F, 0x05, 0xFF,
    0x1E, 0x05, 0xF6, 0xFD, 0x04, 0x2D, 0x00, 0x00, 0x00, 0xFF, 0x03, 0x02,
    0x00, 0x00, 0x00, 0x1F, 0x00, 0x01, 0x00, 0x00, 0x00, 0x39, 0x03, 0x05,
    0x1E, 0x05, 0xD2, 0x3F, 0x05, 0xFF, 0x1E, 0x05, 0xFD, 0x1E, 0x05, 0xFF,
    0x1E, 0x05, 0xFF, 0x1E, 0x05, 0xFB, 0x7F, 0x05, 0xFF, 0x1E, 0x05, 0x73,
    0x00, 0x00, 0x00, 0xFF, 0x05, 0x04, 0x00, 0x00, 0x00, 0x00, 0x00, 0x00,
    0x00, 0x00, 0x00, 0x00, 0x00, 0x00, 0x00, 0x00, 0x00, 0x00, 0x00, 0x00,
    0x00, 0x00, 0x00, 0xE0, 0xFB, 0x02, 0x00, 0x00, 0x00, 0xC5, 0xF3, 0x1F,
    0xE5, 0xF3, 0xF9, 0xE5, 0xFB, 0xFF, 0xE5, 0xF3, 0xFE, 0xE5, 0xF3, 0xFF,
    0xE5, 0xF3, 0xFE, 0xE5, 0xFB, 0xFF, 0xE5, 0xFB, 0xFA, 0xC5, 0xFB, 0x2A,
    0x00, 0x00, 0x00, 0xE0, 0xFB, 0x02, 0xFF, 0x03, 0x04, 0x00, 0x00, 0x00,
    0xFD, 0x04, 0x63, 0x5F, 0x05, 0xFF, 0x1E, 0x05, 0xFC, 0x1E, 0x05, 0xFF,
    0x1E, 0x05, 0xFF, 0x1E, 0x05, 0xFE, 0x1E, 0x05, 0xFF, 0x1E, 0x05, 0xFE,
    0xFD, 0x04, 0x1D, 0xFE, 0x04, 0x8E, 0xDF, 0x05, 0xFF, 0x1E, 0x05, 0xB2,
    0x00, 0x00, 0x00, 0xF7, 0x05, 0x04, 0x00, 0x00, 0x00, 0x1E, 0x05, 0x46,
    0x3E, 0x05, 0xFF, 0x1E, 0x05, 0xFE, 0x1E, 0x05, 0xFF, 0x1E, 0x05, 0xFF,
    0x1E, 0x05, 0xFE, 0x1E, 0x05, 0xFF, 0x1E, 0x05, 0xF6, 0xDF, 0x04, 0x05,
    0x1E, 0x05, 0x74, 0x7F, 0x05, 0xFF, 0x1E, 0x05, 0xEC, 0xFE, 0x04, 0x28,
    0xFF, 0x07, 0x01, 0xB5, 0x02, 0x03, 0x00, 0x00, 0x00, 0x00, 0x00, 0x00,
    0x00, 0x00, 0x00, 0x00, 0x00, 0x00, 0x00, 0x00, 0x00, 0x00, 0x00, 0x00,
    0x00, 0x00, 0x00, 0x00, 0x00, 0x00, 0x00, 0x00, 0x00, 0x5F, 0x05, 0x03,
    0x00, 0x00, 0x00, 0x1E, 0x05, 0x4A, 0x3E, 0x05, 0xFF, 0x1E, 0x05, 0xFE,
    0x1E, 0x05, 0xFF, 0x1D, 0x05, 0xFD, 0x5F, 0x05, 0xFF, 0x1E, 0x05, 0xD5,
    0x1F, 0x00, 0x01, 0xFF, 0x03, 0x02, 0x1F, 0x00, 0x01, 0x00, 0x00, 0x00,
    0x00, 0x00, 0x00, 0x00, 0x00, 0x00, 0x5F, 0x05, 0x03, 0x00, 0x00, 0x00,
    0xFE, 0x04, 0x86, 0xDF, 0x05, 0xFF, 0x1E, 0x05, 0xAC, 0x5F, 0x05, 0x03,
    0x00, 0xF8, 0x01, 0x00, 0x00, 0x00, 0x00, 0x00, 0x00, 0xE5, 0xF3, 0x67,
    0x05, 0xFC, 0xEF, 0x25, 0xFC, 0xFF, 0xE5, 0xF3, 0xFC, 0xE5, 0xF3, 0xFD,
    0xE5, 0xF3, 0xFF, 0xE5, 0xF3, 0xFF, 0xE5, 0xF3, 0xFF, 0xE5, 0xF3, 0xFF,
    0xE5, 0xF3, 0xFE, 0xE5, 0xF3, 0xFC, 0xE5, 0xF3, 0xFC, 0xE5, 0xF3, 0xFC,
    0xE5, 0xF3, 0xFF, 0xE5, 0xFB, 0xFF, 0x05, 0xFC, 0xFF, 0x05, 0xFC, 0xFF,
    0xE5, 0xFB, 0xFF, 0xE5, 0xF3, 0xFD, 0xE5, 0xF3, 0xFC, 0xE5, 0xF3, 0xFD,
    0xE5, 0xF3, 0xFF, 0xE5, 0xF3, 0xFC, 0x05, 0xFC, 0xFE, 0xE5, 0xF3, 0x64,
    0x00, 0x00, 0x00, 0xE7, 0xBB, 0x04, 0x00, 0x00, 0x00, 0x00, 0x00, 0x00,
    0xF7, 0x03, 0x04, 0x00, 0x00, 0x00, 0x1E, 0x05, 0x81, 0x5F, 0x05, 0xFF,
    0x1E, 0x05, 0xFB, 0x1E, 0x05, 0xFF, 0x1E, 0x05, 0xFF, 0x1E, 0x05, 0xFD,
    0x3F, 0x05, 0xFF, 0x1E, 0x05, 0xD2, 0xFF, 0x05, 0x04, 0x00, 0x00, 0x00,
    0xFF, 0x03, 0x02, 0x00, 0x00, 0x00, 0x00, 0x00, 0x00, 0x00, 0x00, 0x00,
    0x00, 0x00, 0x00, 0x00, 0x00, 0x01, 0x00, 0x00, 0x00, 0x00, 0x00, 0x00,
    0x00, 0x00, 0x00, 0x55, 0x05, 0x03, 0x00, 0x00, 0x00, 0x1E, 0x05, 0x98,
    0x5F, 0x05, 0xFF, 0x1E, 0x05, 0xFB, 0x1E, 0x05, 0xFF, 0x1E, 0x05, 0xFF,
    0x1E, 0x05, 0xFD, 0x3F, 0x05, 0xFF, 0x1E, 0x05, 0xD8, 0x5A, 0x05, 0x06,
    0x00, 0x00, 0x00, 0x1F, 0x00, 0x01, 0x00, 0x00, 0x00, 0x00, 0x00, 0x00,
    0x00, 0x00, 0x00, 0x00, 0x00, 0x00, 0x00, 0x00, 0x00, 0x00, 0x00, 0x00,
    0x00, 0x00, 0x00, 0x00, 0x00, 0x00, 0x55, 0x05, 0x03, 0x00, 0x00, 0x00,
    0x1E, 0x05, 0x9B, 0x5F, 0x05, 0xFF, 0x1E, 0x05, 0xFB, 0x1E, 0x05, 0xFF,
    0x1E, 0x05, 0xFF, 0x1E, 0x05, 0xFC, 0x5F, 0x05, 0xFF, 0x1E, 0x05, 0xB3,
    0xFF, 0x07, 0x01, 0xFF, 0x07, 0x01, 0x1F, 0x00, 0x01, 0x00, 0x00, 0x00,
    0x00, 0x00, 0x00, 0x00, 0x00, 0x00, 0x00, 0x00, 0x00, 0x00, 0x00, 0x01,
    0x00, 0x00, 0x00, 0x00, 0x00, 0x00, 0x00, 0x00, 0x00, 0x5F, 0x05, 0x03,
    0x00, 0x00, 0x00, 0x1E, 0x05, 0x42, 0x1E, 0x05, 0xFF, 0x1E, 0x05, 0xFF,
    0x1E, 0x05, 0xFE, 0x1E, 0x05, 0xFF, 0x1E, 0x05, 0xFE, 0x1E, 0x05, 0xFF,
    0x1E, 0x05, 0xF3, 0xDD, 0x04, 0x0F, 0x00, 0x00, 0x00, 0xFF, 0x07, 0x01,
    0x00, 0x00, 0x00, 0x00, 0x00, 0x00, 0x00, 0x00, 0x00, 0xFF, 0x03, 0x02,
    0x00, 0x00, 0x00, 0x1D, 0x05, 0x29, 0x1E, 0x05, 0x6A, 0x1E, 0x05, 0x66,
    0x1E, 0x05, 0x67, 0x1E, 0x05, 0x67, 0x3D, 0x05, 0x65, 0x3E, 0x05, 0x6B,
    0xFD, 0x04, 0x3F, 0x00, 0x00, 0x00, 0xFF, 0x05, 0x04, 0x00, 0x00, 0x00,
    0x1D, 0x05, 0x97, 0x7F, 0x05, 0xFF, 0x1E, 0x05, 0xFB, 0x1E, 0x05, 0xFF,
    0x1E, 0x05, 0xFF, 0x1E, 0x05, 0xFC, 0x5F, 0x05, 0xFF, 0x1E, 0x05, 0xBF,
    0x5F, 0x05, 0x03, 0xFF, 0x03, 0x04, 0x5F, 0x05, 0x03, 0x00, 0x00, 0x00,
    0x1E, 0x05, 0xBF, 0x5F, 0x05, 0xFF, 0x1E, 0x05, 0xFC, 0x1E, 0x05, 0xFF,
    0x1E, 0x05, 0xFF, 0xFE, 0x04, 0xF9, 0x7F, 0x05, 0xFF, 0x1E, 0x05, 0x83,
    0x00, 0x00, 0x00, 0xD9, 0x04, 0x05, 0x00, 0x00, 0x00, 0x1F, 0x00, 0x01,
    0x00, 0x00, 0x00, 0xF7, 0x03, 0x04, 0x1E, 0x05, 0xD1, 0x3F, 0x05, 0xFF,
    0x1E, 0x05, 0xFD, 0x1E, 0x05, 0xFF, 0x1E, 0x05, 0xFF, 0x1E, 0x05, 0xFC,
    0x5F, 0x05, 0xFF, 0xFD, 0x04, 0x63, 0x00, 0x00, 0x00, 0xFF, 0x03, 0x04,
    0x00, 0x00, 0x00, 0x00, 0x00, 0x00, 0x00, 0x00, 0x00, 0x00, 0x00, 0x00,
    0x00, 0x00, 0x00, 0x00, 0x00, 0x00, 0x00, 0x00, 0x00, 0xE7, 0xFB, 0x04,
    0x00, 0x00, 0x00, 0xC5, 0xF3, 0x67, 0x05, 0xFC, 0xFF, 0xE5, 0xF3, 0xFD,
    0xE5, 0xF3, 0xFF, 0xE5, 0xF3, 0xFF, 0xE5, 0xF3, 0xFD, 0x05, 0xFC, 0xFE,
    0xE5, 0xF3, 0xD1, 0xE0, 0xFF, 0x01, 0x00, 0x00, 0x00, 0x00, 0xF8, 0x01,
    0xFF, 0x07, 0x02, 0x00, 0x00, 0x00, 0x1E, 0x05, 0x36, 0x1E, 0x05, 0xFD,
    0x1E, 0x05, 0xFF, 0x1E, 0x05, 0xFE, 0x1E, 0x05, 0xFF, 0x1E, 0x05, 0xFF,
    0x1E, 0x05, 0xFF, 0x1E, 0x05, 0xFB, 0x1E, 0x05, 0x8D, 0x1E, 0x05, 0xEC,
    0x3E, 0x05, 0xED, 0x3E, 0x05, 0x22, 0x00, 0x00, 0x00, 0x5F, 0x05, 0x03,
    0x00, 0x00, 0x00, 0x7F, 0x04, 0x09, 0x1E, 0x05, 0xE7, 0x3E, 0x05, 0xFF,
    0x1E, 0x05, 0xFE, 0x1E, 0x05, 0xFF, 0x1E, 0x05, 0xFF, 0x1E, 0x05, 0xFF,
    0x1E, 0x05, 0xFE, 0x1E, 0x05, 0x56, 0x1E, 0x05, 0xCF, 0xBF, 0x05, 0xFF,
    0x1E, 0x05, 0x93, 0x00, 0x00, 0x00, 0x5F, 0x05, 0x03, 0x00, 0x00, 0x00,
    0x00, 0x00, 0x00, 0x00, 0x00, 0x00, 0x00, 0x00, 0x00, 0x00, 0x00, 0x00,
    0x00, 0x00, 0x00, 0x00, 0x00, 0x00, 0x00, 0x00, 0x00, 0x00, 0x00, 0x00,
    0x00, 0x00, 0x00, 0xFF, 0x07, 0x01, 0x00, 0x00, 0x00, 0x5F, 0x05, 0x12,
    0x1E, 0x05, 0xE7, 0x3E, 0x05, 0xFF, 0x1E, 0x05, 0xFD, 0x1E, 0x05, 0xFF,
    0x1E, 0x05, 0xFC, 0x3F, 0x05, 0xFF, 0x1D, 0x05, 0x71, 0x00, 0x00, 0x00,
    0x5F, 0x05, 0x03, 0x00, 0x00, 0x00, 0x00, 0x00, 0x00, 0x00, 0x00, 0x00,
    0xFF, 0x07, 0x01, 0xFF, 0x03, 0x02, 0x1E, 0x05, 0x13, 0x1E, 0x05, 0xD0,
    0x7F, 0x05, 0xFF, 0x1E, 0x05, 0xB7, 0xDD, 0x04, 0x0F, 0x00, 0x00, 0x00,
    0xD9, 0x34, 0x05, 0x00, 0x00, 0x00, 0xE5, 0xF3, 0x27, 0xE5, 0xFB, 0xB4,
    0x25, 0xFC, 0xFF, 0x05, 0xFC, 0xFF, 0xE5, 0xF3, 0xFC, 0xE5, 0xF3, 0xFE,
    0xE5, 0xF3, 0xFF, 0xE5, 0xF3, 0xFF, 0xE5, 0xF3, 0xFF, 0xE5, 0xF3, 0xFF,
    0xE5, 0xF3, 0xFF, 0xE5, 0xF3, 0xFF, 0xE5, 0xF3, 0xFE, 0xE5, 0xF3, 0xFE,
    0xE5, 0xF3, 0xFD, 0xE5, 0xF3, 0xFD, 0xE5, 0xF3, 0xFE, 0xE5, 0xF3, 0xFF,
    0xE5, 0xF3, 0xFF, 0xE5, 0xF3, 0xFF, 0xE5, 0xF3, 0xFE, 0xE5, 0xFB, 0xFF,
    0xE5, 0xF3, 0xFE, 0xE5, 0xFB, 0x2B, 0x00, 0x00, 0x00, 0xE0, 0xFB, 0x02,
    0x00, 0x00, 0x00, 0x00, 0x00, 0x00, 0x5F, 0x05, 0x03, 0x00, 0x00, 0x00,
    0x1E, 0x05, 0x96, 0x5F, 0x05, 0xFF, 0x1E, 0x05, 0xFB, 0x1E, 0x05, 0xFF,
    0x1E, 0x05, 0xFF, 0x1E, 0x05, 0xFC, 0x5F, 0x05, 0xFF, 0x1E, 0x05, 0xB2,
    0x00, 0x00, 0x00, 0x1F, 0x00, 0x01, 0x00, 0x00, 0x00, 0x00, 0x00, 0x00,
    0x00, 0x00, 0x00, 0x00, 0x00, 0x00, 0x00, 0x00, 0x00, 0x00, 0x00, 0x00,
    0x00, 0x00, 0x00, 0x00, 0x00, 0x00, 0x00, 0x00, 0x00, 0x00, 0x00, 0x01,
    0x00, 0x00, 0x00, 0x1E, 0x05, 0xB9, 0x5F, 0x05, 0xFF, 0x1E, 0x05, 0xFC,
    0x1E, 0x05, 0xFF, 0x1E, 0x05, 0xFF, 0x1E, 0x05, 0xFC, 0x5F, 0x05, 0xFF,
    0x1E, 0x05, 0xB7, 0x00, 0x00, 0x00, 0x00, 0x00, 0x01, 0x00, 0x00, 0x00,
    0x00, 0x00, 0x00, 0x00, 0x00, 0x00, 0x00, 0x00, 0x00, 0x00, 0x00, 0x00,
    0x00, 0x00, 0x00, 0x00, 0x00, 0x00, 0x00, 0x00, 0x00, 0x00, 0x00, 0x00,
    0x00, 0x00, 0x00, 0x00, 0x00, 0x00, 0x1E, 0x05, 0xBD, 0x5F, 0x05, 0xFF,
    0x1E, 0x05, 0xFC, 0x1E, 0x05, 0xFF, 0x1E, 0x05, 0xFF, 0x1E, 0x05, 0xFA,
    0x7F, 0x05, 0xFF, 0xFD, 0x04, 0x86, 0x00, 0x00, 0x00, 0xFF, 0x05, 0x04,
    0x00, 0x00, 0x00, 0x00, 0x00, 0x00, 0x00, 0x00, 0x00, 0x00, 0x00, 0x00,
    0x00, 0x00, 0x00, 0x00, 0x00, 0x00, 0x00, 0x00, 0x00, 0x00, 0x00, 0x00,
    0x00, 0x00, 0x00, 0xFF, 0x03, 0x02, 0x00, 0x00, 0x00, 0x1D, 0x05, 0x21,
    0x1E, 0x05, 0xF8, 0x1E, 0x05, 0xFF, 0x1E, 0x05, 0xFE, 0x1E, 0x05, 0xFF,
    0x1E, 0x05, 0xFE, 0x3E, 0x05, 0xFF, 0x1E, 0x05, 0xE5, 0x9C, 0x05, 0x0A,
    0x00, 0x00, 0x00, 0xFF, 0x07, 0x01, 0x00, 0x00, 0x00, 0x00, 0x00, 0x00,
    0x00, 0x00, 0x00, 0x5F, 0x05, 0x03, 0x00, 0x00, 0x00, 0x1E, 0x05, 0x97,
    0xBF, 0x05, 0xFF, 0x5F, 0x05, 0xFF, 0x5F, 0x05, 0xFF, 0x5F, 0x05, 0xFF,
    0x5F, 0x05, 0xFF, 0x9F, 0x05, 0xFF, 0x1E, 0x05, 0x79, 0x00, 0x00, 0x00,
    0x5F, 0x05, 0x03, 0xFF, 0x03, 0x02, 0x1E, 0x05, 0xCA, 0x3F, 0x05, 0xFF,
    0x1E, 0x05, 0xFD, 0x1E, 0x05, 0xFF, 0x1E, 0x05, 0xFF, 0x1E, 0x05, 0xFA,
    0x7F, 0x05, 0xFF, 0xFE, 0x04, 0x86, 0x00, 0x00, 0x00, 0xD9, 0x04, 0x05,
    0x55, 0x05, 0x03, 0xFF, 0x03, 0x02, 0x1E, 0x05, 0x9B, 0x7F, 0x05, 0xFF,
    0x1E, 0x05, 0xFB, 0x1E, 0x05, 0xFF, 0x1E, 0x05, 0xFF, 0x1E, 0x05, 0xFB,
    0x5F, 0x05, 0xFE, 0x1D, 0x05, 0x96, 0x00, 0x00, 0x00, 0x5F, 0x05, 0x03,
    0x00, 0x00, 0x00, 0x00, 0x00, 0x00, 0xFF, 0x07, 0x01, 0x00, 0x00, 0x00,
    0x1E, 0x05, 0xA9, 0x5F, 0x05, 0xFF, 0x1E, 0x05, 0xFB, 0x1E, 0x05, 0xFF,
    0x1E, 0x05, 0xFF, 0x1E, 0x05, 0xFD, 0x5F, 0x05, 0xFF, 0x1D, 0x05, 0x5E,
    0x00, 0x00, 0x00, 0xF7, 0x03, 0x04, 0x00, 0x00, 0x00, 0x00, 0x00, 0x00,
    0x00, 0x00, 0x00, 0x00, 0x00, 0x00, 0x00, 0x00, 0x00, 0x00, 0x00, 0x00,
    0x00, 0x00, 0x00, 0x4A, 0xFD, 0x03, 0x00, 0x00, 0x00, 0xE5, 0xF3, 0x8A,
    0x25, 0xFC, 0xFF, 0xE5, 0xF3, 0xFB, 0xE5, 0xF3, 0xFF, 0xE5, 0xF3, 0xFF,
    0xE5, 0xF3, 0xFC, 0x25, 0xFC, 0xFF, 0xE5, 0xFB, 0x7D, 0x00, 0x00, 0x00,
    0x4A, 0xFD, 0x03, 0x00, 0x00, 0x00, 0xFF, 0x07, 0x01, 0x00, 0x00, 0x00,
    0x1F, 0x05, 0x0E, 0x1E, 0x05, 0xEF, 0x1E, 0x05, 0xFF, 0x1E, 0x05, 0xFE,
    0x1E, 0x05, 0xFF, 0x1E, 0x05, 0xFF, 0x1E, 0x05, 0xFF, 0x1E, 0x05, 0xFE,
    0x1E, 0x05, 0xFF, 0x7F, 0x05, 0xFF, 0xFD, 0x04, 0x90, 0x00, 0x00, 0x00,
    0x5F, 0x05, 0x03, 0x00, 0x00, 0x00, 0xFF, 0x03, 0x02, 0x00, 0x00, 0x00,
    0x1E, 0x05, 0xA3, 0x5F, 0x05, 0xFF, 0x1E, 0x05, 0xFB, 0x1E, 0x05, 0xFF,
    0x1E, 0x05, 0xFF, 0x1E, 0x05, 0xFF, 0x1E, 0x05, 0xFE, 0x1E, 0x05, 0xE1,
    0x3E, 0x05, 0xFB, 0x1E, 0x05, 0xE1, 0x1D, 0x05, 0x1C, 0xFF, 0x03, 0x02,
    0xFF, 0x07, 0x01, 0x00, 0x00, 0x00, 0x00, 0x00, 0x00, 0x00, 0x00, 0x00,
    0x00, 0x00, 0x00, 0x00, 0x00, 0x00, 0x00, 0x00, 0x00, 0x00, 0x00, 0x00,
    0x00, 0x00, 0x00, 0x00, 0x00, 0x00, 0x00, 0x00, 0x00, 0x00, 0x00, 0x00,
    0x5F, 0x05, 0x03, 0x00, 0x00, 0x00, 0x1D, 0x05, 0x7D, 0x5F, 0x05, 0xFF,
    0x1E, 0x05, 0xFC, 0x1E, 0x05, 0xFF, 0x1E, 0x05, 0xFE, 0x1E, 0x05, 0xFD,
    0x3E, 0x05, 0xF6, 0xDD, 0x04, 0x2D, 0x00, 0x00, 0x00, 0xF7, 0x03, 0x04,
    0x00, 0x00, 0x00, 0x00, 0x00, 0x00, 0x00, 0x00, 0x00, 0x5F, 0x05, 0x03,
    0x00, 0x00, 0x00, 0xFD, 0x04, 0x42, 0x3E, 0x05, 0xFE, 0x5F, 0x05, 0xFF,
    0x3E, 0x05, 0xCA, 0xFD, 0x04, 0x1F, 0x00, 0x00, 0x00, 0xEF, 0x5B, 0x08,
    0x00, 0x00, 0x00, 0x00, 0x00, 0x00, 0xE5, 0xF3, 0x68, 0x05, 0xFC, 0xDD,
    0x25, 0xFC, 0xFF, 0xE5, 0xFB, 0xFF, 0xE5, 0xF3, 0xFC, 0xE5, 0xF3, 0xFE,
    0xE5, 0xF3, 0xFF, 0xE5, 0xF3, 0xFF, 0xE5, 0xF3, 0xFF, 0xE5, 0xF3, 0xFF,
    0xE5, 0xF3, 0xFF, 0xE5, 0xF3, 0xFF, 0xE5, 0xF3, 0xFF, 0xE5, 0xF3, 0xFF,
    0xE5, 0xF3, 0xFF, 0xE5, 0xF3, 0xFF, 0xE5, 0xF3, 0xFF, 0xE5, 0xF3, 0xFF,
    0xE5, 0xF3, 0xFC, 0x05, 0xFC, 0xFF, 0xE5, 0xF3, 0xC8, 0xE7, 0xFB, 0x04,
    0xE0, 0xFB, 0x02, 0x00, 0xF8, 0x01, 0x00, 0x00, 0x00, 0x00, 0x00, 0x00,
    0xFF, 0x07, 0x01, 0x00, 0x00, 0x00, 0x1E, 0x05, 0xAC, 0x5F, 0x05, 0xFF,
    0x1E, 0x05, 0xFC, 0x1E, 0x05, 0xFF, 0x1E, 0x05, 0xFF, 0x1E, 0x05, 0xFB,
    0x7F, 0x05, 0xFF, 0x1D, 0x05, 0x94, 0x00, 0x00, 0x00, 0x5F, 0x05, 0x03,
    0x00, 0x00, 0x00, 0x00, 0x00, 0x00, 0x00, 0x00, 0x00, 0x00, 0x00, 0x00,
    0x00, 0x00, 0x00, 0x00, 0x00, 0x00, 0x00, 0x00, 0x00, 0x00, 0x00, 0x00,
    0x1F, 0x00, 0x01, 0x00, 0x00, 0x00, 0xFF, 0x03, 0x04, 0x1E, 0x05, 0xD0,
    0x3F, 0x05, 0xFF, 0x1E, 0x05, 0xFD, 0x1E, 0x05, 0xFF, 0x1E, 0x05, 0xFF,
    0x1E, 0x05, 0xFB, 0x7F, 0x05, 0xFF, 0x1D, 0x05, 0x98, 0x00, 0x00, 0x00,
    0x5F, 0x05, 0x03, 0x00, 0x00, 0x00, 0x00, 0x00, 0x00, 0x00, 0x00, 0x00,
    0x00, 0x00, 0x00, 0x00, 0x00, 0x00, 0x00, 0x00, 0x00, 0x00, 0x00, 0x00,
    0x00, 0x00, 0x00, 0x1F, 0x00, 0x01, 0x00, 0x00, 0x00, 0x5A, 0x05, 0x06,
    0x1E, 0x05, 0xD2, 0x3F, 0x05, 0xFF, 0x1E, 0x05, 0xFD, 0x1E, 0x05, 0xFF,
    0x1E, 0x05, 0xFF, 0x1E, 0x05, 0xFB, 0x5F, 0x05, 0xFF, 0x1E, 0x05, 0x75,
    0x00, 0x00, 0x00, 0xFF, 0x03, 0x04, 0x00, 0x00, 0x00, 0x00, 0x00, 0x00,
    0x00, 0x00, 0x00, 0x00, 0x00, 0x00, 0x00, 0x00, 0x00, 0x00, 0x00, 0x00,
    0x00, 0x00, 0x00, 0x00, 0x00, 0x00, 0x00, 0x00, 0x00, 0xFF, 0x07, 0x01,
    0x00, 0x00, 0x00, 0x5D, 0x05, 0x0C, 0x1E, 0x05, 0xEE, 0x1E, 0x05, 0xFF,
    0x1E, 0x05, 0xFE, 0x1E, 0x05, 0xFF, 0x1E, 0x05, 0xFD, 0x3E, 0x05, 0xFF,
    0x1E, 0x05, 0xDD, 0xFF, 0x04, 0x08, 0x00, 0x00, 0x00, 0x1F, 0x00, 0x01,
    0x00, 0x00, 0x00, 0x00, 0x00, 0x00, 0xFF, 0x07, 0x01, 0x00, 0x00, 0x00,
    0x9F, 0x04, 0x07, 0x1E, 0x05, 0xDE, 0x3E, 0x05, 0xFB, 0x1E, 0x05, 0xFA,
    0x1E, 0x05, 0xFC, 0x1E, 0x05, 0xFB, 0x1E, 0x05, 0xFB, 0x1E, 0x05, 0xFC,
    0xFD, 0x04, 0x2A, 0x00, 0x00, 0x00, 0x00, 0x00, 0x00, 0x1F, 0x05, 0x0B,
    0x1E, 0x05, 0xDE, 0x3E, 0x05, 0xFF, 0x1E, 0x05, 0xFD, 0x1E, 0x05, 0xFF,
    0x1E, 0x05, 0xFF, 0x1E, 0x05, 0xFB, 0x7F, 0x05, 0xFF, 0x1D, 0x05, 0x72,
    0x00, 0x00, 0x00, 0xFF, 0x05, 0x04, 0xFF, 0x05, 0x04, 0x00, 0x00, 0x00,
    0x1E, 0x05, 0x84, 0x7F, 0x05, 0xFF, 0x1E, 0x05, 0xFA, 0x1E, 0x05, 0xFF,
    0x1E, 0x05, 0xFF, 0x1E, 0x05, 0xFC, 0x5F, 0x05, 0xFF, 0x1E, 0x05, 0xA8,
    0x00, 0x00, 0x00, 0xFF, 0x03, 0x02, 0x00, 0x00, 0x00, 0x00, 0x00, 0x00,
    0xD9, 0x04, 0x05, 0x00, 0x00, 0x00, 0x1E, 0x05, 0x7A, 0x7F, 0x05, 0xFF,
    0x1E, 0x05, 0xFB, 0x1E, 0x05, 0xFF, 0x1E, 0x05, 0xFF, 0x1E, 0x05, 0xFD,
    0x5F, 0x05, 0xFF, 0x1E, 0x05, 0x5E, 0x00, 0x00, 0x00, 0xF7, 0x03, 0x04,
    0x00, 0x00, 0x00, 0x00, 0x00, 0x00, 0x00, 0x00, 0x00, 0x00, 0x00, 0x00,
    0x00, 0x00, 0x00, 0x00, 0x00, 0x00, 0x00, 0x00, 0x01, 0x00, 0xF8, 0x01,
    0x00, 0x00, 0x00, 0xC5, 0xF3, 0xCC, 0x05, 0xFC, 0xFF, 0xE5, 0xF3, 0xFC,
    0xE5, 0xF3, 0xFF, 0xE5, 0xF3, 0xFD, 0x05, 0xFC, 0xFE, 0xE5, 0xF3, 0xDA,
    0xE5, 0xF3, 0x12, 0x00, 0xF8, 0x01, 0xE0, 0xFF, 0x01, 0x00, 0x00, 0x00,
    0x00, 0x00, 0x01, 0x1F, 0x00, 0x01, 0xFF, 0x07, 0x01, 0x1E, 0x05, 0xBB,
    0x5F, 0x05, 0xFF, 0x1E, 0x05, 0xFC, 0x1E, 0x05, 0xFF, 0x1E, 0x05, 0xFF,
    0x1E, 0x05, 0xFF, 0x1E, 0x05, 0xFE, 0x3E, 0x05, 0xFC, 0x1E, 0x05, 0xE5,
    0x1D, 0x05, 0x1E, 0xFF, 0x07, 0x01, 0xFF, 0x07, 0x01, 0x00, 0x00, 0x00,
    0xFF, 0x03, 0x04, 0x00, 0x00, 0x00, 0x1E, 0x05, 0x6C, 0x5F, 0x05, 0xFF,
    0x1E, 0x05, 0xFC, 0x1E, 0x05, 0xFF, 0x1E, 0x05, 0xFF, 0x1E, 0x05, 0xFF,
    0x1E, 0x05, 0xFF, 0x1E, 0x05, 0xFF, 0x5F, 0x05, 0xFF, 0x1D, 0x05, 0x61,
    0x00, 0x00, 0x00, 0x5F, 0x05, 0x03, 0x00, 0x00, 0x00, 0x00, 0x00, 0x00,
    0x00, 0x00, 0x00, 0x00, 0x00, 0x00, 0x00, 0x00, 0x00, 0x00, 0x00, 0x00,
    0x00, 0x00, 0x00, 0x00, 0x00, 0x00, 0x00, 0x00, 0x00, 0x00, 0x00, 0x00,
    0x00, 0x00, 0x00, 0x00, 0x00, 0x00, 0xFF, 0x07, 0x01, 0x00, 0x00, 0x00,
    0xBC, 0x04, 0x16, 0x1E, 0x05, 0xF1, 0x1E, 0x05, 0xFE, 0x1E, 0x05, 0xFE,
    0x1E, 0x05, 0xFF, 0x1E, 0x05, 0xFD, 0x3E, 0x05, 0xFF, 0x3E, 0x05, 0xDC,
    0x1D, 0x05, 0x23, 0x00, 0x00, 0x00, 0xFF, 0x05, 0x04, 0x00, 0x00, 0x00,
    0x00, 0x00, 0x00, 0x00, 0x00, 0x00, 0x5F, 0x05, 0x03, 0x00, 0x00, 0x00,
    0xFE, 0x04, 0x8B, 0x5F, 0x05, 0xFF, 0x3E, 0x05, 0xFF, 0x3E, 0x05, 0xE3,
    0x1E, 0x05, 0x4F, 0x00, 0x00, 0x00, 0xAA, 0xAA, 0x03, 0x55, 0x55, 0x03,
    0x00, 0x00, 0x00, 0xE5, 0xF3, 0x12, 0x05, 0xFC, 0x87, 0x05, 0xFC, 0xEB,
    0x25, 0xFC, 0xFF, 0xE5, 0xFB, 0xFF, 0xE5, 0xF3, 0xFC, 0xE5, 0xF3, 0xFC,
    0xE5, 0xF3, 0xFF, 0xE5, 0xF3, 0xFF, 0xE5, 0xF3, 0xFF, 0xE5, 0xF3, 0xFF,
    0xE5, 0xF3, 0xFF, 0xE5, 0xF3, 0xFF, 0xE5, 0xF3, 0xFF, 0xE5, 0xF3, 0xFF,
    0xE5, 0xF3, 0xFF, 0xE5, 0xF3, 0xFD, 0xE5, 0xFB, 0xFC, 0x05, 0xFC, 0xFD,
    0xE5, 0xF3, 0x39, 0x00, 0x00, 0x00, 0xAA, 0xFA, 0x03, 0x00, 0x00, 0x00,
    0x00, 0x00, 0x00, 0x1F, 0x00, 0x01, 0x00, 0x00, 0x00, 0xDF, 0x04, 0x05,
    0x1E, 0x05, 0xDD, 0x3F, 0x05, 0xFF, 0x1E, 0x05, 0xFD, 0x1E, 0x05, 0xFF,
    0x1E, 0x05, 0xFF, 0x1E, 0x05, 0xFC, 0x5F, 0x05, 0xFF, 0x1E, 0x05, 0x71,
    0x00, 0x00, 0x00, 0xF7, 0x03, 0x04, 0x00, 0x00, 0x00, 0x00, 0x00, 0x00,
    0x00, 0x00, 0x00, 0x00, 0x00, 0x00, 0x00, 0x00, 0x00, 0x00, 0x00, 0x00,
    0x00, 0x00, 0x00, 0x00, 0x00, 0x00, 0xFF, 0x07, 0x01, 0x00, 0x00, 0x00,
    0xDF, 0x04, 0x0A, 0x1E, 0x05, 0xE8, 0x3E, 0x05, 0xFF, 0x1E, 0x05, 0xFE,
    0x1E, 0x05, 0xFF, 0x1E, 0x05, 0xFF, 0x1E, 0x05, 0xFB, 0x5F, 0x05, 0xFF,
    0x1E, 0x05, 0x78, 0x00, 0x00, 0x00, 0xFF, 0x03, 0x04, 0x00, 0x00, 0x00,
    0x00, 0x00, 0x00, 0x00, 0x00, 0x00, 0x00, 0x00, 0x00, 0x00, 0x00, 0x00,
    0x00, 0x00, 0x00, 0x00, 0x00, 0x00, 0x00, 0x00, 0x00, 0xFF, 0x07, 0x01,
    0x00, 0x00, 0x00, 0xBD, 0x04, 0x0C, 0x1E, 0x05, 0xE9, 0x3E, 0x05, 0xFF,
    0x1E, 0x05, 0xFE, 0x1E, 0x05, 0xFF, 0x1E, 0x05, 0xFF, 0x1E, 0x05, 0xFD,
    0x3F, 0x05, 0xFF, 0x1E, 0x05, 0x5F, 0x00, 0x00, 0x00, 0x5F, 0x05, 0x03,
    0x00, 0x00, 0x00, 0x00, 0x00, 0x00, 0x00, 0x00, 0x00, 0x00, 0x00, 0x00,
    0x00, 0x00, 0x00, 0x00, 0x00, 0x00, 0x00, 0x00, 0x00, 0x00, 0x00, 0x00,
    0x00, 0x00, 0x00, 0x1F, 0x00, 0x01, 0x00, 0x00, 0x00, 0xFF, 0x05, 0x04,
    0x1E, 0x05, 0xD2, 0x3F, 0x05, 0xFE, 0x1E, 0x05, 0xFD, 0x1E, 0x05, 0xFF,
    0x1E, 0x05, 0xFE, 0x1E, 0x05, 0xFF, 0x1E, 0x05, 0xF2, 0x5F, 0x05, 0x0C,
    0x00, 0x00, 0x00, 0xFF, 0x07, 0x01, 0x00, 0x00, 0x00, 0x00, 0x00, 0x00,
    0xFF, 0x07, 0x02, 0xFF, 0x07, 0x01, 0x1D, 0x05, 0x2E, 0x1E, 0x05, 0xFD,
    0x1E, 0x05, 0xFF, 0x1E, 0x05, 0xFE, 0x1E, 0x05, 0xFF, 0x1E, 0x05, 0xFB,
    0x5F, 0x05, 0xFF, 0x1E, 0x05, 0xB0, 0x00, 0x00, 0x00, 0xFF, 0x07, 0x02,
    0x00, 0x00, 0x00, 0x3D, 0x05, 0x1A, 0x1E, 0x05, 0xEB, 0x3E, 0x05, 0xFF,
    0x1E, 0x05, 0xFE, 0x1E, 0x05, 0xFF, 0x1E, 0x05, 0xFF, 0x1E, 0x05, 0xFD,
    0x3F, 0x05, 0xFF, 0xFE, 0x04, 0x57, 0x00, 0x00, 0x00, 0xF7, 0x03, 0x04,
    0xD9, 0x04, 0x05, 0x00, 0x00, 0x00, 0x1E, 0x05, 0x77, 0x7F, 0x05, 0xFF,
    0x1E, 0x05, 0xFB, 0x1E, 0x05, 0xFF, 0x1E, 0x05, 0xFF, 0x1E, 0x05, 0xFC,
    0x5F, 0x05, 0xFF, 0x1E, 0x05, 0xB7, 0x00, 0x00, 0x00, 0x1F, 0x00, 0x01,
    0x00, 0x00, 0x00, 0x00, 0x00, 0x00, 0x5F, 0x05, 0x03, 0x00, 0x00, 0x00,
    0x1D, 0x05, 0x3E, 0x1E, 0x05, 0xFF, 0x1E, 0x05, 0xFE, 0x1E, 0x05, 0xFE,
    0x1E, 0x05, 0xFF, 0x1E, 0x05, 0xFC, 0x5F, 0x05, 0xFF, 0x1E, 0x05, 0x6B,
    0x1F, 0x00, 0x01, 0xD9, 0x04, 0x05, 0x00, 0x00, 0x00, 0x00, 0x00, 0x00,
    0x00, 0x00, 0x00, 0x00, 0x00, 0x00, 0x00, 0x00, 0x00, 0x00, 0x00, 0x00,
    0xAA, 0xFA, 0x03, 0x00, 0x00, 0x00, 0xE5, 0xF3, 0x61, 0x25, 0xFC, 0xFF,
    0xE5, 0xF3, 0xFD, 0xE5, 0xF3, 0xFF, 0xE5, 0xF3, 0xFF, 0xE5, 0xF3, 0xFA,
    0x25, 0xFC, 0xFF, 0xE5, 0xF3, 0x5C, 0x00, 0x00, 0x00, 0x40, 0xFD, 0x03,
    0x00, 0x00, 0x00, 0x00, 0x00, 0x00, 0x00, 0x00, 0x00, 0x5F, 0x05, 0x03,
    0x00, 0x00, 0x00, 0x1E, 0x05, 0x85, 0x7F, 0x05, 0xFF, 0x1E, 0x05, 0xFB,
    0x1E, 0x05, 0xFF, 0x1E, 0x05, 0xFF, 0x1E, 0x05, 0xFF, 0x1E, 0x05, 0xFB,
    0x7F, 0x05, 0xFF, 0xFD, 0x04, 0x83, 0x00, 0x00, 0x00, 0x5F, 0x05, 0x03,
    0x00, 0x00, 0x00, 0x00, 0x00, 0x00, 0x5F, 0x05, 0x03, 0x00, 0x00, 0x00,
    0x1E, 0x05, 0x46, 0x1E, 0x05, 0xFF, 0x1E, 0x05, 0xFE, 0x1E, 0x05, 0xFF,
    0x1E, 0x05, 0xFF, 0x1E, 0x05, 0xFF, 0x1E, 0x05, 0xFD, 0x3F, 0x05, 0xFD,
    0xFE, 0x04, 0xD1, 0xBF, 0x05, 0x07, 0xFF, 0x07, 0x02, 0xFF, 0x07, 0x01,
    0x00, 0x00, 0x00, 0x00, 0x00, 0x00, 0x00, 0x00, 0x00, 0x00, 0x00, 0x00,
    0x00, 0x00, 0x00, 0x00, 0x00, 0x00, 0x00, 0x00, 0x00, 0x00, 0x00, 0x00,
    0x00, 0x00, 0x00, 0x00, 0x00, 0x00, 0x00, 0x00, 0x00, 0x00, 0x00, 0x00,
    0x00, 0x00, 0x00, 0xFF, 0x07, 0x02, 0x00, 0x00, 0x00, 0x1E, 0x05, 0xA0,
    0x5F, 0x05, 0xFF, 0x1D, 0x05, 0xFC, 0x1E, 0x05, 0xFF, 0x1E, 0x05, 0xFF,
    0x1E, 0x05, 0xFC, 0x5F, 0x05, 0xFF, 0x1E, 0x05, 0xCE, 0xBD, 0x04, 0x1B,
    0x00, 0x00, 0x00, 0xFF, 0x03, 0x04, 0x00, 0x00, 0x00, 0x00, 0x00, 0x00,
    0xFF, 0x07, 0x01, 0xFF, 0x03, 0x02, 0xFF, 0x04, 0x08, 0x1E, 0x05, 0xC6,
    0x3F, 0x05, 0xFF, 0x1E, 0x05, 0xFF, 0x3E, 0x05, 0xFE, 0x1E, 0x05, 0x7C,
    0xFF, 0x03, 0x02, 0x00, 0x00, 0x00, 0x92, 0x6C, 0x07, 0x00, 0x00, 0x00,
    0x00, 0x00, 0x00, 0xC5, 0xF3, 0x1F, 0xE5, 0xFB, 0x8A, 0xE5, 0xFB, 0xE6,
    0x25, 0xFC, 0xFF, 0x05, 0xFC, 0xFF, 0xE5, 0xFB, 0xFF, 0xE5, 0xF3, 0xFC,
    0xE5, 0xF3, 0xFC, 0xE5, 0xF3, 0xFC, 0xE5, 0xF3, 0xFD, 0xE5, 0xF3, 0xFD,
    0xE5, 0xF3, 0xFD, 0xE5, 0xF3, 0xFC, 0xE5, 0xF3, 0xFC, 0xE5, 0xFB, 0xFF,
    0x25, 0xFC, 0xFF, 0xE5, 0xF3, 0x7F, 0x00, 0x00, 0x00, 0xE0, 0xFB, 0x02,
    0x00, 0x00, 0x00, 0x00, 0x00, 0x00, 0x00, 0x00, 0x00, 0xFF, 0x07, 0x01,
    0x00, 0x00, 0x00, 0x1D, 0x05, 0x21, 0x1D, 0x05, 0xFA, 0x1E, 0x05, 0xFF,
    0x1E, 0x05, 0xFE, 0x1E, 0x05, 0xFF, 0x1E, 0x05, 0xFF, 0x1E, 0x05, 0xFE,
    0x1E, 0x05, 0xFE, 0x1E, 0x05, 0x44, 0x00, 0x00, 0x00, 0x5F, 0x05, 0x03,
    0x00, 0x00, 0x00, 0x00, 0x00, 0x00, 0x00, 0x00, 0x00, 0x00, 0x00, 0x00,
    0x00, 0x00, 0x00, 0x00, 0x00, 0x00, 0x00, 0x00, 0x00, 0x00, 0x00, 0x00,
    0xFF, 0x07, 0x01, 0x00, 0x00, 0x00, 0xFD, 0x04, 0x18, 0x1E, 0x05, 0xF6,
    0x1E, 0x05, 0xFF, 0x1E, 0x05, 0xFE, 0x1E, 0x05, 0xFF, 0x1E, 0x05, 0xFF,
    0x1E, 0x05, 0xFE, 0x3E, 0x05, 0xFF, 0x1E, 0x05, 0x4D, 0x00, 0x00, 0x00,
    0x5F, 0x05, 0x03, 0x00, 0x00, 0x00, 0x00, 0x00, 0x00, 0x00, 0x00, 0x00,
    0x00, 0x00, 0x00, 0x00, 0x00, 0x00, 0x00, 0x00, 0x00, 0x00, 0x00, 0x00,
    0x00, 0x00, 0x00, 0xFF, 0x07, 0x01, 0x00, 0x00, 0x00, 0x1E, 0x05, 0x19,
    0x1E, 0x05, 0xF6, 0x1E, 0x05, 0xFF, 0x1E, 0x05, 0xFE, 0x1E, 0x05, 0xFF,
    0x1E, 0x05, 0xFF, 0x1E, 0x05, 0xFE, 0x1E, 0x05, 0xFF, 0x1E, 0x05, 0x47,
    0x00, 0x00, 0x00, 0x5F, 0x05, 0x03, 0x00, 0x00, 0x00, 0x00, 0x00, 0x00,
    0x00, 0x00, 0x00, 0x00, 0x00, 0x00, 0x00, 0x00, 0x00, 0x00, 0x00, 0x00,
    0x00, 0x00, 0x00, 0x00, 0x00, 0x00, 0x00, 0x00, 0x00, 0x00, 0x00, 0x00,
    0x55, 0x05, 0x03, 0x00, 0x00, 0x00, 0x1E, 0x05, 0x88, 0x7F, 0x05, 0xFF,
    0x1D, 0x05, 0xFB, 0x1E, 0x05, 0xFF, 0x1E, 0x05, 0xFE, 0x1E, 0x05, 0xFF,
    0x1E, 0x05, 0xFA, 0x1E, 0x05, 0x2F, 0xFF, 0x07, 0x01, 0xFF, 0x03, 0x02,
    0x00, 0x00, 0x00, 0x00, 0x00, 0x00, 0x7F, 0x06, 0x05, 0x00, 0x00, 0x00,
    0xFD, 0x04, 0x80, 0x5F, 0x05, 0xFF, 0x1E, 0x05, 0xFC, 0x1E, 0x05, 0xFF,
    0x1D, 0x05, 0xFC, 0x3E, 0x05, 0xFF, 0x1E, 0x05, 0xF7, 0xFE, 0x04, 0x25,
    0x00, 0x00, 0x00, 0xFF, 0x05, 0x04, 0x00, 0x00, 0x00, 0xFE, 0x04, 0x25,
    0x1E, 0x05, 0xF8, 0x1E, 0x05, 0xFF, 0x1E, 0x05, 0xFE, 0x1E, 0x05, 0xFF,
    0x1E, 0x05, 0xFE, 0x1E, 0x05, 0xFF, 0x1E, 0x05, 0xFE, 0x1E, 0x05, 0x39,
    0x00, 0x00, 0x00, 0x55, 0x05, 0x03, 0xFF, 0x03, 0x04, 0x00, 0x00, 0x00,
    0x1E, 0x05, 0x61, 0x5F, 0x05, 0xFF, 0x1E, 0x05, 0xFC, 0x1E, 0x05, 0xFF,
    0x1E, 0x05, 0xFF, 0x1E, 0x05, 0xFD, 0x3F, 0x05, 0xFF, 0x1E, 0x05, 0xC9,
    0x5F, 0x05, 0x03, 0x00, 0x00, 0x00, 0x1F, 0x00, 0x01, 0x00, 0x00, 0x00,
    0xFF, 0x07, 0x01, 0x00, 0x00, 0x01, 0xFD, 0x04, 0x0D, 0xFE, 0x04, 0xE1,
    0x3F, 0x05, 0xFF, 0x1D, 0x05, 0xFD, 0x1E, 0x05, 0xFF, 0x1E, 0x05, 0xFB,
    0x7F, 0x05, 0xFF, 0x1E, 0x05, 0x91, 0x00, 0x00, 0x00, 0xFF, 0x05, 0x04,
    0x00, 0x00, 0x00, 0x00, 0x00, 0x00, 0x00, 0x00, 0x00, 0x00, 0x00, 0x00,
    0x00, 0x00, 0x00, 0xE0, 0xFB, 0x02, 0xE0, 0xFB, 0x02, 0x00, 0x00, 0x00,
    0xE5, 0xF3, 0xD8, 0x05, 0xFC, 0xFE, 0xE5, 0xF3, 0xFD, 0xE5, 0xF3, 0xFF,
    0xE5, 0xF3, 0xFA, 0x25, 0xFC, 0xFF, 0xC5, 0xF3, 0xA5, 0x26, 0xFB, 0x05,
    0xAA, 0xFA, 0x03, 0x00, 0x00, 0x00, 0x00, 0x00, 0x00, 0x00, 0x00, 0x00,
    0x00, 0x00, 0x00, 0x5F, 0x05, 0x03, 0x00, 0x00, 0x00, 0x1E, 0x05, 0x42,
    0x3E, 0x05, 0xFD, 0x1E, 0x05, 0xFE, 0x1E, 0x05, 0xFF, 0x1E, 0x05, 0xFF,
    0x1E, 0x05, 0xFD, 0x3E, 0x05, 0xFD, 0x1E, 0x05, 0xE3, 0x1E, 0x05, 0x1B,
    0xFF, 0x03, 0x02, 0xEF, 0x03, 0x02, 0x00, 0x00, 0x00, 0x00, 0x00, 0x00,
    0xFF, 0x03, 0x02, 0x00, 0x00, 0x00, 0x3E, 0x05, 0x1F, 0x1E, 0x05, 0xF9,
    0x1E, 0x05, 0xFF, 0x1E, 0x05, 0xFE, 0x1E, 0x05, 0xFF, 0x1E, 0x05, 0xFF,
    0x1E, 0x05, 0xFD, 0x5F, 0x05, 0xFF, 0xFE, 0x04, 0x4B, 0x00, 0x00, 0x00,
    0x5F, 0x05, 0x03, 0x00, 0x00, 0x00, 0x00, 0x00, 0x00, 0x00, 0x00, 0x00,
    0x00, 0x00, 0x00, 0x00, 0x00, 0x00, 0x00, 0x00, 0x00, 0x00, 0x00, 0x00,
    0x00, 0x00, 0x00, 0x00, 0x00, 0x00, 0x00, 0x00, 0x00, 0x00, 0x00, 0x00,
    0x00, 0x00, 0x00, 0x00, 0x00, 0x00, 0x00, 0x00, 0x00, 0xFF, 0x03, 0x02,
    0x00, 0x00, 0x00, 0xFE, 0x04, 0x1A, 0x1E, 0x05, 0xF1, 0x3E, 0x05, 0xFD,
    0x1E, 0x05, 0xFE, 0x1E, 0x05, 0xFF, 0x1E, 0x05, 0xFF, 0xFD, 0x04, 0xFC,
    0x5F, 0x05, 0xFF, 0x3E, 0x05, 0xD3, 0xFD, 0x04, 0x32, 0x00, 0x00, 0x00,
    0xFF, 0x03, 0x02, 0x5F, 0x05, 0x03, 0x00, 0x00, 0x00, 0xFF, 0x07, 0x01,
    0x00, 0x00, 0x00, 0x1E, 0x05, 0x13, 0x1E, 0x05, 0xDC, 0x3F, 0x05, 0xFF,
    0x1E, 0x05, 0xFB, 0x5F, 0x05, 0xFF, 0x1E, 0x05, 0xC0, 0x1E, 0x05, 0x2A,
    0x00, 0x00, 0x00, 0x00, 0x00, 0x00, 0xEF, 0x7B, 0x06, 0x00, 0x00, 0x00,
    0x00, 0x00, 0x00, 0xC5, 0xF3, 0x17, 0xE5, 0xF3, 0x6B, 0xE5, 0xF3, 0xC5,
    0xE5, 0xF3, 0xFC, 0x05, 0xFC, 0xFF, 0x25, 0xFC, 0xFF, 0x05, 0xFC, 0xFF,
    0x05, 0xFC, 0xFF, 0x05, 0xFC, 0xFF, 0x05, 0xFC, 0xFF, 0x25, 0xFC, 0xFF,
    0x25, 0xFC, 0xFF, 0x05, 0xFC, 0xE8, 0xE5, 0xF3, 0x75, 0x00, 0x00, 0x00,
    0x40, 0xFD, 0x03, 0x00, 0x00, 0x00, 0x00, 0x00, 0x00, 0x00, 0x00, 0x00,
    0x00, 0x00, 0x00, 0xF7, 0x05, 0x04, 0x00, 0x00, 0x00, 0x1D, 0x05, 0x65,
    0x5F, 0x05, 0xFF, 0x1D, 0x05, 0xFD, 0x1E, 0x05, 0xFF, 0x1E, 0x05, 0xFF,
    0x1E, 0x05, 0xFE, 0x1E, 0x05, 0xFF, 0x1E, 0x05, 0xF8, 0xFD, 0x04, 0x1A,
    0xFF, 0x03, 0x02, 0x5F, 0x05, 0x03, 0xFF, 0x03, 0x02, 0xFF, 0x03, 0x02,
    0xFF, 0x03, 0x02, 0xFF, 0x03, 0x02, 0xFF, 0x03, 0x02, 0xFF, 0x03, 0x02,
    0xFF, 0x07, 0x01, 0x00, 0x00, 0x00, 0x5F, 0x05, 0x03, 0x00, 0x00, 0x00,
    0xFE, 0x04, 0x58, 0x3F, 0x05, 0xFF, 0x1E, 0x05, 0xFD, 0x1E, 0x05, 0xFF,
    0x1E, 0x05, 0xFF, 0x1E, 0x05, 0xFE, 0x1E, 0x05, 0xFF, 0x1D, 0x05, 0xFB,
    0x1D, 0x05, 0x21, 0xFF, 0x03, 0x02, 0xFF, 0x05, 0x04, 0xFF, 0x03, 0x02,
    0xFF, 0x03, 0x02, 0xFF, 0x03, 0x02, 0xFF, 0x03, 0x02, 0xFF, 0x03, 0x02,
    0xFF, 0x03, 0x02, 0xFF, 0x07, 0x01, 0x00, 0x00, 0x00, 0x5F, 0x05, 0x03,
    0x00, 0x00, 0x00, 0x1E, 0x05, 0x59, 0x3F, 0x05, 0xFF, 0x1E, 0x05, 0xFD,
    0x1E, 0x05, 0xFF, 0x1E, 0x05, 0xFF, 0x1E, 0x05, 0xFE, 0x1E, 0x05, 0xFF,
    0x1D, 0x05, 0xF8, 0xFD, 0x04, 0x20, 0xFF, 0x03, 0x02, 0xFF, 0x03, 0x04,
    0xFF, 0x03, 0x02, 0xFF, 0x03, 0x02, 0xFF, 0x03, 0x02, 0xFF, 0x03, 0x02,
    0xFF, 0x03, 0x02, 0xFF, 0x03, 0x02, 0xFF, 0x07, 0x01, 0x00, 0x00, 0x00,
    0x00, 0x00, 0x00, 0x00, 0x00, 0x00, 0xFF, 0x07, 0x01, 0xFF, 0x07, 0x01,
    0xDD, 0x04, 0x0F, 0x1E, 0x05, 0xD4, 0x5F, 0x05, 0xFF, 0x1D, 0x05, 0xFB,
    0x1E, 0x05, 0xFF, 0x1E, 0x05, 0xFC, 0x5F, 0x05, 0xFF, 0x1D, 0x05, 0x62,
    0x00, 0x00, 0x00, 0x9B, 0x04, 0x07, 0x5F, 0x05, 0x03, 0x5F, 0x05, 0x03,
    0x00, 0x00, 0x00, 0xFD, 0x04, 0x2A, 0x3E, 0x05, 0xF3, 0x1E, 0x05, 0xFE,
    0x1E, 0x05, 0xFE, 0x1D, 0x05, 0xFB, 0x3F, 0x05, 0xFF, 0x3E, 0x05, 0xF4,
    0x1E, 0x05, 0x47, 0x00, 0x00, 0x00, 0xFF, 0x03, 0x02, 0x5F, 0x05, 0x03,
    0x00, 0x00, 0x00, 0x1E, 0x05, 0x4B, 0x3E, 0x05, 0xFF, 0x1E, 0x05, 0xFE,
    0x1E, 0x05, 0xFF, 0x1E, 0x05, 0xFF, 0x1E, 0x05, 0xFE, 0x1E, 0x05, 0xFF,
    0x1E, 0x05, 0xF1, 0xFD, 0x04, 0x1F, 0x00, 0x00, 0x00, 0xFF, 0x03, 0x02,
    0x5F, 0x05, 0x03, 0x00, 0x00, 0x00, 0xFE, 0x04, 0x4A, 0x3E, 0x05, 0xFF,
    0x1E, 0x05, 0xFE, 0x1E, 0x05, 0xFF, 0x1E, 0x05, 0xFF, 0x1E, 0x05, 0xFE,
    0x3E, 0x05, 0xFF, 0x1E, 0x05, 0xE4, 0xDD, 0x04, 0x0F, 0x00, 0x00, 0x00,
    0xFF, 0x07, 0x01, 0x00, 0x00, 0x00, 0x00, 0x00, 0x00, 0xB5, 0x02, 0x03,
    0x00, 0x00, 0x00, 0x1E, 0x05, 0x47, 0x3F, 0x05, 0xFA, 0x1E, 0x05, 0xFD,
    0x1E, 0x05, 0xFC, 0x1E, 0x05, 0xFD, 0x3E, 0x05, 0xFF, 0x1E, 0x05, 0xE7,
    0xFD, 0x04, 0x10, 0x00, 0x00, 0x00, 0xFF, 0x03, 0x02, 0x00, 0x00, 0x00,
    0xE0, 0xFB, 0x02, 0x4A, 0xFD, 0x03, 0xA0, 0xAA, 0x03, 0x00, 0x00, 0x00,
    0x00, 0x00, 0x00, 0xE5, 0xF3, 0x8A, 0x05, 0xFC, 0xFF, 0xE5, 0xF3, 0xFD,
    0xE5, 0xF3, 0xFD, 0xE5, 0xF3, 0xFD, 0x25, 0xFC, 0xFF, 0xE5, 0xFB, 0xB4,
    0xE5, 0xEB, 0x10, 0x00, 0x00, 0x00, 0xE0, 0xFF, 0x01, 0x00, 0x00, 0x00,
    0x00, 0x00, 0x00, 0x00, 0x00, 0x00, 0x00, 0x00, 0x00, 0xFF, 0x07, 0x01,
    0x00, 0x00, 0x00, 0x5D, 0x05, 0x0C, 0x1E, 0x05, 0xEF, 0x3E, 0x05, 0xFF,
    0x1E, 0x05, 0xFE, 0x1E, 0x05, 0xFF, 0x1E, 0x05, 0xFD, 0x5F, 0x05, 0xFF,
    0xFD, 0x04, 0x5D, 0x00, 0x00, 0x00, 0x55, 0x05, 0x03, 0x00, 0x00, 0x00,
    0x00, 0x00, 0x00, 0x00, 0x00, 0x00, 0xFF, 0x07, 0x01, 0x00, 0x00, 0x00,
    0xFF, 0x04, 0x08, 0x1E, 0x05, 0xE3, 0x3E, 0x05, 0xFF, 0x1E, 0x05, 0xFE,
    0x1E, 0x05, 0xFF, 0x1E, 0x05, 0xFC, 0x5F, 0x05, 0xFF, 0xFD, 0x04, 0xBF,
    0xFF, 0x07, 0x02, 0xFF, 0x03, 0x02, 0x1F, 0x00, 0x01, 0x00, 0x00, 0x00,
    0x00, 0x00, 0x00, 0x00, 0x00, 0x00, 0x00, 0x00, 0x00, 0x00, 0x00, 0x00,
    0x00, 0x00, 0x00, 0x00, 0x00, 0x00, 0x00, 0x00, 0x00, 0x00, 0x00, 0x00,
    0x00, 0x00, 0x00, 0x00, 0x00, 0x00, 0x00, 0x00, 0x00, 0x00, 0x00, 0x00,
    0x00, 0x00, 0x00, 0x00, 0x00, 0x00, 0xFF, 0x03, 0x02, 0x00, 0x00, 0x00,
    0x1E, 0x05, 0x80, 0x5F, 0x05, 0xFF, 0x1D, 0x05, 0xFC, 0x1E, 0x05, 0xFF,
    0x1E, 0x05, 0xFF, 0x1E, 0x05, 0xFF, 0xFD, 0x04, 0xFC, 0x3F, 0x05, 0xFF,
    0x1E, 0x05, 0xF4, 0x1E, 0x05, 0x67, 0x00, 0x00, 0x00, 0x00, 0x00, 0x00,
    0x00, 0x00, 0x00, 0x5F, 0x05, 0x03, 0xDF, 0x04, 0x05, 0x00, 0x00, 0x00,
    0xFD, 0x04, 0x2F, 0x1E, 0x05, 0xF0, 0x3F, 0x05, 0xFF, 0x1E, 0x05, 0xFA,
    0x5F, 0x05, 0xFF, 0x1E, 0x05, 0xF4, 0x1E, 0x05, 0x75, 0x1C, 0x05, 0x0B,
    0x00, 0x00, 0x00, 0x55, 0xAD, 0x03, 0xEF, 0x7B, 0x06, 0x00, 0x00, 0x00,
    0x00, 0x00, 0x00, 0xE0, 0xFF, 0x01, 0xE5, 0xF3, 0x2D, 0xC5, 0xF3, 0x6D,
    0xE5, 0xFB, 0xA4, 0xE5, 0xF3, 0xC5, 0xE5, 0xF3, 0xD6, 0xE5, 0xF3, 0xDC,
    0xE5, 0xF3, 0xCF, 0xE5, 0xFB, 0xB3, 0xE5, 0xFB, 0x75, 0xC5, 0xF3, 0x1D,
    0x00, 0x00, 0x00, 0xE0, 0xFF, 0x01, 0x00, 0x00, 0x00, 0x00, 0x00, 0x00,
    0x00, 0x00, 0x00, 0x00, 0x00, 0x00, 0x00, 0x00, 0x00, 0xF7, 0x03, 0x04,
    0x00, 0x00, 0x00, 0x1E, 0x05, 0x8F, 0x7F, 0x05, 0xFF, 0x1E, 0x05, 0xFB,
    0x1E, 0x05, 0xFF, 0x1E, 0x05, 0xFF, 0x1E, 0x05, 0xFC, 0x3F, 0x05, 0xFF,
    0x1E, 0x05, 0xC3, 0x00, 0x00, 0x00, 0x00, 0x00, 0x00, 0x00, 0x00, 0x00,
    0x00, 0x00, 0x00, 0x00, 0x00, 0x00, 0x00, 0x00, 0x00, 0x00, 0x00, 0x00,
    0x00, 0x00, 0x00, 0x00, 0x00, 0x00, 0x00, 0x00, 0x00, 0x00, 0x00, 0x00,
    0xFF, 0x05, 0x04, 0x00, 0x00, 0x00, 0xFE, 0x04, 0x88, 0x7F, 0x05, 0xFF,
    0x1E, 0x05, 0xFA, 0x1E, 0x05, 0xFF, 0x1E, 0x05, 0xFF, 0x1E, 0x05, 0xFD,
    0x3F, 0x05, 0xFF, 0x1E, 0x05, 0xD1, 0x00, 0x00, 0x00, 0x00, 0x00, 0x00,
    0x00, 0x00, 0x00, 0x00, 0x00, 0x00, 0x00, 0x00, 0x00, 0x00, 0x00, 0x00,
    0x00, 0x00, 0x00, 0x00, 0x00, 0x00, 0x00, 0x00, 0x00, 0x00, 0x00, 0x00,
    0x00, 0x00, 0x00, 0xFF, 0x05, 0x04, 0x00, 0x00, 0x00, 0x1E, 0x05, 0x88,
    0x7F, 0x05, 0xFF, 0x1E, 0x05, 0xFA, 0x1E, 0x05, 0xFF, 0x1E, 0x05, 0xFF,
    0x1E, 0x05, 0xFC, 0x3F, 0x05, 0xFF, 0x1E, 0x05, 0xCF, 0x00, 0x00, 0x00,
    0x00, 0x00, 0x00, 0x00, 0x00, 0x00, 0x00, 0x00, 0x00, 0x00, 0x00, 0x00,
    0x00, 0x00, 0x00, 0x00, 0x00, 0x00, 0x00, 0x00, 0x00, 0x00, 0x00, 0x00,
    0x00, 0x00, 0x00, 0x00, 0x00, 0x00, 0x00, 0x00, 0x00, 0x00, 0x00, 0x00,
    0x00, 0x00, 0x00, 0xFF, 0x03, 0x02, 0x00, 0x00, 0x00, 0x1D, 0x05, 0x3C,
    0x3F, 0x05, 0xF2, 0x5F, 0x05, 0xFF, 0x1D, 0x05, 0xFC, 0x1E, 0x05, 0xFA,
    0x3F, 0x05, 0xFE, 0x1E, 0x05, 0xC6, 0x1D, 0x05, 0x1C, 0x00, 0x00, 0x00,
    0x00, 0x00, 0x00, 0x00, 0x00, 0x00, 0x1D, 0x05, 0x3F, 0x3E, 0x05, 0xD5,
    0x3E, 0x05, 0xFE, 0x1D, 0x05, 0xFA, 0x1E, 0x05, 0xFF, 0x7F, 0x05, 0xFF,
    0x3E, 0x05, 0xE5, 0xFE, 0x04, 0x44, 0x00, 0x00, 0x00, 0x5F, 0x05, 0x03,
    0x00, 0x00, 0x00, 0xD9, 0x04, 0x05, 0x00, 0x00, 0x00, 0xFD, 0x04, 0x7E,
    0x7F, 0x05, 0xFF, 0x1E, 0x05, 0xFA, 0x1E, 0x05, 0xFF, 0x1E, 0x05, 0xFF,
    0x1E, 0x05, 0xFD, 0x3F, 0x05, 0xFF, 0x1E, 0x05, 0xD6, 0xDF, 0x04, 0x05,
    0x00, 0x00, 0x00, 0x1F, 0x00, 0x01, 0xFF, 0x07, 0x02, 0x00, 0x00, 0x00,
    0x1E, 0x05, 0x36, 0x1E, 0x05, 0xFD, 0x1E, 0x05, 0xFF, 0x1E, 0x05, 0xFE,
    0x1E, 0x05, 0xFF, 0x1E, 0x05, 0xFE, 0x1E, 0x05, 0xFF, 0x1E, 0x05, 0xF5,
    0xFE, 0x04, 0x1A, 0x00, 0x00, 0x00, 0xFF, 0x07, 0x01, 0x00, 0x00, 0x00,
    0x00, 0x00, 0x00, 0x00, 0x00, 0x00, 0x5F, 0x05, 0x03, 0x00, 0x00, 0x00,
    0x1D, 0x05, 0x6F, 0x5F, 0x05, 0xFF, 0x3F, 0x05, 0xFF, 0x1D, 0x05, 0xFC,
    0x1D, 0x05, 0xFA, 0x3F, 0x05, 0xFF, 0x1E, 0x05, 0xA7, 0xDB, 0x04, 0x17,
    0x00, 0x00, 0x00, 0xFF, 0x07, 0x01, 0x00, 0x00, 0x00, 0x00, 0x00, 0x00,
    0x00, 0x00, 0x00, 0xE5, 0xFB, 0x16, 0xE5, 0xF3, 0x8C, 0x05, 0xFC, 0xFF,
    0xE5, 0xFB, 0xFA, 0xE5, 0xF3, 0xFD, 0x05, 0xFC, 0xFF, 0x05, 0xFC, 0xFF,
    0xE5, 0xFB, 0x98, 0xAA, 0xFA, 0x03, 0x00, 0x00, 0x00, 0x00, 0xF8, 0x02,
    0x00, 0x00, 0x00, 0x00, 0x00, 0x00, 0x00, 0x00, 0x00, 0x00, 0x00, 0x00,
    0x00, 0x00, 0x00, 0x1F, 0x00, 0x01, 0x00, 0x00, 0x00, 0x5F, 0x05, 0x03,
    0x1E, 0x05, 0xCD, 0x3F, 0x05, 0xFF, 0x1E, 0x05, 0xFD, 0x1E, 0x05, 0xFD,
    0x3F, 0x05, 0xFE, 0xFD, 0x04, 0xDB, 0x9F, 0x05, 0x0A, 0xFF, 0x03, 0x02,
    0xFF, 0x07, 0x01, 0x00, 0x00, 0x00, 0x00, 0x00, 0x00, 0x00, 0x00, 0x00,
    0x00, 0x00, 0x00, 0x5F, 0x05, 0x03, 0x00, 0x00, 0x00, 0x1E, 0x05, 0x98,
    0x7F, 0x05, 0xFF, 0x1E, 0x05, 0xFB, 0x1E, 0x05, 0xFE, 0x1E, 0x05, 0xFD,
    0x1E, 0x05, 0xF6, 0xFE, 0x04, 0x28, 0x00, 0x00, 0x00, 0xFF, 0x03, 0x02,
    0x00, 0x00, 0x00, 0x00, 0x00, 0x00, 0x00, 0x00, 0x00, 0x00, 0x00, 0x00,
    0x00, 0x00, 0x00, 0x00, 0x00, 0x00, 0x00, 0x00, 0x00, 0x00, 0x00, 0x00,
    0x00, 0x00, 0x00, 0x00, 0x00, 0x00, 0x00, 0x00, 0x00, 0x00, 0x00, 0x00,
    0x00, 0x00, 0x00, 0x00, 0x00, 0x00, 0x00, 0x00, 0x00, 0x00, 0x00, 0x00,
    0x1F, 0x00, 0x01, 0xFF, 0x07, 0x02, 0xFF, 0x07, 0x01, 0x1E, 0x05, 0xB4,
    0x7F, 0x05, 0xFF, 0x1E, 0x05, 0xFB, 0x1E, 0x05, 0xFF, 0x1E, 0x05, 0xFF,
    0x1E, 0x05, 0xFF, 0x1D, 0x05, 0xFD, 0x1E, 0x05, 0xFF, 0x5F, 0x05, 0xFF,
    0x1E, 0x05, 0xBB, 0xFE, 0x04, 0x4A, 0x00, 0x00, 0x00, 0x00, 0x00, 0x00,
    0x00, 0x00, 0x00, 0x00, 0x00, 0x00, 0x00, 0x00, 0x00, 0xFD, 0x04, 0x40,
    0x3E, 0x05, 0xE5, 0x3F, 0x05, 0xFF, 0x1D, 0x05, 0xFB, 0x1E, 0x05, 0xFF,
    0x5F, 0x05, 0xFF, 0x3E, 0x05, 0xCB, 0x1E, 0x05, 0x4B, 0x00, 0x00, 0x00,
    0x00, 0x00, 0x00, 0xEF, 0x7B, 0x02, 0x92, 0x6C, 0x07, 0x1F, 0x00, 0x01,
    0x00, 0x00, 0x00, 0x00, 0x00, 0x00, 0x00, 0x00, 0x00, 0xE0, 0xFF, 0x01,
    0xE6, 0xFB, 0x0A, 0xA4, 0xFB, 0x0D, 0x84, 0xFC, 0x07, 0x00, 0x00, 0x00,
    0x00, 0x00, 0x00, 0x00, 0x00, 0x00, 0xA0, 0xFA, 0x03, 0x00, 0x00, 0x00,
    0x00, 0x00, 0x00, 0x00, 0x00, 0x00, 0x00, 0x00, 0x00, 0x00, 0x00, 0x00,
    0x00, 0x00, 0x00, 0x1F, 0x00, 0x01, 0x00, 0x00, 0x00, 0x1E, 0x05, 0xB5,
    0x5F, 0x05, 0xFD, 0x1E, 0x05, 0xFA, 0x1E, 0x05, 0xFD, 0x1E, 0x05, 0xFD,
    0x1E, 0x05, 0xFB, 0x3E, 0x05, 0xFD, 0x1E, 0x05, 0xD7, 0xFE, 0x04, 0x9A,
    0x1E, 0x05, 0x9E, 0x1E, 0x05, 0x9D, 0x1E, 0x05, 0x9D, 0x1E, 0x05, 0x9D,
    0x1E, 0x05, 0x9D, 0x1E, 0x05, 0x9D, 0x1E, 0x05, 0x9B, 0x3F, 0x05, 0xA0,
    0x1E, 0x05, 0x5E, 0x00, 0x00, 0x00, 0xFF, 0x03, 0x02, 0x00, 0x00, 0x00,
    0x1E, 0x05, 0xB1, 0x5F, 0x05, 0xFD, 0x1E, 0x05, 0xFA, 0x1E, 0x05, 0xFD,
    0x1E, 0x05, 0xFD, 0x1E, 0x05, 0xFB, 0x3E, 0x05, 0xFD, 0x1E, 0x05, 0xD9,
    0x1E, 0x05, 0x9A, 0x1E, 0x05, 0x9E, 0x1E, 0x05, 0x9D, 0x1E, 0x05, 0x9D,
    0x1E, 0x05, 0x9D, 0x1E, 0x05, 0x9D, 0x1E, 0x05, 0x9D, 0x1E, 0x05, 0x9B,
    0x3F, 0x05, 0xA0, 0x1E, 0x05, 0x5D, 0x00, 0x00, 0x00, 0xFF, 0x03, 0x02,
    0x00, 0x00, 0x00, 0x1E, 0x05, 0xB4, 0x5F, 0x05, 0xFD, 0x1E, 0x05, 0xFA,
    0x1E, 0x05, 0xFD, 0x1E, 0x05, 0xFD, 0x1E, 0x05, 0xFB, 0x3E, 0x05, 0xFD,
    0x1D, 0x05, 0xDB, 0x1E, 0x05, 0x9A, 0x1E, 0x05, 0x9E, 0x1E, 0x05, 0x9D,
    0x1E, 0x05, 0x9D, 0x1E, 0x05, 0x9D, 0x1E, 0x05, 0x9D, 0x1E, 0x05, 0x9D,
    0x1E, 0x05, 0x9B, 0x3F, 0x05, 0xA1, 0x1E, 0x05, 0x62, 0x00, 0x00, 0x00,
    0xEF, 0x03, 0x02, 0x00, 0x00, 0x00, 0x00, 0x00, 0x00, 0x00, 0x00, 0x00,
    0xFF, 0x07, 0x02, 0x00, 0x00, 0x00, 0xDD, 0x04, 0x40, 0x3E, 0x05, 0xD2,
    0x5F, 0x05, 0xFF, 0x5F, 0x05, 0xFF, 0x1E, 0x05, 0xFF, 0x3F, 0x05, 0xFF,
    0x1E, 0x05, 0xE2, 0x1E, 0x05, 0x8F, 0x1E, 0x05, 0x80, 0x1E, 0x05, 0xAE,
    0x1E, 0x05, 0xFC, 0x5F, 0x05, 0xFF, 0x3F, 0x05, 0xFF, 0x5F, 0x05, 0xFF,
    0x1E, 0x05, 0xF9, 0x3E, 0x05, 0x9D, 0xFD, 0x04, 0x22, 0x00, 0x00, 0x00,
    0xFF, 0x03, 0x04, 0x00, 0x00, 0x00, 0x00, 0x00, 0x00, 0xFF, 0x07, 0x01,
    0x00, 0x00, 0x00, 0x1E, 0x05, 0xAE, 0x5F, 0x05, 0xFD, 0x1E, 0x05, 0xFA,
    0x1E, 0x05, 0xFD, 0x1E, 0x05, 0xFD, 0x1E, 0x05, 0xF9, 0x5F, 0x05, 0xFD,
    0x1D, 0x05, 0xA4, 0x00, 0x00, 0x00, 0xFF, 0x03, 0x02, 0x00, 0x00, 0x00,
    0xFF, 0x03, 0x02, 0x00, 0x00, 0x00, 0x1E, 0x05, 0x24, 0x1E, 0x05, 0xF2,
    0x1E, 0x05, 0xFD, 0x1E, 0x05, 0xFC, 0x1E, 0x05, 0xFD, 0x1E, 0x05, 0xFC,
    0x1E, 0x05, 0xFD, 0x1E, 0x05, 0xFC, 0x1E, 0x05, 0x3C, 0x00, 0x00, 0x00,
    0xFF, 0x07, 0x02, 0x00, 0x00, 0x00, 0x00, 0x00, 0x00, 0x00, 0x00, 0x00,
    0x00, 0x00, 0x00, 0xFF, 0x03, 0x04, 0x00, 0x00, 0x00, 0xFE, 0x04, 0x58,
    0x3E, 0x05, 0xDA, 0x5F, 0x05, 0xFF, 0x5F, 0x05, 0xFF, 0x1E, 0x05, 0xFF,
    0x3F, 0x05, 0xFF, 0x3F, 0x05, 0xE3, 0x1E, 0x05, 0x59, 0x00, 0x00, 0x00,
    0xE6, 0xF3, 0x67, 0x05, 0xFC, 0x82, 0xE5, 0xF3, 0x9C, 0xE5, 0xF3, 0xE4,
    0x25, 0xFC, 0xFF, 0x05, 0xFC, 0xFF, 0x25, 0xFC, 0xFF, 0x05, 0xFC, 0xFF,
    0xE5, 0xFB, 0xCB, 0xE5, 0xF3, 0x55, 0x00, 0x00, 0x00, 0x00, 0x00, 0x00,
    0xE0, 0xFF, 0x01, 0x00, 0x00, 0x00, 0x00, 0x00, 0x00, 0x00, 0x00, 0x00,
    0x00, 0x00, 0x00, 0x00, 0x00, 0x00, 0x00, 0x00, 0x00, 0x00, 0x00, 0x00,
    0xFF, 0x03, 0x02, 0x00, 0x00, 0x00, 0x1E, 0x05, 0xA5, 0x5F, 0x05, 0xFD,
    0x1E, 0x05, 0xF9, 0x1E, 0x05, 0xFB, 0x3F, 0x05, 0xFF, 0xFD, 0x04, 0x50,
    0x00, 0x00, 0x00, 0x5F, 0x05, 0x03, 0x00, 0x00, 0x00, 0x00, 0x00, 0x00,
    0x00, 0x00, 0x00, 0x00, 0x00, 0x00, 0x00, 0x00, 0x00, 0xF7, 0x03, 0x04,
    0x00, 0x00, 0x00, 0x1D, 0x05, 0x61, 0x5F, 0x05, 0xFD, 0x1E, 0x05, 0xFA,
    0x1E, 0x05, 0xF9, 0x5F, 0x05, 0xFF, 0x1E, 0x05, 0x99, 0x00, 0x00, 0x00,
    0x5F, 0x05, 0x03, 0x00, 0x00, 0x00, 0x00, 0x00, 0x00, 0x00, 0x00, 0x00,
    0x00, 0x00, 0x00, 0x00, 0x00, 0x00, 0x00, 0x00, 0x00, 0x00, 0x00, 0x00,
    0x00, 0x00, 0x00, 0x00, 0x00, 0x00, 0x00, 0x00, 0x00, 0x00, 0x00, 0x00,
    0x00, 0x00, 0x00, 0x00, 0x00, 0x00, 0x00, 0x00, 0x00, 0x00, 0x00, 0x00,
    0x00, 0x00, 0x00, 0x00, 0x00, 0x00, 0x00, 0x00, 0x00, 0xFF, 0x03, 0x02,
    0x00, 0x00, 0x00, 0x1E, 0x05, 0x23, 0x1E, 0x05, 0xE4, 0x3F, 0x05, 0xFF,
    0x1E, 0x05, 0xFC, 0x1E, 0x05, 0xFF, 0x1E, 0x05, 0xFF, 0x1E, 0x05, 0xFF,
    0x1E, 0x05, 0xFE, 0x1E, 0x05, 0xFD, 0x5F, 0x05, 0xFF, 0x3E, 0x05, 0xFF,
    0x1E, 0x05, 0xC7, 0x1E, 0x05, 0x7B, 0x1D, 0x05, 0x41, 0x3E, 0x05, 0x1D,
    0xFD, 0x04, 0x0D, 0x00, 0x00, 0x00, 0x1D, 0x05, 0x41, 0x1E, 0x05, 0xEE,
    0x1E, 0x05, 0xFE, 0x1E, 0x05, 0xFD, 0x1E, 0x05, 0xFC, 0x3F, 0x05, 0xFF,
    0x3E, 0x05, 0xFF, 0x1E, 0x05, 0xB8, 0x1E, 0x05, 0x41, 0x00, 0x00, 0x00,
    0x00, 0x00, 0x00, 0x00, 0x00, 0x00, 0xF7, 0x7D, 0x04, 0x92, 0x6C, 0x07,
    0xEF, 0xBB, 0x04, 0x00, 0x00, 0x00, 0x00, 0x00, 0x00, 0x00, 0x00, 0x00,
    0x00, 0x00, 0x00, 0xE0, 0xFB, 0x02, 0xE7, 0xFB, 0x04, 0xE0, 0xFB, 0x02,
    0x00, 0x00, 0x00, 0x00, 0x00, 0x00, 0x00, 0x00, 0x00, 0x00, 0x00, 0x00,
    0x00, 0x00, 0x00, 0x00, 0x00, 0x00, 0x1F, 0x00, 0x01, 0x00, 0x00, 0x00,
    0xDF, 0x04, 0x05, 0x1E, 0x05, 0xDA, 0x7F, 0x05, 0xFF, 0x3F, 0x05, 0xFF,
    0x5F, 0x05, 0xFF, 0x5F, 0x05, 0xFF, 0x5F, 0x05, 0xFF, 0x3F, 0x05, 0xFF,
    0x5F, 0x05, 0xFF, 0x9F, 0x05, 0xFF, 0x9F, 0x05, 0xFF, 0x9F, 0x05, 0xFF,
    0x9F, 0x05, 0xFF, 0x9F, 0x05, 0xFF, 0x9F, 0x05, 0xFF, 0x9F, 0x05, 0xFF,
    0x7F, 0x05, 0xFF, 0xFF, 0x05, 0xFF, 0x1E, 0x05, 0x86, 0x00, 0x00, 0x00,
    0x5F, 0x05, 0x03, 0xDF, 0x04, 0x05, 0x1D, 0x05, 0xDA, 0x7F, 0x05, 0xFF,
    0x3F, 0x05, 0xFF, 0x5F, 0x05, 0xFF, 0x5F, 0x05, 0xFF, 0x5F, 0x05, 0xFF,
    0x3F, 0x05, 0xFF, 0x5F, 0x05, 0xFF, 0x9F, 0x05, 0xFF, 0x9F, 0x05, 0xFF,
    0x9F, 0x05, 0xFF, 0x9F, 0x05, 0xFF, 0x9F, 0x05, 0xFF, 0x9F, 0x05, 0xFF,
    0x9F, 0x05, 0xFF, 0x7F, 0x05, 0xFF, 0xFF, 0x05, 0xFF, 0xFD, 0x04, 0x83,
    0x00, 0x00, 0x00, 0xFF, 0x07, 0x02, 0x9B, 0x04, 0x07, 0x1E, 0x05, 0xDC,
    0x7F, 0x05, 0xFF, 0x3F, 0x05, 0xFF, 0x5F, 0x05, 0xFF, 0x5F, 0x05, 0xFF,
    0x5F, 0x05, 0xFF, 0x3F, 0x05, 0xFF, 0x5F, 0x05, 0xFF, 0x9F, 0x05, 0xFF,
    0x9F, 0x05, 0xFF, 0x9F, 0x05, 0xFF, 0x9F, 0x05, 0xFF, 0x9F, 0x05, 0xFF,
    0x9F, 0x05, 0xFF, 0x9F, 0x05, 0xFF, 0x7F, 0x05, 0xFF, 0xFF, 0x05, 0xFF,
    0xFE, 0x04, 0x88, 0x00, 0x00, 0x00, 0xFF, 0x05, 0x04, 0x00, 0x00, 0x00,
    0x00, 0x00, 0x00, 0x00, 0x00, 0x00, 0x00, 0x00, 0x00, 0xFF, 0x03, 0x02,
    0x00, 0x00, 0x00, 0xDC, 0x04, 0x0A, 0x3E, 0x05, 0x6C, 0x1E, 0x05, 0xC1,
    0x1E, 0x05, 0xEF, 0x1E, 0x05, 0xFF, 0x5F, 0x05, 0xFF, 0x9F, 0x05, 0xFF,
    0x9F, 0x05, 0xFF, 0x7F, 0x05, 0xFF, 0x3E, 0x05, 0xFF, 0x1E, 0x05, 0xF3,
    0x1E, 0x05, 0xC9, 0x1E, 0x05, 0x89, 0x1D, 0x05, 0x31, 0x00, 0x00, 0x00,
    0x00, 0x00, 0x00, 0x5F, 0x05, 0x03, 0x00, 0x00, 0x00, 0x00, 0x00, 0x00,
    0xFF, 0x07, 0x01, 0x00, 0x00, 0x00, 0x5D, 0x05, 0x0F, 0x1E, 0x05, 0xF0,
    0x5F, 0x05, 0xFF, 0x3F, 0x05, 0xFF, 0x5F, 0x05, 0xFF, 0x5F, 0x05, 0xFF,
    0x3E, 0x05, 0xFF, 0xBF, 0x05, 0xFF, 0x1E, 0x05, 0x78, 0x00, 0x00, 0x00,
    0xDF, 0x04, 0x05, 0x00, 0x00, 0x00, 0xFF, 0x07, 0x01, 0x00, 0x00, 0x00,
    0x3E, 0x05, 0x11, 0x1E, 0x05, 0xF3, 0x5F, 0x05, 0xFF, 0x3F, 0x05, 0xFF,
    0x5F, 0x05, 0xFF, 0x5F, 0x05, 0xFF, 0x3F, 0x05, 0xFF, 0x9F, 0x05, 0xFF,
    0x1D, 0x05, 0x74, 0x00, 0x00, 0x00, 0xDF, 0x04, 0x05, 0x00, 0x00, 0x00,
    0x00, 0x00, 0x00, 0x00, 0x00, 0x00, 0x00, 0x00, 0x00, 0x00, 0x00, 0x00,
    0xFF, 0x03, 0x02, 0x00, 0x00, 0x00, 0xDB, 0x04, 0x0F, 0x1E, 0x05, 0x6E,
    0x3E, 0x05, 0xBC, 0x1E, 0x05, 0xEC, 0x1E, 0x05, 0xFD, 0x9F, 0x05, 0xFF,
    0x1E, 0x05, 0x6A, 0x00, 0x00, 0x00, 0xE5, 0xF3, 0xF0, 0x66, 0xFC, 0xFF,
    0x45, 0xFC, 0xFF, 0x05, 0xFC, 0xFF, 0xE5, 0xF3, 0xF6, 0xE5, 0xF3, 0xD7,
    0xE5, 0xF3, 0x9D, 0xE5, 0xF3, 0x50, 0x26, 0xCB, 0x05, 0x00, 0x00, 0x00,
    0xE0, 0xFB, 0x02, 0x00, 0xF8, 0x01, 0x00, 0x00, 0x00, 0x00, 0x00, 0x00,
    0x00, 0x00, 0x00, 0x00, 0x00, 0x00, 0x00, 0x00, 0x00, 0x00, 0x00, 0x00,
    0x00, 0x00, 0x00, 0x00, 0x00, 0x00, 0xFF, 0x03, 0x04, 0x00, 0x00, 0x00,
    0x1E, 0x05, 0x7A, 0x9F, 0x05, 0xFF, 0x3E, 0x05, 0xFF, 0x7F, 0x05, 0xFF,
    0xFD, 0x04, 0xD3, 0xFB, 0x04, 0x08, 0xFF, 0x03, 0x02, 0xFF, 0x07, 0x01,
    0x00, 0x00, 0x00, 0x00, 0x00, 0x00, 0x00, 0x00, 0x00, 0x00, 0x00, 0x00,
    0x00, 0x00, 0x00, 0x55, 0x05, 0x03, 0x00, 0x00, 0x00, 0xFE, 0x04, 0x3A,
    0x3F, 0x05, 0xFF, 0x5F, 0x05, 0xFF, 0x5F, 0x05, 0xFF, 0x1E, 0x05, 0xF1,
    0x1E, 0x05, 0x1B, 0xFF, 0x07, 0x01, 0xFF, 0x03, 0x02, 0x00, 0x00, 0x00,
    0x00, 0x00, 0x00, 0x00, 0x00, 0x00, 0x00, 0x00, 0x00, 0x00, 0x00, 0x00,
    0x00, 0x00, 0x00, 0x00, 0x00, 0x00, 0x00, 0x00, 0x00, 0x00, 0x00, 0x00,
    0x00, 0x00, 0x00, 0x00, 0x00, 0x00, 0x00, 0x00, 0x00, 0x00, 0x00, 0x00,
    0x00, 0x00, 0x00, 0x00, 0x00, 0x00, 0x00, 0x00, 0x00, 0x00, 0x00, 0x00,
    0x00, 0x00, 0x00, 0x00, 0x00, 0x00, 0x55, 0x05, 0x03, 0x00, 0x00, 0x00,
    0xFD, 0x04, 0x42, 0x3F, 0x05, 0xF2, 0x3E, 0x05, 0xFF, 0x1D, 0x05, 0xFD,
    0x1E, 0x05, 0xFF, 0x1E, 0x05, 0xFF, 0x1E, 0x05, 0xFF, 0x1E, 0x05, 0xFF,
    0x1E, 0x05, 0xFC, 0x1E, 0x05, 0xFE, 0x5F, 0x05, 0xFF, 0x5F, 0x05, 0xFF,
    0x1E, 0x05, 0xFF, 0x1E, 0x05, 0xEF, 0x1E, 0x05, 0xDF, 0x1E, 0x05, 0xD7,
    0x1E, 0x05, 0xD9, 0x1E, 0x05, 0xF5, 0x1E, 0x05, 0xFF, 0x1E, 0x05, 0xFF,
    0x1E, 0x05, 0xFF, 0x1E, 0x05, 0xFD, 0x1E, 0x05, 0xFE, 0x5F, 0x05, 0xFF,
    0x1E, 0x05, 0xFF, 0x1E, 0x05, 0xBA, 0x1E, 0x05, 0x5C, 0xDD, 0x04, 0x0F,
    0x00, 0x00, 0x00, 0x00, 0x00, 0x00, 0x00, 0x00, 0x00, 0x00, 0x00, 0x00,
    0xEF, 0x7B, 0x02, 0xEF, 0x7B, 0x02, 0x00, 0x00, 0x00, 0x00, 0x00, 0x00,
    0x00, 0x00, 0x00, 0x00, 0x00, 0x00, 0x00, 0x00, 0x00, 0x00, 0x00, 0x00,
    0x00, 0x00, 0x00, 0x00, 0x00, 0x00, 0x00, 0x00, 0x00, 0x00, 0x00, 0x00,
    0x00, 0x00, 0x01, 0x00, 0x00, 0x00, 0xFF, 0x05, 0x04, 0x1E, 0x05, 0x55,
    0x1E, 0x05, 0x64, 0xFD, 0x04, 0x62, 0x1E, 0x05, 0x62, 0x1E, 0x05, 0x62,
    0x1E, 0x05, 0x62, 0x1E, 0x05, 0x62, 0x1E, 0x05, 0x61, 0x1E, 0x05, 0x5F,
    0x1E, 0x05, 0x5F, 0x1E, 0x05, 0x5F, 0x1E, 0x05, 0x5F, 0x1E, 0x05, 0x5F,
    0x1E, 0x05, 0x5F, 0x1E, 0x05, 0x5F, 0x1E, 0x05, 0x5E, 0x1E, 0x05, 0x63,
    0xFE, 0x04, 0x25, 0x00, 0x00, 0x00, 0x1F, 0x00, 0x01, 0xFF, 0x05, 0x04,
    0xFE, 0x04, 0x55, 0x1E, 0x05, 0x64, 0xFD, 0x04, 0x62, 0x1E, 0x05, 0x62,
    0x1E, 0x05, 0x62, 0x1E, 0x05, 0x62, 0x1E, 0x05, 0x62, 0x1E, 0x05, 0x61,
    0x1E, 0x05, 0x5F, 0x1E, 0x05, 0x5F, 0x1E, 0x05, 0x5F, 0x1E, 0x05, 0x5F,
    0x1E, 0x05, 0x5F, 0x1E, 0x05, 0x5F, 0x1E, 0x05, 0x5F, 0x1E, 0x05, 0x5E,
    0x1E, 0x05, 0x63, 0x1E, 0x05, 0x24, 0x00, 0x00, 0x00, 0x00, 0x00, 0x00,
    0xFA, 0x03, 0x06, 0x1E, 0x05, 0x56, 0x1E, 0x05, 0x64, 0xFD, 0x04, 0x62,
    0x1E, 0x05, 0x62, 0x1E, 0x05, 0x62, 0x1E, 0x05, 0x62, 0x1E, 0x05, 0x62,
    0x1E, 0x05, 0x61, 0x1E, 0x05, 0x5F, 0x1E, 0x05, 0x5F, 0x1E, 0x05, 0x5F,
    0x1E, 0x05, 0x5F, 0x1E, 0x05, 0x5F, 0x1E, 0x05, 0x5F, 0x1E, 0x05, 0x5F,
    0x1E, 0x05, 0x5E, 0x1E, 0x05, 0x63, 0xDD, 0x04, 0x24, 0x00, 0x00, 0x00,
    0xFF, 0x07, 0x01, 0x00, 0x00, 0x00, 0x00, 0x00, 0x00, 0x00, 0x00, 0x00,
    0x00, 0x00, 0x00, 0x00, 0x00, 0x00, 0xFF, 0x07, 0x02, 0x00, 0x00, 0x00,
    0x00, 0x00, 0x00, 0x00, 0x00, 0x00, 0xFD, 0x04, 0x1D, 0x1E, 0x05, 0x44,
    0x1E, 0x05, 0x57, 0x1D, 0x05, 0x5F, 0x1E, 0x05, 0x5F, 0x1E, 0x05, 0x55,
    0x1E, 0x05, 0x40, 0x1D, 0x05, 0x21, 0x5F, 0x05, 0x03, 0x00, 0x00, 0x00,
    0x00, 0x00, 0x00, 0xFF, 0x03, 0x02, 0xEF, 0x03, 0x02, 0x00, 0x00, 0x00,
    0x00, 0x00, 0x00, 0x00, 0x00, 0x00, 0xFF, 0x07, 0x01, 0x00, 0x00, 0x00,
    0xFD, 0x04, 0x0D, 0x1E, 0x05, 0x5D, 0x1E, 0x05, 0x63, 0x1D, 0x05, 0x62,
    0x1E, 0x05, 0x62, 0x1E, 0x05, 0x62, 0xFD, 0x04, 0x62, 0x1E, 0x05, 0x66,
    0x1E, 0x05, 0x21, 0x00, 0x00, 0x00, 0xFF, 0x07, 0x01, 0x00, 0x00, 0x00,
    0x00, 0x00, 0x00, 0x00, 0x00, 0x00, 0xF7, 0x03, 0x04, 0x1E, 0x05, 0x58,
    0x1E, 0x05, 0x64, 0x1D, 0x05, 0x62, 0x1E, 0x05, 0x62, 0x1E, 0x05, 0x62,
    0x1E, 0x05, 0x60, 0x3E, 0x05, 0x69, 0x1E, 0x05, 0x36, 0x00, 0x00, 0x00,
    0xFF, 0x03, 0x02, 0x00, 0x00, 0x00, 0x00, 0x00, 0x00, 0x00, 0x00, 0x00,
    0x00, 0x00, 0x00, 0x00, 0x00, 0x00, 0x00, 0x00, 0x00, 0x5F, 0x05, 0x03,
    0x00, 0x00, 0x00, 0x00, 0x00, 0x00, 0x00, 0x00, 0x00, 0xFD, 0x04, 0x18,
    0x1D, 0x05, 0x3E, 0xFD, 0x04, 0x52, 0xFF, 0x04, 0x10, 0x00, 0xF8, 0x01,
    0xE5, 0xF3, 0x5A, 0xE5, 0xF3, 0x60, 0xE5, 0xF3, 0x58, 0xC5, 0xF3, 0x45,
    0xC5, 0xFB, 0x28, 0xE6, 0xFB, 0x0A, 0x00, 0x00, 0x00, 0x00, 0x00, 0x00,
    0x00, 0x00, 0x00, 0xAA, 0xFA, 0x03, 0x00, 0x00, 0x00, 0x00, 0x00, 0x00,
    0x00, 0x00, 0x00, 0x00, 0x00, 0x00, 0x00, 0x00, 0x00, 0x00, 0x00, 0x00,
    0x00, 0x00, 0x00, 0x00, 0x00, 0x00, 0x00, 0x00, 0x00, 0x00, 0x00, 0x00,
    0xFF, 0x07, 0x01, 0x00, 0x00, 0x00, 0xFD, 0x04, 0x20, 0x1E, 0x05, 0x65,
    0x1E, 0x05, 0x60, 0x3E, 0x05, 0x67, 0x1D, 0x05, 0x2C, 0x00, 0x00, 0x00,
    0xFF, 0x07, 0x01, 0x00, 0x00, 0x00, 0x00, 0x00, 0x00, 0x00, 0x00, 0x00,
    0x00, 0x00, 0x00, 0x00, 0x00, 0x00, 0x00, 0x00, 0x00, 0xFF, 0x07, 0x01,
    0x00, 0x00, 0x00, 0x1D, 0x05, 0x0E, 0x1D, 0x05, 0x60, 0x1D, 0x05, 0x62,
    0x1E, 0x05, 0x67, 0xFD, 0x04, 0x44, 0x00, 0x00, 0x00, 0xFF, 0x07, 0x01,
    0x00, 0x00, 0x00, 0x00, 0x00, 0x00, 0x00, 0x00, 0x00, 0x00, 0x00, 0x00,
    0x00, 0x00, 0x00, 0x00, 0x00, 0x00, 0x00, 0x00, 0x00, 0x00, 0x00, 0x00,
    0x00, 0x00, 0x00, 0x00, 0x00, 0x00, 0x00, 0x00, 0x00, 0x00, 0x00, 0x00,
    0x00, 0x00, 0x00, 0x00, 0x00, 0x00, 0x00, 0x00, 0x00, 0x00, 0x00, 0x00,
    0x00, 0x00, 0x00, 0x00, 0x00, 0x00, 0x00, 0x00, 0x00, 0x00, 0x00, 0x00,
    0x00, 0x00, 0x00, 0x5F, 0x05, 0x03, 0x00, 0x00, 0x00, 0xDD, 0x04, 0x3D,
    0x3E, 0x05, 0xF4, 0x3F, 0x05, 0xFF, 0x1D, 0x05, 0xFC, 0x1E, 0x05, 0xFF,
    0x1E, 0x05, 0xFF, 0x1E, 0x05, 0xFF, 0x1E, 0x05, 0xFF, 0x1E, 0x05, 0xFE,
    0x1E, 0x05, 0xFD, 0x1E, 0x05, 0xFB, 0x1E, 0x05, 0xFF, 0x3E, 0x05, 0xFF,
    0x3F, 0x05, 0xFF, 0x3F, 0x05, 0xFF, 0x3F, 0x05, 0xFF, 0x1E, 0x05, 0xFF,
    0x1E, 0x05, 0xFF, 0x1E, 0x05, 0xFF, 0x1E, 0x05, 0xFF, 0x1E, 0x05, 0xFF,
    0x1E, 0x05, 0xFE, 0x1E, 0x05, 0xFC, 0x1E, 0x05, 0xFF, 0x5F, 0x05, 0xFF,
    0x5F, 0x05, 0xFF, 0x1E, 0x05, 0xDE, 0x1E, 0x05, 0x98, 0x1E, 0x05, 0x4E,
    0x1E, 0x05, 0x1B, 0xFF, 0x07, 0x02, 0x00, 0x00, 0x00, 0x00, 0x00, 0x00,
    0xDF, 0x04, 0x05, 0x00, 0x00, 0x00, 0x00, 0x00, 0x00, 0x00, 0x00, 0x00,
    0x00, 0x00, 0x00, 0x00, 0x00, 0x00, 0x00, 0x00, 0x00, 0x00, 0x00, 0x00,
    0x00, 0x00, 0x00, 0x00, 0x00, 0x00, 0x00, 0x00, 0x00, 0x00, 0x00, 0x00,
    0x00, 0x00, 0x00, 0x00, 0x00, 0x00, 0x00, 0x00, 0x00, 0x00, 0x00, 0x00,
    0x00, 0x00, 0x00, 0x00, 0x00, 0x00, 0x00, 0x00, 0x00, 0x00, 0x00, 0x00,
    0x00, 0x00, 0x00, 0x00, 0x00, 0x00, 0x00, 0x00, 0x00, 0x00, 0x00, 0x00,
    0x00, 0x00, 0x00, 0x00, 0x00, 0x00, 0x00, 0x00, 0x00, 0x00, 0x00, 0x00,
    0x00, 0x00, 0x00, 0x00, 0x00, 0x00, 0x00, 0x00, 0x00, 0x00, 0x00, 0x00,
    0x00, 0x00, 0x00, 0x00, 0x00, 0x00, 0x00, 0x00, 0x00, 0x00, 0x00, 0x00,
    0x00, 0x00, 0x00, 0x00, 0x00, 0x00, 0x00, 0x00, 0x00, 0x00, 0x00, 0x00,
    0x00, 0x00, 0x00, 0x00, 0x00, 0x00, 0x00, 0x00, 0x00, 0x00, 0x00, 0x00,
    0x00, 0x00, 0x00, 0x00, 0x00, 0x00, 0x00, 0x00, 0x00, 0x00, 0x00, 0x00,
    0x00, 0x00, 0x00, 0x00, 0x00, 0x00, 0x00, 0x00, 0x00, 0x00, 0x00, 0x00,
    0x00, 0x00, 0x00, 0x00, 0x00, 0x00, 0x00, 0x00, 0x00, 0x00, 0x00, 0x00,
    0x00, 0x00, 0x00, 0x00, 0x00, 0x00, 0x00, 0x00, 0x00, 0x00, 0x00, 0x00,
    0x00, 0x00, 0x00, 0x00, 0x00, 0x00, 0x00, 0x00, 0x00, 0x00, 0x00, 0x00,
    0x00, 0x00, 0x00, 0x00, 0x00, 0x00, 0x00, 0x00, 0x00, 0x00, 0x00, 0x00,
    0x00, 0x00, 0x00, 0x00, 0x00, 0x00, 0x00, 0x00, 0x00, 0x00, 0x00, 0x00,
    0x00, 0x00, 0x00, 0x00, 0x00, 0x00, 0x00, 0x00, 0x00, 0x00, 0x00, 0x00,
    0x00, 0x00, 0x00, 0x00, 0x00, 0x00, 0x00, 0x00, 0x00, 0x00, 0x00, 0x00,
    0x00, 0x00, 0x00, 0xFF, 0x07, 0x01, 0x5F, 0x05, 0x03, 0x00, 0x00, 0x00,
    0x00, 0x00, 0x00, 0x00, 0x00, 0x00, 0x00, 0x00, 0x00, 0x00, 0x00, 0x00,
    0x00, 0x00, 0x00, 0x00, 0x00, 0x00, 0x00, 0x00, 0x00, 0x00, 0x00, 0x00,
    0x00, 0x00, 0x00, 0xFF, 0x03, 0x04, 0xFF, 0x03, 0x02, 0x00, 0x00, 0x00,
    0x00, 0x00, 0x00, 0x00, 0x00, 0x00, 0x00, 0x00, 0x00, 0x00, 0x00, 0x00,
    0x00, 0x00, 0x00, 0x00, 0x00, 0x00, 0x00, 0x00, 0x00, 0x00, 0x00, 0x00,
    0x00, 0x00, 0x00, 0x00, 0x00, 0x00, 0x00, 0x00, 0x00, 0x00, 0x00, 0x00,
    0x00, 0x00, 0x00, 0x00, 0x00, 0x00, 0x00, 0x00, 0x00, 0x00, 0x00, 0x00,
    0x00, 0x00, 0x00, 0x00, 0x00, 0x00, 0x00, 0x00, 0x00, 0x00, 0x00, 0x00,
    0x00, 0x00, 0x00, 0x00, 0x00, 0x00, 0x00, 0x00, 0x00, 0x00, 0x00, 0x00,
    0x00, 0x00, 0x00, 0x00, 0x00, 0x00, 0x00, 0x00, 0x00, 0x00, 0x00, 0x00,
    0x00, 0x00, 0x00, 0x00, 0x00, 0x00, 0x00, 0x00, 0x00, 0x00, 0x00, 0x00,
    0x00, 0x00, 0x00, 0x00, 0x00, 0x00, 0x00, 0x00, 0x00, 0x00, 0x00, 0x00,
    0x00, 0x00, 0x00, 0x00, 0x00, 0x00, 0xFF, 0x07, 0x01, 0xF7, 0x03, 0x04,
    0x00, 0x00, 0x00, 0x00, 0x00, 0x00, 0x00, 0x00, 0x00, 0x00, 0x00, 0x00,
    0x00, 0x00, 0x00, 0x00, 0x00, 0x00, 0x00, 0x00, 0x00, 0x00, 0x00, 0x00,
    0x00, 0x00, 0x00, 0x00, 0x00, 0x00, 0x00, 0x00, 0x00, 0x00, 0x00, 0x00,
    0x4A, 0xFD, 0x03, 0xA0, 0xFA, 0x03, 0x00, 0xF8, 0x01, 0x00, 0x00, 0x00,
    0x00, 0x00, 0x00, 0x00, 0x00, 0x00, 0x00, 0x00, 0x00, 0x00, 0x00, 0x00,
    0x00, 0x00, 0x00, 0x00, 0x00, 0x00, 0x00, 0x00, 0x00, 0x00, 0x00, 0x00,
    0x00, 0x00, 0x00, 0x00, 0x00, 0x00, 0x00, 0x00, 0x00, 0x00, 0x00, 0x00,
    0x00, 0x00, 0x00, 0x00, 0x00, 0x00, 0x00, 0x00, 0x00, 0x00, 0x00, 0x00,
    0x00, 0x00, 0x00, 0x00, 0x00, 0x00, 0x00, 0x00, 0x00, 0x00, 0x00, 0x00,
    0x00, 0x00, 0x00, 0x00, 0x00, 0x00, 0x00, 0x00, 0x00, 0x00, 0x00, 0x00,
    0x00, 0x00, 0x00, 0x00, 0x00, 0x00, 0x00, 0x00, 0x00, 0x00, 0x00, 0x00,
    0x00, 0x00, 0x00, 0x00, 0x00, 0x00, 0x00, 0x00, 0x00, 0x00, 0x00, 0x00,
    0xFF, 0x07, 0x01, 0x00, 0x00, 0x00, 0x00, 0x00, 0x00, 0x00, 0x00, 0x00,
    0x00, 0x00, 0x00, 0x00, 0x00, 0x00, 0x00, 0x00, 0x00, 0x00, 0x00, 0x00,
    0x00, 0x00, 0x00, 0x00, 0x00, 0x00, 0x00, 0x00, 0x00, 0x00, 0x00, 0x00,
    0x00, 0x00, 0x00, 0x00, 0x00, 0x00, 0x00, 0x00, 0x00, 0x00, 0x00, 0x00,
    0x00, 0x00, 0x00, 0x00, 0x00, 0x00, 0x00, 0x00, 0x00, 0x00, 0x00, 0x00,
    0x00, 0x00, 0x00, 0x00, 0x00, 0x00, 0x00, 0x00, 0x00, 0x00, 0x00, 0x00,
    0xF7, 0x03, 0x04, 0x00, 0x00, 0x00, 0xFD, 0x04, 0x3D, 0x3E, 0x05, 0xE9,
    0x5F, 0x05, 0xFF, 0x1D, 0x05, 0xFC, 0x1E, 0x05, 0xFE, 0x1E, 0x05, 0xFF,
    0x1E, 0x05, 0xFF, 0x1E, 0x05, 0xFF, 0x1E, 0x05, 0xFF, 0x1E, 0x05, 0xFF,
    0x1E, 0x05, 0xFE, 0x1E, 0x05, 0xFE, 0x1E, 0x05, 0xFD, 0x1E, 0x05, 0xFD,
    0x1E, 0x05, 0xFD, 0x1E, 0x05, 0xFF, 0x1E, 0x05, 0xFF, 0x1E, 0x05, 0xFF,
    0x1E, 0x05, 0xFF, 0x1E, 0x05, 0xFF, 0x1E, 0x05, 0xFF, 0x1E, 0x05, 0xFF,
    0x1E, 0x05, 0xFE, 0x1E, 0x05, 0xFC, 0x1E, 0x05, 0xFD, 0x3E, 0x05, 0xFF,
    0x5F, 0x05, 0xFF, 0x3F, 0x05, 0xFF, 0x1E, 0x05, 0xEF, 0x1E, 0x05, 0xCC,
    0x1E, 0x05, 0xB8, 0x1E, 0x05, 0xA7, 0x1D, 0x05, 0x2B, 0x00, 0x00, 0x00,
    0xFF, 0x07, 0x01, 0x00, 0x00, 0x00, 0x00, 0x00, 0x00, 0x00, 0x00, 0x00,
    0x00, 0x00, 0x00, 0x00, 0x00, 0x00, 0x00, 0x00, 0x00, 0x00, 0x00, 0x00,
    0x00, 0x00, 0x00, 0x00, 0x00, 0x00, 0x00, 0x00, 0x00, 0x5F, 0x05, 0x03,
    0x5F, 0x05, 0x03, 0x5F, 0x05, 0x03, 0x5F, 0x05, 0x03, 0x5F, 0x05, 0x03,
    0x5F, 0x05, 0x03, 0x5F, 0x05, 0x03, 0x5F, 0x05, 0x03, 0x5F, 0x05, 0x03,
    0x5F, 0x05, 0x03, 0x5F, 0x05, 0x03, 0x5F, 0x05, 0x03, 0x5F, 0x05, 0x03,
    0x5F, 0x05, 0x03, 0x5F, 0x05, 0x03, 0x5F, 0x05, 0x03, 0xF7, 0x03, 0x04,
    0xFF, 0x07, 0x01, 0x00, 0x00, 0x00, 0x00, 0x00, 0x00, 0x00, 0x00, 0x00,
    0x5F, 0x05, 0x03, 0x5F, 0x05, 0x03, 0x5F, 0x05, 0x03, 0x5F, 0x05, 0x03,
    0x5F, 0x05, 0x03, 0x5F, 0x05, 0x03, 0x5F, 0x05, 0x03, 0x5F, 0x05, 0x03,
    0x5F, 0x05, 0x03, 0x5F, 0x05, 0x03, 0x5F, 0x05, 0x03, 0x5F, 0x05, 0x03,
    0x5F, 0x05, 0x03, 0x5F, 0x05, 0x03, 0x5F, 0x05, 0x03, 0x5F, 0x05, 0x03,
    0xF7, 0x03, 0x04, 0xFF, 0x07, 0x01, 0x00, 0x00, 0x00, 0x00, 0x00, 0x00,
    0x00, 0x00, 0x00, 0x5F, 0x05, 0x03, 0x5F, 0x05, 0x03, 0x5F, 0x05, 0x03,
    0x5F, 0x05, 0x03, 0x5F, 0x05, 0x03, 0x5F, 0x05, 0x03, 0x5F, 0x05, 0x03,
    0x5F, 0x05, 0x03, 0x5F, 0x05, 0x03, 0x5F, 0x05, 0x03, 0x5F, 0x05, 0x03,
    0x5F, 0x05, 0x03, 0x5F, 0x05, 0x03, 0x5F, 0x05, 0x03, 0x5F, 0x05, 0x03,
    0x5F, 0x05, 0x03, 0xF7, 0x03, 0x04, 0xFF, 0x07, 0x01, 0x00, 0x00, 0x00,
    0x00, 0x00, 0x00, 0x00, 0x00, 0x00, 0x00, 0x00, 0x00, 0x00, 0x00, 0x00,
    0x00, 0x00, 0x00, 0x00, 0x00, 0x00, 0x00, 0x00, 0x00, 0x00, 0x00, 0x00,
    0x00, 0x00, 0x00, 0x1F, 0x00, 0x01, 0xFF, 0x03, 0x02, 0x5F, 0x05, 0x03,
    0x5F, 0x05, 0x03, 0x5F, 0x05, 0x03, 0x5F, 0x05, 0x03, 0x5F, 0x05, 0x03,
    0x55, 0x05, 0x03, 0xFF, 0x03, 0x02, 0xFF, 0x07, 0x01, 0x00, 0x00, 0x00,
    0x00, 0x00, 0x00, 0x00, 0x00, 0x00, 0x00, 0x00, 0x00, 0x00, 0x00, 0x00,
    0x00, 0x00, 0x00, 0x00, 0x00, 0x00, 0x00, 0x00, 0x00, 0x00, 0x00, 0x00,
    0x00, 0x00, 0x00, 0x5F, 0x05, 0x03, 0x5F, 0x05, 0x03, 0x5F, 0x05, 0x03,
    0x5F, 0x05, 0x03, 0x5F, 0x05, 0x03, 0x5F, 0x05, 0x03, 0xF7, 0x03, 0x04,
    0xFF, 0x07, 0x01, 0x00, 0x00, 0x00, 0x00, 0x00, 0x00, 0x00, 0x00, 0x00,
    0x00, 0x00, 0x00, 0x00, 0x00, 0x00, 0x00, 0x00, 0x00, 0x5F, 0x05, 0x03,
    0x5F, 0x05, 0x03, 0x5F, 0x05, 0x03, 0x5F, 0x05, 0x03, 0x5F, 0x05, 0x03,
    0x5F, 0x05, 0x03, 0xFF, 0x03, 0x04, 0xFF, 0x03, 0x02, 0x00, 0x00, 0x00,
    0x00, 0x00, 0x00, 0x00, 0x00, 0x00, 0x00, 0x00, 0x00, 0x00, 0x00, 0x00,
    0x00, 0x00, 0x00, 0x00, 0x00, 0x00, 0x00, 0x00, 0x00, 0x00, 0x00, 0x00,
    0x00, 0x00, 0x00, 0x00, 0x00, 0x00, 0x1F, 0x00, 0x01, 0xFF, 0x07, 0x01,
    0x55, 0x05, 0x03, 0x5F, 0x05, 0x03, 0xFF, 0x07, 0x01, 0x00, 0x00, 0x00,
    0x4A, 0xFD, 0x03, 0x4A, 0xFD, 0x03, 0x4A, 0xFD, 0x03, 0xA0, 0xFA, 0x03,
    0xE0, 0xFB, 0x02, 0xE0, 0xFF, 0x01, 0x00, 0x00, 0x00, 0x00, 0x00, 0x00,
    0x00, 0x00, 0x00, 0x00, 0x00, 0x00, 0x00, 0x00, 0x00, 0x00, 0x00, 0x00,
    0x00, 0x00, 0x00, 0x00, 0x00, 0x00, 0x00, 0x00, 0x00, 0x00, 0x00, 0x00,
    0x00, 0x00, 0x00, 0x00, 0x00, 0x00, 0x00, 0x00, 0x00, 0x00, 0x00, 0x00,
    0x00, 0x00, 0x00, 0x00, 0x00, 0x00, 0xFF, 0x07, 0x01, 0xF7, 0x03, 0x04,
    0x5F, 0x05, 0x03, 0xF7, 0x03, 0x04, 0xFF, 0x03, 0x02, 0x00, 0x00, 0x00,
    0x00, 0x00, 0x00, 0x00, 0x00, 0x00, 0x00, 0x00, 0x00, 0x00, 0x00, 0x00,
    0x00, 0x00, 0x00, 0x00, 0x00, 0x00, 0x00, 0x00, 0x00, 0x00, 0x00, 0x00,
    0x00, 0x00, 0x00, 0x1F, 0x00, 0x01, 0x5F, 0x05, 0x03, 0x5F, 0x05, 0x03,
    0xF7, 0x03, 0x04, 0x55, 0x05, 0x03, 0x00, 0x00, 0x00, 0x00, 0x00, 0x00,
    0x00, 0x00, 0x00, 0x00, 0x00, 0x00, 0x00, 0x00, 0x00, 0x00, 0x00, 0x00,
    0x00, 0x00, 0x00, 0x00, 0x00, 0x00, 0x00, 0x00, 0x00, 0x00, 0x00, 0x00,
    0x00, 0x00, 0x00, 0x00, 0x00, 0x00, 0x00, 0x00, 0x00, 0x00, 0x00, 0x00,
    0x00, 0x00, 0x00, 0x00, 0x00, 0x00, 0x00, 0x00, 0x00, 0x00, 0x00, 0x00,
    0x00, 0x00, 0x00, 0x00, 0x00, 0x00, 0x00, 0x00, 0x00, 0x00, 0x00, 0x00,
    0x00, 0x00, 0x00, 0x00, 0x00, 0x00, 0x00, 0x00, 0x00, 0x5F, 0x05, 0x03,
    0x00, 0x00, 0x00, 0xFD, 0x04, 0x27, 0x1E, 0x05, 0xC0, 0x7F, 0x05, 0xFF,
    0x1E, 0x05, 0xFF, 0x1E, 0x05, 0xFC, 0x1E, 0x05, 0xFF, 0x1E, 0x05, 0xFF,
    0x1E, 0x05, 0xFF, 0x1E, 0x05, 0xFF, 0x1E, 0x05, 0xFF, 0x1E, 0x05, 0xFF,
    0x1E, 0x05, 0xFF, 0x1E, 0x05, 0xFF, 0x1E, 0x05, 0xFF, 0x1E, 0x05, 0xFF,
    0x1E, 0x05, 0xFF, 0x1E, 0x05, 0xFF, 0x1E, 0x05, 0xFF, 0x1E, 0x05, 0xFF,
    0x1E, 0x05, 0xFF, 0x1E, 0x05, 0xFF, 0x1E, 0x05, 0xFF, 0x1E, 0x05, 0xFF,
    0x1E, 0x05, 0xFF, 0x1E, 0x05, 0xFD, 0x1E, 0x05, 0xFB, 0x1E, 0x05, 0xFA,
    0x1E, 0x05, 0xFF, 0x9F, 0x05, 0xFF, 0x3E, 0x05, 0xE2, 0x1E, 0x05, 0x52,
    0x00, 0x00, 0x00, 0xFF, 0x07, 0x01, 0x00, 0x00, 0x00, 0x00, 0x00, 0x00,
    0x00, 0x00, 0x00, 0x00, 0x00, 0x00, 0x00, 0x00, 0x00, 0x00, 0x00, 0x00,
    0x00, 0x00, 0x00, 0x00, 0x00, 0x00, 0x00, 0x00, 0x00, 0x00, 0x00, 0x00,
    0x00, 0x00, 0x00, 0x00, 0x00, 0x00, 0x00, 0x00, 0x00, 0x00, 0x00, 0x00,
    0x00, 0x00, 0x00, 0x00, 0x00, 0x00, 0x00, 0x00, 0x00, 0x00, 0x00, 0x00,
    0x00, 0x00, 0x00, 0x00, 0x00, 0x00, 0x00, 0x00, 0x00, 0x00, 0x00, 0x00,
    0x00, 0x00, 0x00, 0x00, 0x00, 0x00, 0x00, 0x00, 0x00, 0x00, 0x00, 0x00,
    0x00, 0x00, 0x00, 0x00, 0x00, 0x00, 0x00, 0x00, 0x00, 0x00, 0x00, 0x00,
    0x00, 0x00, 0x00, 0x00, 0x00, 0x00, 0x00, 0x00, 0x00, 0x00, 0x00, 0x00,
    0x00, 0x00, 0x00, 0x00, 0x00, 0x00, 0x00, 0x00, 0x00, 0x00, 0x00, 0x00,
    0x00, 0x00, 0x00, 0x00, 0x00, 0x00, 0x00, 0x00, 0x00, 0x00, 0x00, 0x00,
    0x00, 0x00, 0x00, 0x00, 0x00, 0x00, 0x00, 0x00, 0x00, 0x00, 0x00, 0x00,
    0x00, 0x00, 0x00, 0x00, 0x00, 0x00, 0x00, 0x00, 0x00, 0x00, 0x00, 0x00,
    0x00, 0x00, 0x00, 0x00, 0x00, 0x00, 0x00, 0x00, 0x00, 0x00, 0x00, 0x00,
    0x00, 0x00, 0x00, 0x00, 0x00, 0x00, 0x00, 0x00, 0x00, 0x00, 0x00, 0x00,
    0x00, 0x00, 0x00, 0x00, 0x00, 0x00, 0x00, 0x00, 0x00, 0x00, 0x00, 0x00,
    0x00, 0x00, 0x00, 0x00, 0x00, 0x00, 0x00, 0x00, 0x00, 0x00, 0x00, 0x00,
    0x00, 0x00, 0x00, 0x00, 0x00, 0x00, 0x00, 0x00, 0x00, 0x00, 0x00, 0x00,
    0x00, 0x00, 0x00, 0x00, 0x00, 0x00, 0x00, 0x00, 0x00, 0x00, 0x00, 0x00,
    0x00, 0x00, 0x00, 0x00, 0x00, 0x00, 0x00, 0x00, 0x00, 0x00, 0x00, 0x00,
    0x00, 0x00, 0x00, 0x00, 0x00, 0x00, 0x00, 0x00, 0x00, 0x00, 0x00, 0x00,
    0x00, 0x00, 0x00, 0x00, 0x00, 0x00, 0x00, 0x00, 0x00, 0x00, 0x00, 0x00,
    0x00, 0x00, 0x00, 0x00, 0x00, 0x00, 0x00, 0x00, 0x00, 0x00, 0x00, 0x00,
    0x00, 0x00, 0x00, 0x00, 0x00, 0x00, 0x00, 0x00, 0x00, 0x00, 0x00, 0x00,
    0x00, 0x00, 0x00, 0x00, 0x00, 0x00, 0x00, 0x00, 0x00, 0x00, 0x00, 0x00,
    0x00, 0x00, 0x00, 0x00, 0x00, 0x00, 0x00, 0x00, 0x00, 0x00, 0x00, 0x00,
    0x00, 0x00, 0x00, 0x00, 0x00, 0x00, 0x00, 0x00, 0x00, 0x00, 0x00, 0x00,
    0x00, 0x00, 0x00, 0x00, 0x00, 0x00, 0x00, 0x00, 0x00, 0x00, 0x00, 0x00,
    0x00, 0x00, 0x00, 0x00, 0x00, 0x00, 0x00, 0x00, 0x00, 0x00, 0x00, 0x00,
    0x00, 0x00, 0x00, 0x00, 0x00, 0x00, 0x00, 0x00, 0x00, 0x00, 0x00, 0x00,
    0x00, 0x00, 0x00, 0x00, 0x00, 0x00, 0x00, 0x00, 0x00, 0x00, 0x00, 0x00,
    0x00, 0x00, 0x00, 0x00, 0x00, 0x00, 0x00, 0x00, 0x00, 0x00, 0x00, 0x00,
    0x00, 0x00, 0x00, 0x00, 0x00, 0x00, 0x00, 0x00, 0x00, 0x00, 0x00, 0x00,
    0x00, 0x00, 0x00, 0x00, 0x00, 0x00, 0x00, 0x00, 0x00, 0x00, 0x00, 0x00,
    0x00, 0x00, 0x00, 0x00, 0x00, 0x00, 0x00, 0x00, 0x00, 0x00, 0x00, 0x00,
    0x00, 0x00, 0x00, 0x00, 0x00, 0x00, 0x00, 0x00, 0x00, 0x00, 0x00, 0x00,
    0x00, 0x00, 0x00, 0x00, 0x00, 0x00, 0x00, 0x00, 0x00, 0x00, 0x00, 0x00,
    0x00, 0x00, 0x00, 0x00, 0x00, 0x00, 0x00, 0x00, 0x00, 0x00, 0x00, 0x00,
    0x00, 0x00, 0x00, 0x00, 0x00, 0x00, 0x00, 0x00, 0x00, 0x00, 0x00, 0x00,
    0x00, 0x00, 0x00, 0x00, 0x00, 0x00, 0x00, 0x00, 0x00, 0x00, 0x00, 0x00,
    0x00, 0x00, 0x00, 0x00, 0x00, 0x00, 0x00, 0x00, 0x00, 0x00, 0x00, 0x00,
    0x00, 0x00, 0x00, 0x00, 0x00, 0x00, 0x00, 0x00, 0x00, 0x00, 0x00, 0x00,
    0x00, 0x00, 0x00, 0x00, 0x00, 0x00, 0x00, 0x00, 0x00, 0x00, 0x00, 0x00,
    0x00, 0x00, 0x00, 0x00, 0x00, 0x00, 0x00, 0x00, 0x00, 0x00, 0x00, 0x00,
    0x00, 0x00, 0x00, 0x00, 0x00, 0x00, 0x00, 0x00, 0x00, 0x00, 0x00, 0x00,
    0x00, 0x00, 0x00, 0x00, 0x00, 0x00, 0x00, 0x00, 0x00, 0x00, 0x00, 0x00,
    0x00, 0x00, 0x00, 0x00, 0x00, 0x00, 0x00, 0x00, 0x00, 0x00, 0x00, 0x00,
    0x00, 0x00, 0x00, 0x00, 0x00, 0x00, 0x00, 0x00, 0x00, 0x00, 0x00, 0x00,
    0x00, 0x00, 0x00, 0x00, 0x00, 0x00, 0x00, 0x00, 0x00, 0x00, 0x00, 0x00,
    0x00, 0x00, 0x00, 0x00, 0x00, 0x00, 0x00, 0x00, 0x00, 0x00, 0x00, 0x00,
    0x00, 0x00, 0x00, 0x00, 0x00, 0x00, 0x00, 0x00, 0x00, 0x00, 0x00, 0x00,
    0x00, 0x00, 0x00, 0x00, 0x00, 0x00, 0x00, 0x00, 0x00, 0x00, 0x00, 0x00,
    0x00, 0x00, 0x00, 0x00, 0x00, 0x00, 0x5F, 0x05, 0x03, 0x00, 0x00, 0x00,
    0xFA, 0x03, 0x06, 0x1E, 0x05, 0x83, 0x1E, 0x05, 0xF5, 0x5F, 0x05, 0xFF,
    0x1E, 0x05, 0xFF, 0x1E, 0x05, 0xFC, 0x1E, 0x05, 0xFE, 0x1E, 0x05, 0xFF,
    0x1E, 0x05, 0xFF, 0x1E, 0x05, 0xFF, 0x1E, 0x05, 0xFF, 0x1E, 0x05, 0xFF,
    0x1E, 0x05, 0xFF, 0x1E, 0x05, 0xFF, 0x1E, 0x05, 0xFF, 0x1E, 0x05, 0xFF,
    0x1E, 0x05, 0xFF, 0x1E, 0x05, 0xFF, 0x1E, 0x05, 0xFF, 0x1E, 0x05, 0xFF,
    0x1E, 0x05, 0xFF, 0x1E, 0x05, 0xFF, 0x1E, 0x05, 0xFE, 0x1E, 0x05, 0xFC,
    0x1E, 0x05, 0xFE, 0x5F, 0x05, 0xFF, 0x3E, 0x05, 0xFF, 0x1E, 0x05, 0x9C,
    0x1E, 0x05, 0x13, 0x00, 0x00, 0x00, 0xFF, 0x07, 0x01, 0x00, 0x00, 0x00,
    0x00, 0x00, 0x00, 0x00, 0x00, 0x00, 0x00, 0x00, 0x00, 0x00, 0x00, 0x00,
    0x00, 0x00, 0x00, 0x00, 0x00, 0x00, 0x00, 0x00, 0x00, 0x00, 0x00, 0x00,
    0x00, 0x00, 0x00, 0x00, 0x00, 0x00, 0x00, 0x00, 0x00, 0x00, 0x00, 0x00,
    0x00, 0x00, 0x00, 0x00, 0x00, 0x00, 0x00, 0x00, 0x00, 0x00, 0x00, 0x00,
    0x00, 0x00, 0x00, 0x00, 0x00, 0x00, 0x00, 0x00, 0x00, 0x00, 0x00, 0x00,
    0x00, 0x00, 0x00, 0x00, 0x00, 0x00, 0x00, 0x00, 0x00, 0x00, 0x00, 0x00,
    0x00, 0x00, 0x00, 0x00, 0x00, 0x00, 0x00, 0x00, 0x00, 0x00, 0x00, 0x00,
    0x00, 0x00, 0x00, 0x00, 0x00, 0x00, 0x00, 0x00, 0x00, 0x00, 0x00, 0x00,
    0x00, 0x00, 0x00, 0x00, 0x00, 0x00, 0x00, 0x00, 0x00, 0x00, 0x00, 0x00,
    0x00, 0x00, 0x00, 0x00, 0x00, 0x00, 0x00, 0x00, 0x00, 0x00, 0x00, 0x00,
    0x00, 0x00, 0x00, 0x00, 0x00, 0x00, 0x00, 0x00, 0x00, 0x00, 0x00, 0x00,
    0x00, 0x00, 0x00, 0x00, 0x00, 0x00, 0x00, 0x00, 0x00, 0x00, 0x00, 0x00,
    0x00, 0x00, 0x00, 0x00, 0x00, 0x00, 0x00, 0x00, 0x00, 0x00, 0x00, 0x00,
    0x00, 0x00, 0x00, 0x00, 0x00, 0x00, 0x00, 0x00, 0x00, 0x00, 0x00, 0x00,
    0x00, 0x00, 0x00, 0x00, 0x00, 0x00, 0x00, 0x00, 0x00, 0x00, 0x00, 0x00,
    0x00, 0x00, 0x00, 0x00, 0x00, 0x00, 0x00, 0x00, 0x00, 0x00, 0x00, 0x00,
    0x00, 0x00, 0x00, 0x00, 0x00, 0x00, 0x00, 0x00, 0x00, 0x00, 0x00, 0x00,
    0x00, 0x00, 0x00, 0x00, 0x00, 0x00, 0x00, 0x00, 0x00, 0x00, 0x00, 0x00,
    0x00, 0x00, 0x00, 0x00, 0x00, 0x00, 0x00, 0x00, 0x00, 0x00, 0x00, 0x00,
    0x00, 0x00, 0x00, 0x00, 0x00, 0x00, 0x00, 0x00, 0x00, 0x00, 0x00, 0x00,
    0x00, 0x00, 0x00, 0x00, 0x00, 0x00, 0x00, 0x00, 0x00, 0x00, 0x00, 0x00,
    0x00, 0x00, 0x00, 0x00, 0x00, 0x00, 0x00, 0x00, 0x00, 0x00, 0x00, 0x00,
    0x00, 0x00, 0x00, 0x00, 0x00, 0x00, 0x00, 0x00, 0x00, 0x00, 0x00, 0x00,
    0x00, 0x00, 0x00, 0x00, 0x00, 0x00, 0x00, 0x00, 0x00, 0x00, 0x00, 0x00,
    0x00, 0x00, 0x00, 0x00, 0x00, 0x00, 0x00, 0x00, 0x00, 0x00, 0x00, 0x00,
    0x00, 0x00, 0x00, 0x00, 0x00, 0x00, 0x00, 0x00, 0x00, 0x00, 0x00, 0x00,
    0x00, 0x00, 0x00, 0x00, 0x00, 0x00, 0x00, 0x00, 0x00, 0x00, 0x00, 0x00,
    0x00, 0x00, 0x00, 0x00, 0x00, 0x00, 0x00, 0x00, 0x00, 0x00, 0x00, 0x00,
    0x00, 0x00, 0x00, 0x00, 0x00, 0x00, 0x00, 0x00, 0x00, 0x00, 0x00, 0x00,
    0x00, 0x00, 0x00, 0x00, 0x00, 0x00, 0x00, 0x00, 0x00, 0x00, 0x00, 0x00,
    0x00, 0x00, 0x00, 0x00, 0x00, 0x00, 0x00, 0x00, 0x00, 0x00, 0x00, 0x00,
    0x00, 0x00, 0x00, 0x00, 0x00, 0x00, 0x00, 0x00, 0x00, 0x00, 0x00, 0x00,
    0x00, 0x00, 0x00, 0x00, 0x00, 0x00, 0x00, 0x00, 0x00, 0x00, 0x00, 0x00,
    0x00, 0x00, 0x00, 0x00, 0x00, 0x00, 0x00, 0x00, 0x00, 0x00, 0x00, 0x00,
    0x00, 0x00, 0x00, 0x00, 0x00, 0x00, 0x00, 0x00, 0x00, 0x00, 0x00, 0x00,
    0x00, 0x00, 0x00, 0x00, 0x00, 0x00, 0x00, 0x00, 0x00, 0x00, 0x00, 0x00,
    0x00, 0x00, 0x00, 0x00, 0x00, 0x00, 0x00, 0x00, 0x00, 0x00, 0x00, 0x00,
    0x00, 0x00, 0x00, 0x00, 0x00, 0x00, 0x00, 0x00, 0x00, 0x00, 0x00, 0x00,
    0x00, 0x00, 0x00, 0x00, 0x00, 0x00, 0x00, 0x00, 0x00, 0x00, 0x00, 0x00,
    0x00, 0x00, 0x00, 0x00, 0x00, 0x00, 0x00, 0x00, 0x00, 0x00, 0x00, 0x00,
    0x00, 0x00, 0x00, 0x00, 0x00, 0x00, 0x00, 0x00, 0x00, 0x00, 0x00, 0x00,
    0x00, 0x00, 0x00, 0x00, 0x00, 0x00, 0x00, 0x00, 0x00, 0x00, 0x00, 0x00,
    0x00, 0x00, 0x00, 0x00, 0x00, 0x00, 0x00, 0x00, 0x00, 0x00, 0x00, 0x00,
    0x00, 0x00, 0x00, 0x00, 0x00, 0x00, 0x00, 0x00, 0x00, 0x00, 0x00, 0x00,
    0x00, 0x00, 0x00, 0x00, 0x00, 0x00, 0x00, 0x00, 0x00, 0x00, 0x00, 0x00,
    0x00, 0x00, 0x00, 0x00, 0x00, 0x00, 0x00, 0x00, 0x00, 0x00, 0x00, 0x00,
    0x00, 0x00, 0x00, 0x00, 0x00, 0x00, 0x00, 0x00, 0x00, 0x00, 0x00, 0x00,
    0x00, 0x00, 0x00, 0x00, 0x00, 0x00, 0x00, 0x00, 0x00, 0x00, 0x00, 0x00,
    0x00, 0x00, 0x00, 0x00, 0x00, 0x00, 0x00, 0x00, 0x00, 0x00, 0x00, 0x00,
    0x00, 0x00, 0x00, 0x00, 0x00, 0x00, 0x00, 0x00, 0x00, 0x00, 0x00, 0x00,
    0x00, 0x00, 0x00, 0x00, 0x00, 0x00, 0x00, 0x00, 0x00, 0x00, 0x00, 0x00,
    0x00, 0x00, 0x00, 0x00, 0x00, 0x00, 0x00, 0x00, 0x00, 0x00, 0x00, 0x00,
    0x00, 0x00, 0x00, 0xFF, 0x03, 0x02, 0x00, 0x00, 0x00, 0x00, 0x00, 0x00,
    0x1D, 0x05, 0x2E, 0x1E, 0x05, 0xAC, 0x1E, 0x05, 0xFE, 0x5F, 0x05, 0xFF,
    0x3E, 0x05, 0xFF, 0x1E, 0x05, 0xFD, 0x1E, 0x05, 0xFB, 0x1E, 0x05, 0xFD,
    0x1E, 0x05, 0xFE, 0x1E, 0x05, 0xFE, 0x1E, 0x05, 0xFF, 0x1E, 0x05, 0xFF,
    0x1E, 0x05, 0xFF, 0x1E, 0x05, 0xFF, 0x1E, 0x05, 0xFF, 0x1E, 0x05, 0xFF,
    0x1E, 0x05, 0xFE, 0x1E, 0x05, 0xFD, 0x1E, 0x05, 0xFC, 0x1E, 0x05, 0xFC,
    0x1E, 0x05, 0xFF, 0x5F, 0x05, 0xFF, 0x3F, 0x05, 0xFF, 0x1E, 0x05, 0xBC,
    0xFD, 0x04, 0x43, 0x00, 0x00, 0x00, 0x00, 0x00, 0x00, 0x5F, 0x05, 0x03,
    0x00, 0x00, 0x00, 0x00, 0x00, 0x00, 0x00, 0x00, 0x00, 0x00, 0x00, 0x00,
    0x00, 0x00, 0x00, 0x00, 0x00, 0x00, 0x00, 0x00, 0x00, 0x00, 0x00, 0x00,
    0x00, 0x00, 0x00, 0x00, 0x00, 0x00, 0x00, 0x00, 0x00, 0x00, 0x00, 0x00,
    0x00, 0x00, 0x00, 0x00, 0x00, 0x00, 0x00, 0x00, 0x00, 0x00, 0x00, 0x00,
    0x00, 0x00, 0x00, 0x00, 0x00, 0x00, 0x00, 0x00, 0x00, 0x00, 0x00, 0x00,
    0x00, 0x00, 0x00, 0x00, 0x00, 0x00, 0x00, 0x00, 0x00, 0x00, 0x00, 0x00,
    0x00, 0x00, 0x00, 0x00, 0x00, 0x00, 0x00, 0x00, 0x00, 0x00, 0x00, 0x00,
    0x00, 0x00, 0x00, 0x00, 0x00, 0x00, 0x00, 0x00, 0x00, 0x00, 0x00, 0x00,
    0x00, 0x00, 0x00, 0x00, 0x00, 0x00, 0x00, 0x00, 0x00, 0x00, 0x00, 0x00,
    0x00, 0x00, 0x00, 0x00, 0x00, 0x00, 0x00, 0x00, 0x00, 0x00, 0x00, 0x00,
    0x00, 0x00, 0x00, 0x00, 0x00, 0x00, 0x00, 0x00, 0x00, 0x00, 0x00, 0x00,
    0x00, 0x00, 0x00, 0x00, 0x00, 0x00, 0x00, 0x00, 0x00, 0x00, 0x00, 0x00,
    0x00, 0x00, 0x00, 0x00, 0x00, 0x00, 0x00, 0x00, 0x00, 0x00, 0x00, 0x00,
    0x00, 0x00, 0x00, 0x00, 0x00, 0x00, 0x00, 0x00, 0x00, 0x00, 0x00, 0x00,
    0x00, 0x00, 0x00, 0x00, 0x00, 0x00, 0x00, 0x00, 0x00, 0x00, 0x00, 0x00,
    0x00, 0x00, 0x00, 0x00, 0x00, 0x00, 0x00, 0x00, 0x00, 0x00, 0x00, 0x00,
    0x00, 0x00, 0x00, 0x00, 0x00, 0x00, 0x00, 0x00, 0x00, 0x00, 0x00, 0x00,
    0x00, 0x00, 0x00, 0x00, 0x00, 0x00, 0x00, 0x00, 0x00, 0x00, 0x00, 0x00,
    0x00, 0x00, 0x00, 0x00, 0x00, 0x00, 0x00, 0x00, 0x00, 0x00, 0x00, 0x00,
    0x00, 0x00, 0x00, 0x00, 0x00, 0x00, 0x00, 0x00, 0x00, 0x00, 0x00, 0x00,
    0x00, 0x00, 0x00, 0x00, 0x00, 0x00, 0x00, 0x00, 0x00, 0x00, 0x00, 0x00,
    0x00, 0x00, 0x00, 0x00, 0x00, 0x00, 0x00, 0x00, 0x00, 0x00, 0x00, 0x00,
    0x00, 0x00, 0x00, 0x00, 0x00, 0x00, 0x00, 0x00, 0x00, 0x00, 0x00, 0x00,
    0x00, 0x00, 0x00, 0x00, 0x00, 0x00, 0x00, 0x00, 0x00, 0x00, 0x00, 0x00,
    0x00, 0x00, 0x00, 0x00, 0x00, 0x00, 0x00, 0x00, 0x00, 0x00, 0x00, 0x00,
    0x00, 0x00, 0x00, 0x00, 0x00, 0x00, 0x00, 0x00, 0x00, 0x00, 0x00, 0x00,
    0x00, 0x00, 0x00, 0x00, 0x00, 0x00, 0x00, 0x00, 0x00, 0x00, 0x00, 0x00,
    0x00, 0x00, 0x00, 0x00, 0x00, 0x00, 0x00, 0x00, 0x00, 0x00, 0x00, 0x00,
    0x00, 0x00, 0x00, 0x00, 0x00, 0x00, 0x00, 0x00, 0x00, 0x00, 0x00, 0x00,
    0x00, 0x00, 0x00, 0x00, 0x00, 0x00, 0x00, 0x00, 0x00, 0x00, 0x00, 0x00,
    0x00, 0x00, 0x00, 0x00, 0x00, 0x00, 0x00, 0x00, 0x00, 0x00, 0x00, 0x00,
    0x00, 0x00, 0x00, 0x00, 0x00, 0x00, 0x00, 0x00, 0x00, 0x00, 0x00, 0x00,
    0x00, 0x00, 0x00, 0x00, 0x00, 0x00, 0x00, 0x00, 0x00, 0x00, 0x00, 0x00,
    0x00, 0x00, 0x00, 0x00, 0x00, 0x00, 0x00, 0x00, 0x00, 0x00, 0x00, 0x00,
    0x00, 0x00, 0x00, 0x00, 0x00, 0x00, 0x00, 0x00, 0x00, 0x00, 0x00, 0x00,
    0x00, 0x00, 0x00, 0x00, 0x00, 0x00, 0x00, 0x00, 0x00, 0x00, 0x00, 0x00,
    0x00, 0x00, 0x00, 0x00, 0x00, 0x00, 0x00, 0x00, 0x00, 0x00, 0x00, 0x00,
    0x00, 0x00, 0x00, 0x00, 0x00, 0x00, 0x00, 0x00, 0x00, 0x00, 0x00, 0x00,
    0x00, 0x00, 0x00, 0x00, 0x00, 0x00, 0x00, 0x00, 0x00, 0x00, 0x00, 0x00,
    0x00, 0x00, 0x00, 0x00, 0x00, 0x00, 0x00, 0x00, 0x00, 0x00, 0x00, 0x00,
    0x00, 0x00, 0x00, 0x00, 0x00, 0x00, 0x00, 0x00, 0x00, 0x00, 0x00, 0x00,
    0x00, 0x00, 0x00, 0x00, 0x00, 0x00, 0x00, 0x00, 0x00, 0x00, 0x00, 0x00,
    0x00, 0x00, 0x00, 0x00, 0x00, 0x00, 0x00, 0x00, 0x00, 0x00, 0x00, 0x00,
    0x00, 0x00, 0x00, 0x00, 0x00, 0x00, 0x00, 0x00, 0x00, 0x00, 0x00, 0x00,
    0x00, 0x00, 0x00, 0x00, 0x00, 0x00, 0x00, 0x00, 0x00, 0x00, 0x00, 0x00,
    0x00, 0x00, 0x00, 0x00, 0x00, 0x00, 0x00, 0x00, 0x00, 0x00, 0x00, 0x00,
    0x00, 0x00, 0x00, 0x00, 0x00, 0x00, 0x00, 0x00, 0x00, 0x00, 0x00, 0x00,
    0x00, 0x00, 0x00, 0x00, 0x00, 0x00, 0x00, 0x00, 0x00, 0x00, 0x00, 0x00,
    0x00, 0x00, 0x00, 0x00, 0x00, 0x00, 0x00, 0x00, 0x00, 0x00, 0x00, 0x00,
    0x00, 0x00, 0x00, 0x00, 0x00, 0x00, 0x00, 0x00, 0x00, 0x00, 0x00, 0x00,
    0x00, 0x00, 0x00, 0x00, 0x00, 0x00, 0x00, 0x00, 0x00, 0x00, 0x00, 0x00,
    0x00, 0x00, 0x00, 0x00, 0x00, 0x00, 0x00, 0x00, 0x00, 0x00, 0x00, 0x00,
    0x00, 0x00, 0x00, 0x00, 0x00, 0x00, 0x00, 0x00, 0x00, 0x00, 0x00, 0x00,
    0x1F, 0x00, 0x01, 0xFF, 0x03, 0x02, 0x00, 0x00, 0x00, 0x00, 0x00, 0x00,
    0x3E, 0x05, 0x39, 0x1E, 0x05, 0x9A, 0x1E, 0x05, 0xEB, 0x5F, 0x05, 0xFF,
    0x7F, 0x05, 0xFF, 0x3F, 0x05, 0xFF, 0x3E, 0x05, 0xFF, 0x1E, 0x05, 0xFF,
    0x1E, 0x05, 0xFF, 0x1E, 0x05, 0xFE, 0x1E, 0x05, 0xFD, 0x1E, 0x05, 0xFD,
    0x1E, 0x05, 0xFE, 0x1E, 0x05, 0xFF, 0x1E, 0x05, 0xFF, 0x3F, 0x05, 0xFF,
    0x5F, 0x05, 0xFF, 0x5F, 0x05, 0xFF, 0x1E, 0x05, 0xF5, 0x1E, 0x05, 0xAB,
    0x1E, 0x05, 0x4B, 0x00, 0x00, 0x00, 0x00, 0x00, 0x00, 0xFF, 0x07, 0x01,
    0xFF, 0x07, 0x01, 0x00, 0x00, 0x00, 0x00, 0x00, 0x00, 0x00, 0x00, 0x00,
    0x00, 0x00, 0x00, 0x00, 0x00, 0x00, 0x00, 0x00, 0x00, 0x00, 0x00, 0x00,
    0x00, 0x00, 0x00, 0x00, 0x00, 0x00, 0x00, 0x00, 0x00, 0x00, 0x00, 0x00,
    0x00, 0x00, 0x00, 0x00, 0x00, 0x00, 0x00, 0x00, 0x00, 0x00, 0x00, 0x00,
    0x00, 0x00, 0x00, 0x00, 0x00, 0x00, 0x00, 0x00, 0x00, 0x00, 0x00, 0x00,
    0x00, 0x00, 0x00, 0x00, 0x00, 0x00, 0x00, 0x00, 0x00, 0x00, 0x00, 0x00,
    0x00, 0x00, 0x00, 0x00, 0x00, 0x00, 0x00, 0x00, 0x00, 0x00, 0x00, 0x00,
    0x00, 0x00, 0x00, 0x00, 0x00, 0x00, 0x00, 0x00, 0x00, 0x00, 0x00, 0x00,
    0x00, 0x00, 0x00, 0x00, 0x00, 0x00, 0x00, 0x00, 0x00, 0x00, 0x00, 0x00,
    0x00, 0x00, 0x00, 0x00, 0x00, 0x00, 0x00, 0x00, 0x00, 0x00, 0x00, 0x00,
    0x00, 0x00, 0x00, 0x00, 0x00, 0x00, 0x00, 0x00, 0x00, 0x00, 0x00, 0x00,
    0x00, 0x00, 0x00, 0x00, 0x00, 0x00, 0x00, 0x00, 0x00, 0x00, 0x00, 0x00,
    0x00, 0x00, 0x00, 0x00, 0x00, 0x00, 0x00, 0x00, 0x00, 0x00, 0x00, 0x00,
    0x00, 0x00, 0x00, 0x00, 0x00, 0x00, 0x00, 0x00, 0x00, 0x00, 0x00, 0x00,
    0x00, 0x00, 0x00, 0x00, 0x00, 0x00, 0x00, 0x00, 0x00, 0x00, 0x00, 0x00,
    0x00, 0x00, 0x00, 0x00, 0x00, 0x00, 0x00, 0x00, 0x00, 0x00, 0x00, 0x00,
    0x00, 0x00, 0x00, 0x00, 0x00, 0x00, 0x00, 0x00, 0x00, 0x00, 0x00, 0x00,
    0x00, 0x00, 0x00, 0x00, 0x00, 0x00, 0x00, 0x00, 0x00, 0x00, 0x00, 0x00,
    0x00, 0x00, 0x00, 0x00, 0x00, 0x00, 0x00, 0x00, 0x00, 0x00, 0x00, 0x00,
    0x00, 0x00, 0x00, 0x00, 0x00, 0x00, 0x00, 0x00, 0x00, 0x00, 0x00, 0x00,
    0x00, 0x00, 0x00, 0x00, 0x00, 0x00, 0x00, 0x00, 0x00, 0x00, 0x00, 0x00,
    0x00, 0x00, 0x00, 0x00, 0x00, 0x00, 0x00, 0x00, 0x00, 0x00, 0x00, 0x00,
    0x00, 0x00, 0x00, 0x00, 0x00, 0x00, 0x00, 0x00, 0x00, 0x00, 0x00, 0x00,
    0x00, 0x00, 0x00, 0x00, 0x00, 0x00, 0x00, 0x00, 0x00, 0x00, 0x00, 0x00,
    0x00, 0x00, 0x00, 0x00, 0x00, 0x00, 0x00, 0x00, 0x00, 0x00, 0x00, 0x00,
    0x00, 0x00, 0x00, 0x00, 0x00, 0x00, 0x00, 0x00, 0x00, 0x00, 0x00, 0x00,
    0x00, 0x00, 0x00, 0x00, 0x00, 0x00, 0x00, 0x00, 0x00, 0x00, 0x00, 0x00,
    0x00, 0x00, 0x00, 0x00, 0x00, 0x00, 0x00, 0x00, 0x00, 0x00, 0x00, 0x00,
    0x00, 0x00, 0x00, 0x00, 0x00, 0x00, 0x00, 0x00, 0x00, 0x00, 0x00, 0x00,
    0x00, 0x00, 0x00, 0x00, 0x00, 0x00, 0x00, 0x00, 0x00, 0x00, 0x00, 0x00,
    0x00, 0x00, 0x00, 0x00, 0x00, 0x00, 0x00, 0x00, 0x00, 0x00, 0x00, 0x00,
    0x00, 0x00, 0x00, 0x00, 0x00, 0x00, 0x00, 0x00, 0x00, 0x00, 0x00, 0x00,
    0x00, 0x00, 0x00, 0x00, 0x00, 0x00, 0x00, 0x00, 0x00, 0x00, 0x00, 0x00,
    0x00, 0x00, 0x00, 0x00, 0x00, 0x00, 0x00, 0x00, 0x00, 0x00, 0x00, 0x00,
    0x00, 0x00, 0x00, 0x00, 0x00, 0x00, 0x00, 0x00, 0x00, 0x00, 0x00, 0x00,
    0x00, 0x00, 0x00, 0x00, 0x00, 0x00, 0x00, 0x00, 0x00, 0x00, 0x00, 0x00,
    0x00, 0x00, 0x00, 0x00, 0x00, 0x00, 0x00, 0x00, 0x00, 0x00, 0x00, 0x00,
    0x00, 0x00, 0x00, 0x00, 0x00, 0x00, 0x00, 0x00, 0x00, 0x00, 0x00, 0x00,
    0x00, 0x00, 0x00, 0x00, 0x00, 0x00, 0x00, 0x00, 0x00, 0x00, 0x00, 0x00,
    0x00, 0x00, 0x00, 0x00, 0x00, 0x00, 0x00, 0x00, 0x00, 0x00, 0x00, 0x00,
    0x00, 0x00, 0x00, 0x00, 0x00, 0x00, 0x00, 0x00, 0x00, 0x00, 0x00, 0x00,
    0x00, 0x00, 0x00, 0x00, 0x00, 0x00, 0x00, 0x00, 0x00, 0x00, 0x00, 0x00,
    0x00, 0x00, 0x00, 0x00, 0x00, 0x00, 0x00, 0x00, 0x00, 0x00, 0x00, 0x00,
    0x00, 0x00, 0x00, 0x00, 0x00, 0x00, 0x00, 0x00, 0x00, 0x00, 0x00, 0x00,
    0x00, 0x00, 0x00, 0x00, 0x00, 0x00, 0x00, 0x00, 0x00, 0x00, 0x00, 0x00,
    0x00, 0x00, 0x00, 0x00, 0x00, 0x00, 0x00, 0x00, 0x00, 0x00, 0x00, 0x00,
    0x00, 0x00, 0x00, 0x00, 0x00, 0x00, 0x00, 0x00, 0x00, 0x00, 0x00, 0x00,
    0x00, 0x00, 0x00, 0x00, 0x00, 0x00, 0x00, 0x00, 0x00, 0x00, 0x00, 0x00,
    0x00, 0x00, 0x00, 0x00, 0x00, 0x00, 0x00, 0x00, 0x00, 0x00, 0x00, 0x00,
    0x00, 0x00, 0x00, 0x00, 0x00, 0x00, 0x00, 0x00, 0x00, 0x00, 0x00, 0x00,
    0x00, 0x00, 0x00, 0x00, 0x00, 0x00, 0x00, 0x00, 0x00, 0x00, 0x00, 0x00,
    0x00, 0x00, 0x00, 0x00, 0x00, 0x00, 0x00, 0x00, 0x00, 0x00, 0x00, 0x00,
    0x00, 0x00, 0x00, 0x00, 0x00, 0x00, 0x00, 0x00, 0x00, 0x00, 0x00, 0x00,
    0x00, 0x00, 0x00, 0x00, 0x00, 0x00, 0x00, 0x00, 0x00, 0x00, 0x00, 0x00,
    0xFF, 0x03, 0x02, 0xFF, 0x03, 0x02, 0x00, 0x00, 0x00, 0x00, 0x00, 0x00,
    0x3E, 0x05, 0x17, 0x1E, 0x05, 0x56, 0x1E, 0x05, 0x9A, 0x1E, 0x05, 0xCD,
    0x1E, 0x05, 0xEE, 0x1E, 0x05, 0xFC, 0x1E, 0x05, 0xFF, 0x3F, 0x05, 0xFF,
    0x5F, 0x05, 0xFF, 0x3F, 0x05, 0xFF, 0x3E, 0x05, 0xFF, 0x1E, 0x05, 0xFD,
    0x1E, 0x05, 0xF1, 0x1E, 0x05, 0xD5, 0x1E, 0x05, 0xA5, 0x1E, 0x05, 0x63,
    0x1E, 0x05, 0x23, 0x00, 0x00, 0x00, 0x00, 0x00, 0x00, 0x1F, 0x00, 0x01,
    0x55, 0x05, 0x03, 0x00, 0x00, 0x00, 0x00, 0x00, 0x00, 0x00, 0x00, 0x00,
    0x00, 0x00, 0x00, 0x00, 0x00, 0x00, 0x00, 0x00, 0x00, 0x00, 0x00, 0x00,
    0x00, 0x00, 0x00, 0x00, 0x00, 0x00, 0x00, 0x00, 0x00, 0x00, 0x00, 0x00,
    0x00, 0x00, 0x00, 0x00, 0x00, 0x00, 0x00, 0x00, 0x00, 0x00, 0x00, 0x00,
    0x00, 0x00, 0x00, 0x00, 0x00, 0x00, 0x00, 0x00, 0x00, 0x00, 0x00, 0x00,
    0x00, 0x00, 0x00, 0x00, 0x00, 0x00, 0x00, 0x00, 0x00, 0x00, 0x00, 0x00,
    0x00, 0x00, 0x00, 0x00, 0x00, 0x00, 0x00, 0x00, 0x00, 0x00, 0x00, 0x00,
    0x00, 0x00, 0x00, 0x00, 0x00, 0x00, 0x00, 0x00, 0x00, 0x00, 0x00, 0x00,
    0x00, 0x00, 0x00, 0x00, 0x00, 0x00, 0x00, 0x00, 0x00, 0x00, 0x00, 0x00,
    0x00, 0x00, 0x00, 0x00, 0x00, 0x00, 0x00, 0x00, 0x00, 0x00, 0x00, 0x00,
    0x00, 0x00, 0x00, 0x00, 0x00, 0x00, 0x00, 0x00, 0x00, 0x00, 0x00, 0x00,
    0x00, 0x00, 0x00, 0x00, 0x00, 0x00, 0x00, 0x00, 0x00, 0x00, 0x00, 0x00,
    0x00, 0x00, 0x00, 0x00, 0x00, 0x00, 0x00, 0x00, 0x00, 0x00, 0x00, 0x00,
    0x00, 0x00, 0x00, 0x00, 0x00, 0x00, 0x00, 0x00, 0x00, 0x00, 0x00, 0x00,
    0x00, 0x00, 0x00, 0x00, 0x00, 0x00, 0x00, 0x00, 0x00, 0x00, 0x00, 0x00,
    0x00, 0x00, 0x00, 0x00, 0x00, 0x00, 0x00, 0x00, 0x00, 0x00, 0x00, 0x00,
    0x00, 0x00, 0x00, 0x00, 0x00, 0x00, 0x00, 0x00, 0x00, 0x00, 0x00, 0x00,
    0x00, 0x00, 0x00, 0x00, 0x00, 0x00, 0x00, 0x00, 0x00, 0x00, 0x00, 0x00,
    0x00, 0x00, 0x00, 0x00, 0x00, 0x00, 0x00, 0x00, 0x00, 0x00, 0x00, 0x00,
    0x00, 0x00, 0x00, 0x00, 0x00, 0x00, 0x00, 0x00, 0x00, 0x00, 0x00, 0x00,
    0x00, 0x00, 0x00, 0x00, 0x00, 0x00, 0x00, 0x00, 0x00, 0x00, 0x00, 0x00,
    0x00, 0x00, 0x00, 0x00, 0x00, 0x00, 0x00, 0x00, 0x00, 0x00, 0x00, 0x00,
    0x00, 0x00, 0x00, 0x00, 0x00, 0x00, 0x00, 0x00, 0x00, 0x00, 0x00, 0x00,
    0x00, 0x00, 0x00, 0x00, 0x00, 0x00, 0x00, 0x00, 0x00, 0x00, 0x00, 0x00,
    0x00, 0x00, 0x00, 0x00, 0x00, 0x00, 0x00, 0x00, 0x00, 0x00, 0x00, 0x00,
    0x00, 0x00, 0x00, 0x00, 0x00, 0x00, 0x00, 0x00, 0x00, 0x00, 0x00, 0x00,
    0x00, 0x00, 0x00, 0x00, 0x00, 0x00, 0x00, 0x00, 0x00, 0x00, 0x00, 0x00,
    0x00, 0x00, 0x00, 0x00, 0x00, 0x00, 0x00, 0x00, 0x00, 0x00, 0x00, 0x00,
    0x00, 0x00, 0x00, 0x00, 0x00, 0x00, 0x00, 0x00, 0x00, 0x00, 0x00, 0x00,
    0x00, 0x00, 0x00, 0x00, 0x00, 0x00, 0x00, 0x00, 0x00, 0x00, 0x00, 0x00,
    0x00, 0x00, 0x00, 0x00, 0x00, 0x00, 0x00, 0x00, 0x00, 0x00, 0x00, 0x00,
    0x00, 0x00, 0x00, 0x00, 0x00, 0x00, 0x00, 0x00, 0x00, 0x00, 0x00, 0x00,
    0x00, 0x00, 0x00, 0x00, 0x00, 0x00, 0x00, 0x00, 0x00, 0x00, 0x00, 0x00,
    0x00, 0x00, 0x00, 0x00, 0x00, 0x00, 0x00, 0x00, 0x00, 0x00, 0x00, 0x00,
    0x00, 0x00, 0x00, 0x00, 0x00, 0x00, 0x00, 0x00, 0x00, 0x00, 0x00, 0x00,
    0x00, 0x00, 0x00, 0x00, 0x00, 0x00, 0x00, 0x00, 0x00, 0x00, 0x00, 0x00,
    0x00, 0x00, 0x00, 0x00, 0x00, 0x00, 0x00, 0x00, 0x00, 0x00, 0x00, 0x00,
    0x00, 0x00, 0x00, 0x00, 0x00, 0x00, 0x00, 0x00, 0x00, 0x00, 0x00, 0x00,
    0x00, 0x00, 0x00, 0x00, 0x00, 0x00, 0x00, 0x00, 0x00, 0x00, 0x00, 0x00,
    0x00, 0x00, 0x00, 0x00, 0x00, 0x00, 0x00, 0x00, 0x00, 0x00, 0x00, 0x00,
    0x00, 0x00, 0x00, 0x00, 0x00, 0x00, 0x00, 0x00, 0x00, 0x00, 0x00, 0x00,
    0x00, 0x00, 0x00, 0x00, 0x00, 0x00, 0x00, 0x00, 0x00, 0x00, 0x00, 0x00,
    0x00, 0x00, 0x00, 0x00, 0x00, 0x00, 0x00, 0x00, 0x00, 0x00, 0x00, 0x00,
    0x00, 0x00, 0x00, 0x00, 0x00, 0x00, 0x00, 0x00, 0x00, 0x00, 0x00, 0x00,
    0x00, 0x00, 0x00, 0x00, 0x00, 0x00, 0x00, 0x00, 0x00, 0x00, 0x00, 0x00,
    0x00, 0x00, 0x00, 0x00, 0x00, 0x00, 0x00, 0x00, 0x00, 0x00, 0x00, 0x00,
    0x00, 0x00, 0x00, 0x00, 0x00, 0x00, 0x00, 0x00, 0x00, 0x00, 0x00, 0x00,
    0x00, 0x00, 0x00, 0x00, 0x00, 0x00, 0x00, 0x00, 0x00, 0x00, 0x00, 0x00,
    0x00, 0x00, 0x00, 0x00, 0x00, 0x00, 0x00, 0x00, 0x00, 0x00, 0x00, 0x00,
    0x00, 0x00, 0x00, 0x00, 0x00, 0x00, 0x00, 0x00, 0x00, 0x00, 0x00, 0x00,
    0x00, 0x00, 0x00, 0x00, 0x00, 0x00, 0x00, 0x00, 0x00, 0x00, 0x00, 0x00,
    0x00, 0x00, 0x00, 0x00, 0x00, 0x00, 0x00, 0x00, 0x00, 0x00, 0x00, 0x00,
    0x00, 0x00, 0x00, 0x00, 0x00, 0x00, 0x00, 0x00, 0x00, 0x00, 0x00, 0x00,
    0x00, 0x00, 0x00, 0x00, 0x00, 0x00, 0x00, 0x00, 0x00, 0x00, 0x00, 0x00,
    0x00, 0x00, 0x00, 0x00, 0x00, 0x00, 0x00, 0x00, 0x00, 0x00, 0x00, 0x00,
    0xFF, 0x07, 0x02, 0xFF, 0x07, 0x02, 0x00, 0x00, 0x00, 0x00, 0x00, 0x00,
    0x00, 0x00, 0x00, 0xFF, 0x05, 0x04, 0xFD, 0x04, 0x20, 0x1E, 0x05, 0x3F,
    0x1E, 0x05, 0x57, 0x1E, 0x05, 0x66, 0xFD, 0x04, 0x73, 0x1E, 0x05, 0x68,
    0x1E, 0x05, 0x5B, 0x1E, 0x05, 0x45, 0xFE, 0x04, 0x25, 0xFF, 0x04, 0x08,
    0x00, 0x00, 0x00, 0x00, 0x00, 0x00, 0x00, 0x00, 0x00, 0xFF, 0x03, 0x02,
    0x5F, 0x05, 0x03, 0x00, 0x00, 0x01, 0x00, 0x00, 0x00, 0x00, 0x00, 0x00,
    0x00, 0x00, 0x00, 0x00, 0x00, 0x00, 0x00, 0x00, 0x00, 0x00, 0x00, 0x00,
    0x00, 0x00, 0x00, 0x00, 0x00, 0x00, 0x00, 0x00, 0x00, 0x00, 0x00, 0x00,
    0x00, 0x00, 0x00, 0x00, 0x00, 0x00, 0x00, 0x00, 0x00, 0x00, 0x00, 0x00,
    0x00, 0x00, 0x00, 0x00, 0x00, 0x00, 0x00, 0x00, 0x00, 0x00, 0x00, 0x00,
    0x00, 0x00, 0x00, 0x00, 0x00, 0x00, 0x00, 0x00, 0x00, 0x00, 0x00, 0x00,
    0x00, 0x00, 0x00, 0x00, 0x00, 0x00, 0x00, 0x00, 0x00, 0x00, 0x00, 0x00,
    0x00, 0x00, 0x00, 0x00, 0x00, 0x00, 0x00, 0x00, 0x00, 0x00, 0x00, 0x00,
    0x00, 0x00, 0x00, 0x00, 0x00, 0x00, 0x00, 0x00, 0x00, 0x00, 0x00, 0x00,
    0x00, 0x00, 0x00, 0x00, 0x00, 0x00, 0x00, 0x00, 0x00, 0x00, 0x00, 0x00,
    0x00, 0x00, 0x00, 0x00, 0x00, 0x00, 0x00, 0x00, 0x00, 0x00, 0x00, 0x00,
    0x00, 0x00, 0x00, 0x00, 0x00, 0x00, 0x00, 0x00, 0x00, 0x00, 0x00, 0x00,
    0x00, 0x00, 0x00, 0x00, 0x00, 0x00, 0x00, 0x00, 0x00, 0x00, 0x00, 0x00,
    0x00, 0x00, 0x00, 0x00, 0x00, 0x00, 0x00, 0x00, 0x00, 0x00, 0x00, 0x00,
    0x00, 0x00, 0x00, 0x00, 0x00, 0x00, 0x00, 0x00, 0x00, 0x00, 0x00, 0x00,
    0x00, 0x00, 0x00, 0x00, 0x00, 0x00, 0x00, 0x00, 0x00, 0x00, 0x00, 0x00,
    0x00, 0x00, 0x00, 0x00, 0x00, 0x00, 0x00, 0x00, 0x00, 0x00, 0x00, 0x00,
    0x00, 0x00, 0x00, 0x00, 0x00, 0x00, 0x00, 0x00, 0x00, 0x00, 0x00, 0x00,
    0x00, 0x00, 0x00, 0x00, 0x00, 0x00, 0x00, 0x00, 0x00, 0x00, 0x00, 0x00,
    0x00, 0x00, 0x00, 0x00, 0x00, 0x00, 0x00, 0x00, 0x00, 0x00, 0x00, 0x00,
    0x00, 0x00, 0x00, 0x00, 0x00, 0x00, 0x00, 0x00, 0x00, 0x00, 0x00, 0x00,
    0x00, 0x00, 0x00, 0x00, 0x00, 0x00, 0x00, 0x00, 0x00, 0x00, 0x00, 0x00,
    0x00, 0x00, 0x00, 0x00, 0x00, 0x00, 0x00, 0x00, 0x00, 0x00, 0x00, 0x00,
    0x00, 0x00, 0x00, 0x00, 0x00, 0x00, 0x00, 0x00, 0x00, 0x00, 0x00, 0x00,
    0x00, 0x00, 0x00, 0x00, 0x00, 0x00, 0x00, 0x00, 0x00, 0x00, 0x00, 0x00,
    0x00, 0x00, 0x00, 0x00, 0x00, 0x00, 0x00, 0x00, 0x00, 0x00, 0x00, 0x00,
    0x00, 0x00, 0x00, 0x00, 0x00, 0x00, 0x00, 0x00, 0x00, 0x00, 0x00, 0x00,
    0x00, 0x00, 0x00, 0x00, 0x00, 0x00, 0x00, 0x00, 0x00, 0x00, 0x00, 0x00,
    0x00, 0x00, 0x00, 0x00, 0x00, 0x00, 0x00, 0x00, 0x00, 0x00, 0x00, 0x00,
    0x00, 0x00, 0x00, 0x00, 0x00, 0x00, 0x00, 0x00, 0x00, 0x00, 0x00, 0x00,
    0x00, 0x00, 0x00, 0x00, 0x00, 0x00, 0x00, 0x00, 0x00, 0x00, 0x00, 0x00,
    0x00, 0x00, 0x00, 0x00, 0x00, 0x00, 0x00, 0x00, 0x00, 0x00, 0x00, 0x00,
    0x00, 0x00, 0x00, 0x00, 0x00, 0x00, 0x00, 0x00, 0x00, 0x00, 0x00, 0x00,
    0x00, 0x00, 0x00, 0x00, 0x00, 0x00, 0x00, 0x00, 0x00, 0x00, 0x00, 0x00,
    0x00, 0x00, 0x00, 0x00, 0x00, 0x00, 0x00, 0x00, 0x00, 0x00, 0x00, 0x00,
    0x00, 0x00, 0x00, 0x00, 0x00, 0x00, 0x00, 0x00, 0x00, 0x00, 0x00, 0x00,
    0x00, 0x00, 0x00, 0x00, 0x00, 0x00, 0x00, 0x00, 0x00, 0x00, 0x00, 0x00,
    0x00, 0x00, 0x00, 0x00, 0x00, 0x00, 0x00, 0x00, 0x00, 0x00, 0x00, 0x00,
    0x00, 0x00, 0x00, 0x00, 0x00, 0x00, 0x00, 0x00, 0x00, 0x00, 0x00, 0x00,
    0x00, 0x00, 0x00, 0x00, 0x00, 0x00, 0x00, 0x00, 0x00, 0x00, 0x00, 0x00,
    0x00, 0x00, 0x00, 0x00, 0x00, 0x00, 0x00, 0x00, 0x00, 0x00, 0x00, 0x00,
    0x00, 0x00, 0x00, 0x00, 0x00, 0x00, 0x00, 0x00, 0x00, 0x00, 0x00, 0x00,
    0x00, 0x00, 0x00, 0x00, 0x00, 0x00, 0x00, 0x00, 0x00, 0x00, 0x00, 0x00,
    0x00, 0x00, 0x00, 0x00, 0x00, 0x00, 0x00, 0x00, 0x00, 0x00, 0x00, 0x00,
    0x00, 0x00, 0x00, 0x00, 0x00, 0x00, 0x00, 0x00, 0x00, 0x00, 0x00, 0x00,
    0x00, 0x00, 0x00, 0x00, 0x00, 0x00, 0x00, 0x00, 0x00, 0x00, 0x00, 0x00,
    0x00, 0x00, 0x00, 0x00, 0x00, 0x00, 0x00, 0x00, 0x00, 0x00, 0x00, 0x00,
    0x00, 0x00, 0x00, 0x00, 0x00, 0x00, 0x00, 0x00, 0x00, 0x00, 0x00, 0x00,
    0x00, 0x00, 0x00, 0x00, 0x00, 0x00, 0x00, 0x00, 0x00, 0x00, 0x00, 0x00,
    0x00, 0x00, 0x00, 0x00, 0x00, 0x00, 0x00, 0x00, 0x00, 0x00, 0x00, 0x00,
    0x00, 0x00, 0x00, 0x00, 0x00, 0x00, 0x00, 0x00, 0x00, 0x00, 0x00, 0x00,
};

const lv_img_dsc_t elecrow_logo = {
    .header = {
        .cf = LV_IMG_CF_TRUE_COLOR_ALPHA,
        .always_zero = 0,
        .reserved = 0,
        .w = 242,
        .h = 50,
    },
    .data_size = 36300,
    .data = elecrow_logo_map,
};
