#ifdef LV_LVGL_H_INCLUDE_SIMPLE
#include "lvgl.h"
#else
#include "lvgl/lvgl.h"
#endif

#if LVGL_VERSION_MAJOR >= 9
#include "font/lv_font.h"
#include "font/fmt_txt/lv_font_fmt_txt.h"
#else
#include "src/font/lv_font.h"
#include "src/font/lv_font_fmt_txt.h"
#endif

/* Generated from Arial 16 px for MCUI Greek fallback. */
static LV_ATTRIBUTE_LARGE_CONST const uint8_t mcui_greek_glyph_bitmap[] = {
    0x09, 0xf2, 0x09, 0xf2, 0x09, 0xf2, 0x09, 0xf1, 0x08, 0xf0, 0x07, 0xf0, 0x06, 0xe0,
    0x05, 0xd0, 0x04, 0xc0, 0x03, 0xb0, 0x00, 0x00, 0x08, 0xf1, 0x4f, 0x5a, 0xe0, 0x4f,
    0x5a, 0xe0, 0x2f, 0x38, 0xc0, 0x0e, 0x16, 0xa0, 0x00, 0x00, 0x00, 0x00, 0x00, 0x00,
    0x00, 0x00, 0x00, 0x00, 0x00, 0x00, 0x00, 0x00, 0x00, 0x00, 0x00, 0x00, 0x00, 0x00,
    0x00, 0x00, 0x00, 0x00, 0x00, 0x0d, 0x40, 0x4e, 0x00, 0x01, 0xf1, 0x07, 0xb0, 0x00,
    0x4d, 0x00, 0xa8, 0x00, 0x07, 0xa0, 0x0d, 0x50, 0xcf, 0xff, 0xff, 0xff, 0xb0, 0x0d,
    0x40, 0x4e, 0x00, 0x01, 0xf1, 0x07, 0xb0, 0x00, 0x4d, 0x00, 0xa8, 0x00, 0xcf, 0xff,
    0xff, 0xff, 0xb0, 0xa7, 0x01, 0xf2, 0x00, 0x0d, 0x40, 0x4e, 0x00, 0x01, 0xf1, 0x07,
    0xb0, 0x00, 0x00, 0x00, 0xc0, 0x00, 0x00, 0x19, 0xdf, 0xd6, 0x00, 0x0b, 0xd3, 0xc5,
    0xf5, 0x01, 0xf6, 0x0c, 0x0b, 0xb0, 0x2f, 0x40, 0xc0, 0x00, 0x00, 0xd8, 0x0c, 0x00,
    0x00, 0x03, 0xdc, 0xe7, 0x20, 0x00, 0x00, 0x5e, 0xae, 0x50, 0x00, 0x00, 0xc0, 0x8e,
    0x00, 0x00, 0x0c, 0x05, 0xf2, 0x5f, 0x20, 0xc0, 0x7f, 0x01, 0xdb, 0x2c, 0x4e, 0x80,
    0x02, 0xae, 0xfd, 0x70, 0x00, 0x00, 0x0c, 0x00, 0x00, 0x02, 0xce, 0xa1, 0x00, 0x09,
    0x80, 0x00, 0x0b, 0x81, 0xb8, 0x00, 0x2e, 0x10, 0x00, 0x0f, 0x30, 0x7b, 0x00, 0xa7,
    0x00, 0x00, 0x0f, 0x30, 0x7b, 0x03, 0xe1, 0x00, 0x00, 0x0b, 0x81, 0xb8, 0x0a, 0x70,
    0x00, 0x00, 0x02, 0xce, 0xa1, 0x3d, 0x10, 0x00, 0x00, 0x00, 0x00, 0x00, 0xb6, 0x09,
    0xed, 0x40, 0x00, 0x00, 0x04, 0xd0, 0x5d, 0x26, 0xe0, 0x00, 0x00, 0x0c, 0x60, 0x99,
    0x00, 0xf3, 0x00, 0x00, 0x5d, 0x00, 0x99, 0x00, 0xf3, 0x00, 0x00, 0xc5, 0x00, 0x5d,
    0x26, 0xd0, 0x00, 0x05, 0xc0, 0x00, 0x09, 0xed, 0x30, 0x00, 0x08, 0xee, 0x70, 0x00,
    0x00, 0x08, 0xe2, 0x4f, 0x50, 0x00, 0x00, 0xc9, 0x00, 0xd9, 0x00, 0x00, 0x0b, 0xc0,
    0x0e, 0x70, 0x00, 0x00, 0x4f, 0x59, 0xd1, 0x00, 0x00, 0x01, 0xdf, 0xc1, 0x00, 0x00,
    0x04, 0xeb, 0xbe, 0x20, 0x20, 0x01, 0xeb, 0x01, 0xdc, 0x3f, 0x60, 0x4f, 0x40, 0x02,
    0xee, 0xe1, 0x02, 0xf6, 0x00, 0x07, 0xfb, 0x00, 0x0a, 0xd3, 0x15, 0xeb, 0xfa, 0x10,
    0x19, 0xef, 0xc6, 0x05, 0xb1, 0x4f, 0x54, 0xf5, 0x3f, 0x30, 0xf1, 0x00, 0x00, 0x00,
    0x00, 0x00, 0x00, 0x00, 0x00, 0x00, 0x00, 0x00, 0x00, 0x00, 0x09, 0x70, 0x03, 0xd0,
    0x00, 0xc7, 0x00, 0x3f, 0x20, 0x09, 0xc0, 0x00, 0xc9, 0x00, 0x0e, 0x70, 0x00, 0xf7,
    0x00, 0x0e, 0x70, 0x00, 0xc9, 0x00, 0x08, 0xc0, 0x00, 0x4f, 0x20, 0x00, 0xc7, 0x00,
    0x04, 0xd1, 0x00, 0x09, 0x70, 0x0b, 0x50, 0x00, 0x3d, 0x10, 0x00, 0xb8, 0x00, 0x06,
    0xe1, 0x00, 0x1f, 0x40, 0x00, 0xd8, 0x00, 0x0b, 0xa0, 0x00, 0xbb, 0x00, 0x0c, 0xa0,
    0x00, 0xd8, 0x00, 0x1f, 0x40, 0x06, 0xe0, 0x00, 0xc7, 0x00, 0x3e, 0x10, 0x0b, 0x50,
    0x00, 0x00, 0x79, 0x00, 0x5b, 0xab, 0xa7, 0x04, 0xde, 0x51, 0x05, 0xdb, 0x80, 0x08,
    0x53, 0xa0, 0x00, 0x00, 0x00, 0x00, 0x00, 0x00, 0x00, 0x00, 0x00, 0x00, 0x00, 0x00,
    0x00, 0x00, 0x00, 0x00, 0x00, 0x00, 0x00, 0x00, 0x00, 0x00, 0x00, 0xf5, 0x00, 0x00,
    0x00, 0x0f, 0x50, 0x00, 0x00, 0x00, 0xf5, 0x00, 0x02, 0xff, 0xff, 0xff, 0xf7, 0x00,
    0x00, 0xf5, 0x00, 0x00, 0x00, 0x0f, 0x50, 0x00, 0x00, 0x00, 0xf5, 0x00, 0x00, 0x00,
    0x00, 0x00, 0x00, 0x00, 0x00, 0x00, 0x00, 0x00, 0x09, 0xf0, 0x00, 0xc0, 0x04, 0xc0,
    0x07, 0x40, 0x7f, 0xff, 0xc0, 0x00, 0x00, 0x00, 0x00, 0x00, 0x00, 0x00, 0x08, 0xf1,
    0x00, 0x0c, 0x50, 0x01, 0xf1, 0x00, 0x6b, 0x00, 0x0a, 0x70, 0x00, 0xe3, 0x00, 0x3e,
    0x00, 0x07, 0xa0, 0x00, 0xb6, 0x00, 0x1f, 0x20, 0x05, 0xc0, 0x00, 0x98, 0x00, 0x0d,
    0x40, 0x00, 0x00, 0x6d, 0xfc, 0x40, 0x00, 0x5e, 0x51, 0x7f, 0x30, 0x0c, 0x80, 0x00,
    0xba, 0x01, 0xf5, 0x00, 0x07, 0xe0, 0x4f, 0x30, 0x00, 0x6f, 0x15, 0xf2, 0x00, 0x05,
    0xf2, 0x5f, 0x20, 0x00, 0x5f, 0x24, 0xf2, 0x00, 0x06, 0xf1, 0x1f, 0x40, 0x00, 0x7e,
    0x00, 0xc8, 0x00, 0x0b, 0x90, 0x05, 0xf5, 0x17, 0xe3, 0x00, 0x06, 0xdf, 0xc4, 0x00,
    0x00, 0x00, 0x4f, 0x00, 0x00, 0x00, 0x3e, 0xf0, 0x00, 0x00, 0x6e, 0xef, 0x00, 0x00,
    0x4e, 0x77, 0xf0, 0x00, 0x01, 0x10, 0x7f, 0x00, 0x00, 0x00, 0x07, 0xf0, 0x00, 0x00,
    0x00, 0x7f, 0x00, 0x00, 0x00, 0x07, 0xf0, 0x00, 0x00, 0x00, 0x7f, 0x00, 0x00, 0x00,
    0x07, 0xf0, 0x00, 0x00, 0x00, 0x7f, 0x00, 0x00, 0x00, 0x07, 0xf0, 0x00, 0x01, 0x8d,
    0xec, 0x60, 0x00, 0xbc, 0x31, 0x5f, 0x60, 0x2f, 0x50, 0x00, 0x9d, 0x00, 0x00, 0x00,
    0x07, 0xf0, 0x00, 0x00, 0x00, 0xbd, 0x00, 0x00, 0x00, 0x4f, 0x60, 0x00, 0x00, 0x2e,
    0xa0, 0x00, 0x00, 0x1d, 0xb0, 0x00, 0x00, 0x1d, 0xa0, 0x00, 0x00, 0x2d, 0xa0, 0x00,
    0x00, 0x1d, 0xc0, 0x00, 0x00, 0x06, 0xff, 0xff, 0xff, 0xf1, 0x00, 0x8d, 0xec, 0x40,
    0x00, 0x8d, 0x31, 0x8f, 0x20, 0x1f, 0x50, 0x00, 0xe8, 0x00, 0x00, 0x00, 0x0e, 0x80,
    0x00, 0x00, 0x19, 0xe2, 0x00, 0x00, 0x7d, 0xf8, 0x00, 0x00, 0x00, 0x03, 0xe9, 0x00,
    0x00, 0x00, 0x07, 0xf1, 0x00, 0x00, 0x00, 0x5f, 0x23, 0xf4, 0x00, 0x09, 0xe0, 0x0b,
    0xd3, 0x16, 0xf6, 0x00, 0x18, 0xdf, 0xc5, 0x00, 0x00, 0x00, 0x1d, 0x90, 0x00, 0x00,
    0x08, 0xf9, 0x00, 0x00, 0x03, 0xfe, 0x90, 0x00, 0x00, 0xc8, 0xc9, 0x00, 0x00, 0x8d,
    0x0c, 0x90, 0x00, 0x3f, 0x30, 0xc9, 0x00, 0x0c, 0x90, 0x0c, 0x90, 0x07, 0xd1, 0x00,
    0xc9, 0x00, 0xcf, 0xff, 0xff, 0xff, 0x20, 0x00, 0x00, 0xc9, 0x00, 0x00, 0x00, 0x0c,
    0x90, 0x00, 0x00, 0x00, 0xc9, 0x00, 0x01, 0xff, 0xff, 0xfb, 0x00, 0x4f, 0x10, 0x00,
    0x00, 0x07, 0xd0, 0x00, 0x00, 0x00, 0x9b, 0x00, 0x00, 0x00, 0x0c, 0xcc, 0xed, 0x70,
    0x00, 0xfb, 0x21, 0x5e, 0x80, 0x00, 0x00, 0x00, 0x8f, 0x10, 0x00, 0x00, 0x04, 0xf4,
    0x00, 0x00, 0x00, 0x5f, 0x23, 0xf5, 0x00, 0x09, 0xd0, 0x0b, 0xd3, 0x16, 0xf5, 0x00,
    0x18, 0xdf, 0xc5, 0x00, 0x00, 0x4c, 0xfd, 0x70, 0x00, 0x4f, 0x61, 0x4e, 0x60, 0x0c,
    0x90, 0x00, 0x9c, 0x01, 0xf3, 0x00, 0x00, 0x00, 0x4f, 0x3b, 0xed, 0x70, 0x05, 0xfd,
    0x51, 0x5e, 0x60, 0x6f, 0x80, 0x00, 0x8e, 0x05, 0xf4, 0x00, 0x05, 0xf2, 0x3f, 0x40,
    0x00, 0x5f, 0x20, 0xe9, 0x00, 0x09, 0xd0, 0x06, 0xf6, 0x15, 0xf6, 0x00, 0x05, 0xcf,
    0xd6, 0x00, 0x4f, 0xff, 0xff, 0xff, 0x20, 0x00, 0x00, 0x1e, 0xa0, 0x00, 0x00, 0x0a,
    0xd1, 0x00, 0x00, 0x03, 0xf5, 0x00, 0x00, 0x00, 0xbd, 0x00, 0x00, 0x00, 0x2f, 0x60,
    0x00, 0x00, 0x08, 0xe1, 0x00, 0x00, 0x00, 0xda, 0x00, 0x00, 0x00, 0x2f, 0x50, 0x00,
    0x00, 0x05, 0xf2, 0x00, 0x00, 0x00, 0x8f, 0x00, 0x00, 0x00, 0x09, 0xd0, 0x00, 0x00,
    0x00, 0x6d, 0xec, 0x40, 0x00, 0x6f, 0x51, 0x7f, 0x30, 0x0c, 0xa0, 0x00, 0xc9, 0x00,
    0xca, 0x00, 0x0c, 0xa0, 0x06, 0xf4, 0x16, 0xf4, 0x00, 0x0a, 0xff, 0xf8, 0x00, 0x0a,
    0xd4, 0x15, 0xe8, 0x03, 0xf5, 0x00, 0x07, 0xf1, 0x5f, 0x20, 0x00, 0x4f, 0x33, 0xf5,
    0x00, 0x07, 0xf1, 0x0a, 0xd3, 0x14, 0xe8, 0x00, 0x08, 0xdf, 0xd7, 0x00, 0x00, 0x7d,
    0xeb, 0x30, 0x00, 0x8e, 0x51, 0x6e, 0x30, 0x1f, 0x70, 0x00, 0xab, 0x04, 0xf3, 0x00,
    0x06, 0xf1, 0x4f, 0x20, 0x00, 0x6f, 0x21, 0xf6, 0x00, 0x0a, 0xf3, 0x09, 0xe4, 0x16,
    0xdf, 0x20, 0x09, 0xee, 0x95, 0xf1, 0x00, 0x00, 0x00, 0x6d, 0x00, 0xe6, 0x00, 0x0b,
    0x90, 0x09, 0xd2, 0x18, 0xe2, 0x00, 0x19, 0xee, 0xb2, 0x00, 0x08, 0xf1, 0x00, 0x00,
    0x00, 0x00, 0x00, 0x00, 0x00, 0x00, 0x00, 0x00, 0x00, 0x00, 0x00, 0x00, 0x08, 0xf1,
    0x09, 0xf0, 0x00, 0x00, 0x00, 0x00, 0x00, 0x00, 0x00, 0x00, 0x00, 0x00, 0x00, 0x00,
    0x00, 0x00, 0x09, 0xf0, 0x00, 0xc0, 0x04, 0xc0, 0x07, 0x40, 0x00, 0x00, 0x00, 0x39,
    0x60, 0x00, 0x16, 0xcc, 0x61, 0x04, 0xae, 0xa4, 0x00, 0x02, 0xfd, 0x30, 0x00, 0x00,
    0x04, 0xae, 0xa3, 0x00, 0x00, 0x00, 0x17, 0xcc, 0x61, 0x00, 0x00, 0x00, 0x39, 0x60,
    0x00, 0x00, 0x00, 0x00, 0x00, 0x00, 0x00, 0x00, 0x00, 0x2f, 0xff, 0xff, 0xff, 0x70,
    0x00, 0x00, 0x00, 0x00, 0x00, 0x00, 0x00, 0x00, 0x00, 0x00, 0x00, 0x00, 0x00, 0x2f,
    0xff, 0xff, 0xff, 0x70, 0x00, 0x00, 0x00, 0x00, 0x00, 0x00, 0x00, 0x00, 0x00, 0x00,
    0x00, 0x00, 0x00, 0x2b, 0x50, 0x00, 0x00, 0x00, 0x4a, 0xe8, 0x30, 0x00, 0x00, 0x02,
    0x8e, 0xc6, 0x10, 0x00, 0x00, 0x1a, 0xf7, 0x00, 0x02, 0x8e, 0xc6, 0x10, 0x4a, 0xe9,
    0x30, 0x00, 0x2b, 0x50, 0x00, 0x00, 0x00, 0x00, 0x00, 0x00, 0x00, 0x00, 0x00, 0x00,
    0x00, 0x00, 0x00, 0x7d, 0xfd, 0x60, 0x00, 0x6e, 0x51, 0x6f, 0x60, 0x0e, 0x80, 0x00,
    0x9d, 0x03, 0xf4, 0x00, 0x06, 0xf1, 0x00, 0x00, 0x00, 0x9e, 0x00, 0x00, 0x00, 0x4f,
    0x70, 0x00, 0x00, 0x3e, 0xa0, 0x00, 0x00, 0x0d, 0xc0, 0x00, 0x00, 0x03, 0xf3, 0x00,
    0x00, 0x00, 0x5f, 0x10, 0x00, 0x00, 0x00, 0x00, 0x00, 0x00, 0x00, 0x6f, 0x30, 0x00,
    0x00, 0x00, 0x17, 0xbe, 0xfe, 0xb6, 0x10, 0x00, 0x00, 0x03, 0xdb, 0x52, 0x02, 0x5c,
    0xd3, 0x00, 0x00, 0x3e, 0x70, 0x00, 0x00, 0x00, 0x8d, 0x10, 0x00, 0xc7, 0x01, 0x8e,
    0xd5, 0x8c, 0x0b, 0x90, 0x06, 0xc0, 0x0b, 0xc2, 0x2d, 0xda, 0x03, 0xe1, 0x0b, 0x70,
    0x6e, 0x20, 0x05, 0xf7, 0x00, 0xf3, 0x0f, 0x30, 0xca, 0x00, 0x03, 0xf4, 0x00, 0xe4,
    0x1f, 0x11, 0xf7, 0x00, 0x04, 0xf1, 0x01, 0xf2, 0x1f, 0x12, 0xf5, 0x00, 0x08, 0xd0,
    0x05, 0xd0, 0x0e, 0x30, 0xe7, 0x00, 0x1e, 0xb0, 0x1d, 0x50, 0x0a, 0x80, 0x9d, 0x22,
    0xbe, 0xa2, 0xc8, 0x00, 0x04, 0xe2, 0x1a, 0xec, 0x38, 0xed, 0x60, 0x00, 0x00, 0x9d,
    0x20, 0x00, 0x00, 0x00, 0x05, 0xe4, 0x00, 0x07, 0xe9, 0x42, 0x01, 0x26, 0xbd, 0x40,
    0x00, 0x00, 0x28, 0xbe, 0xfe, 0xda, 0x61, 0x00, 0x00, 0x00, 0x0c, 0xf3, 0x00, 0x00,
    0x00, 0x00, 0x3f, 0xc9, 0x00, 0x00, 0x00, 0x00, 0x8d, 0x8e, 0x10, 0x00, 0x00, 0x00,
    0xea, 0x3f, 0x60, 0x00, 0x00, 0x04, 0xf4, 0x0d, 0xc0, 0x00, 0x00, 0x0a, 0xd0, 0x07,
    0xf2, 0x00, 0x00, 0x1e, 0x70, 0x01, 0xe8, 0x00, 0x00, 0x6f, 0xff, 0xff, 0xfe, 0x00,
    0x00, 0xba, 0x00, 0x00, 0x3f, 0x50, 0x02, 0xf6, 0x00, 0x00, 0x0d, 0xb0, 0x07, 0xf1,
    0x00, 0x00, 0x08, 0xf2, 0x0d, 0xb0, 0x00, 0x00, 0x03, 0xf8, 0x0c, 0xff, 0xff, 0xea,
    0x20, 0x00, 0xca, 0x00, 0x02, 0xcd, 0x00, 0x0c, 0xa0, 0x00, 0x05, 0xf3, 0x00, 0xca,
    0x00, 0x00, 0x4f, 0x20, 0x0c, 0xa0, 0x00, 0x2b, 0x60, 0x00, 0xcf, 0xff, 0xff, 0xf8,
    0x00, 0x0c, 0xa0, 0x00, 0x29, 0xf6, 0x00, 0xca, 0x00, 0x00, 0x0e, 0xb0, 0x0c, 0xa0,
    0x00, 0x00, 0xcc, 0x00, 0xca, 0x00, 0x00, 0x0e, 0x90, 0x0c, 0xa0, 0x00, 0x19, 0xf3,
    0x00, 0xcf, 0xff, 0xfe, 0xb3, 0x00, 0x00, 0x04, 0xbe, 0xec, 0x70, 0x00, 0x00, 0x8e,
    0x61, 0x15, 0xeb, 0x00, 0x05, 0xf4, 0x00, 0x00, 0x4f, 0x60, 0x0c, 0xb0, 0x00, 0x00,
    0x07, 0x30, 0x1f, 0x80, 0x00, 0x00, 0x00, 0x00, 0x2f, 0x60, 0x00, 0x00, 0x00, 0x00,
    0x2f, 0x60, 0x00, 0x00, 0x00, 0x00, 0x1f, 0x80, 0x00, 0x00, 0x01, 0x00, 0x0b, 0xb0,
    0x00, 0x00, 0x0c, 0xa0, 0x05, 0xf4, 0x00, 0x00, 0x4f, 0x60, 0x00, 0x9e, 0x61, 0x16,
    0xea, 0x00, 0x00, 0x06, 0xce, 0xec, 0x60, 0x00, 0x0c, 0xff, 0xff, 0xeb, 0x40, 0x00,
    0x0c, 0xb0, 0x00, 0x28, 0xf5, 0x00, 0x0c, 0xb0, 0x00, 0x00, 0xae, 0x10, 0x0c, 0xb0,
    0x00, 0x00, 0x3f, 0x50, 0x0c, 0xb0, 0x00, 0x00, 0x0f, 0x90, 0x0c, 0xb0, 0x00, 0x00,
    0x0d, 0xa0, 0x0c, 0xb0, 0x00, 0x00, 0x0d, 0xa0, 0x0c, 0xb0, 0x00, 0x00, 0x0f, 0x80,
    0x0c, 0xb0, 0x00, 0x00, 0x3f, 0x50, 0x0c, 0xb0, 0x00, 0x00, 0x9e, 0x10, 0x0c, 0xb0,
    0x00, 0x28, 0xf4, 0x00, 0x0c, 0xff, 0xff, 0xda, 0x30, 0x00, 0x0b, 0xff, 0xff, 0xff,
    0xf8, 0x00, 0xbc, 0x00, 0x00, 0x00, 0x00, 0x0b, 0xc0, 0x00, 0x00, 0x00, 0x00, 0xbc,
    0x00, 0x00, 0x00, 0x00, 0x0b, 0xc0, 0x00, 0x00, 0x00, 0x00, 0xbf, 0xff, 0xff, 0xff,
    0x20, 0x0b, 0xc0, 0x00, 0x00, 0x00, 0x00, 0xbc, 0x00, 0x00, 0x00, 0x00, 0x0b, 0xc0,
    0x00, 0x00, 0x00, 0x00, 0xbc, 0x00, 0x00, 0x00, 0x00, 0x0b, 0xc0, 0x00, 0x00, 0x00,
    0x00, 0xbf, 0xff, 0xff, 0xff, 0xc0, 0x0a, 0xff, 0xff, 0xff, 0xf1, 0x0a, 0xc0, 0x00,
    0x00, 0x00, 0x0a, 0xc0, 0x00, 0x00, 0x00, 0x0a, 0xc0, 0x00, 0x00, 0x00, 0x0a, 0xc0,
    0x00, 0x00, 0x00, 0x0a, 0xc0, 0x00, 0x00, 0x00, 0x0a, 0xff, 0xff, 0xff, 0x30, 0x0a,
    0xc0, 0x00, 0x00, 0x00, 0x0a, 0xc0, 0x00, 0x00, 0x00, 0x0a, 0xc0, 0x00, 0x00, 0x00,
    0x0a, 0xc0, 0x00, 0x00, 0x00, 0x0a, 0xc0, 0x00, 0x00, 0x00, 0x00, 0x03, 0xad, 0xfe,
    0xb4, 0x00, 0x00, 0x6f, 0x82, 0x02, 0x8f, 0x50, 0x03, 0xf7, 0x00, 0x00, 0x09, 0xe1,
    0x0a, 0xd0, 0x00, 0x00, 0x02, 0x81, 0x0e, 0x90, 0x00, 0x00, 0x00, 0x00, 0x1f, 0x70,
    0x00, 0x00, 0x00, 0x00, 0x1f, 0x70, 0x00, 0x6f, 0xff, 0xf7, 0x0f, 0x90, 0x00, 0x00,
    0x00, 0xf7, 0x0a, 0xd0, 0x00, 0x00, 0x00, 0xf7, 0x03, 0xf7, 0x00, 0x00, 0x02, 0xf7,
    0x00, 0x6f, 0x93, 0x02, 0x7e, 0xd3, 0x00, 0x02, 0x9d, 0xfe, 0xb6, 0x00, 0x0b, 0xc0,
    0x00, 0x00, 0x4f, 0x40, 0x0b, 0xc0, 0x00, 0x00, 0x4f, 0x40, 0x0b, 0xc0, 0x00, 0x00,
    0x4f, 0x40, 0x0b, 0xc0, 0x00, 0x00, 0x4f, 0x40, 0x0b, 0xc0, 0x00, 0x00, 0x4f, 0x40,
    0x0b, 0xff, 0xff, 0xff, 0xff, 0x40, 0x0b, 0xc0, 0x00, 0x00, 0x4f, 0x40, 0x0b, 0xc0,
    0x00, 0x00, 0x4f, 0x40, 0x0b, 0xc0, 0x00, 0x00, 0x4f, 0x40, 0x0b, 0xc0, 0x00, 0x00,
    0x4f, 0x40, 0x0b, 0xc0, 0x00, 0x00, 0x4f, 0x40, 0x0b, 0xc0, 0x00, 0x00, 0x4f, 0x40,
    0x08, 0xf0, 0x08, 0xf0, 0x08, 0xf0, 0x08, 0xf0, 0x08, 0xf0, 0x08, 0xf0, 0x08, 0xf0,
    0x08, 0xf0, 0x08, 0xf0, 0x08, 0xf0, 0x08, 0xf0, 0x08, 0xf0, 0x00, 0x00, 0x0b, 0xc0,
    0x00, 0x00, 0x0b, 0xc0, 0x00, 0x00, 0x0b, 0xc0, 0x00, 0x00, 0x0b, 0xc0, 0x00, 0x00,
    0x0b, 0xc0, 0x00, 0x00, 0x0b, 0xc0, 0x00, 0x00, 0x0b, 0xc0, 0x00, 0x00, 0x0b, 0xc0,
    0x6c, 0x00, 0x0b, 0xb0, 0x6f, 0x00, 0x0c, 0x90, 0x1e, 0x81, 0x5f, 0x40, 0x04, 0xce,
    0xd6, 0x00, 0x0c, 0xa0, 0x00, 0x03, 0xed, 0x10, 0xca, 0x00, 0x02, 0xed, 0x20, 0x0c,
    0xa0, 0x02, 0xee, 0x20, 0x00, 0xca, 0x02, 0xde, 0x30, 0x00, 0x0c, 0xa2, 0xde, 0x30,
    0x00, 0x00, 0xcc, 0xdf, 0xd1, 0x00, 0x00, 0x0c, 0xfe, 0x7f, 0xa0, 0x00, 0x00, 0xce,
    0x40, 0x8f, 0x60, 0x00, 0x0c, 0xa0, 0x00, 0xce, 0x20, 0x00, 0xca, 0x00, 0x02, 0xec,
    0x00, 0x0c, 0xa0, 0x00, 0x06, 0xf8, 0x00, 0xca, 0x00, 0x00, 0x0b, 0xf4, 0x0c, 0xa0,
    0x00, 0x00, 0x00, 0xca, 0x00, 0x00, 0x00, 0x0c, 0xa0, 0x00, 0x00, 0x00, 0xca, 0x00,
    0x00, 0x00, 0x0c, 0xa0, 0x00, 0x00, 0x00, 0xca, 0x00, 0x00, 0x00, 0x0c, 0xa0, 0x00,
    0x00, 0x00, 0xca, 0x00, 0x00, 0x00, 0x0c, 0xa0, 0x00, 0x00, 0x00, 0xca, 0x00, 0x00,
    0x00, 0x0c, 0xa0, 0x00, 0x00, 0x00, 0xcf, 0xff, 0xff, 0xf5, 0x0c, 0xfa, 0x00, 0x00,
    0x02, 0xff, 0x20, 0xcd, 0xe0, 0x00, 0x00, 0x7d, 0xf2, 0x0c, 0xad, 0x50, 0x00, 0x0c,
    0x8f, 0x20, 0xca, 0x9a, 0x00, 0x02, 0xd5, 0xf2, 0x0c, 0xa4, 0xe0, 0x00, 0x79, 0x5f,
    0x20, 0xca, 0x0e, 0x50, 0x0c, 0x45, 0xf2, 0x0c, 0xa0, 0xaa, 0x02, 0xe0, 0x5f, 0x20,
    0xca, 0x06, 0xe0, 0x7a, 0x05, 0xf2, 0x0c, 0xa0, 0x1f, 0x5d, 0x60, 0x5f, 0x20, 0xca,
    0x00, 0xcc, 0xf1, 0x05, 0xf2, 0x0c, 0xa0, 0x07, 0xfc, 0x00, 0x5f, 0x20, 0xca, 0x00,
    0x3f, 0x70, 0x05, 0xf2, 0x0c, 0xe2, 0x00, 0x00, 0x3f, 0x40, 0x0c, 0xd9, 0x00, 0x00,
    0x3f, 0x40, 0x0c, 0xaa, 0x30, 0x00, 0x3f, 0x40, 0x0c, 0xa2, 0xb0, 0x00, 0x3f, 0x40,
    0x0c, 0xa0, 0x85, 0x00, 0x3f, 0x40, 0x0c, 0xa0, 0x1c, 0x00, 0x3f, 0x40, 0x0c, 0xa0,
    0x06, 0x70, 0x3f, 0x40, 0x0c, 0xa0, 0x00, 0xc1, 0x3f, 0x40, 0x0c, 0xa0, 0x00, 0x49,
    0x3f, 0x40, 0x0c, 0xa0, 0x00, 0x0b, 0x6f, 0x40, 0x0c, 0xa0, 0x00, 0x03, 0xdf, 0x40,
    0x0c, 0xa0, 0x00, 0x00, 0x9f, 0x40, 0x00, 0x04, 0xbe, 0xed, 0x71, 0x00, 0x00, 0x8f,
    0x72, 0x14, 0xcd, 0x20, 0x05, 0xf4, 0x00, 0x00, 0x1c, 0xc0, 0x0c, 0xb0, 0x00, 0x00,
    0x04, 0xf4, 0x1f, 0x70, 0x00, 0x00, 0x00, 0xf8, 0x3f, 0x60, 0x00, 0x00, 0x00, 0xda,
    0x3f, 0x50, 0x00, 0x00, 0x00, 0xda, 0x1f, 0x70, 0x00, 0x00, 0x00, 0xe8, 0x0b, 0xb0,
    0x00, 0x00, 0x04, 0xf4, 0x04, 0xf5, 0x00, 0x00, 0x0c, 0xc0, 0x00, 0x7f, 0x71, 0x03,
    0xbd, 0x20, 0x00, 0x04, 0xae, 0xed, 0x71, 0x00, 0x0c, 0xff, 0xff, 0xfc, 0x70, 0x00,
    0xcb, 0x00, 0x01, 0x6f, 0x60, 0x0c, 0xb0, 0x00, 0x00, 0xbd, 0x00, 0xcb, 0x00, 0x00,
    0x09, 0xe0, 0x0c, 0xb0, 0x00, 0x00, 0xcc, 0x00, 0xcb, 0x00, 0x02, 0x8f, 0x50, 0x0c,
    0xff, 0xff, 0xec, 0x60, 0x00, 0xcb, 0x00, 0x00, 0x00, 0x00, 0x0c, 0xb0, 0x00, 0x00,
    0x00, 0x00, 0xcb, 0x00, 0x00, 0x00, 0x00, 0x0c, 0xb0, 0x00, 0x00, 0x00, 0x00, 0xcb,
    0x00, 0x00, 0x00, 0x00, 0x00, 0x05, 0xbe, 0xec, 0x71, 0x00, 0x00, 0x9e, 0x61, 0x14,
    0xcc, 0x10, 0x06, 0xf3, 0x00, 0x00, 0x1d, 0xa0, 0x0d, 0xa0, 0x00, 0x00, 0x06, 0xf2,
    0x2f, 0x60, 0x00, 0x00, 0x01, 0xf7, 0x4f, 0x40, 0x00, 0x00, 0x00, 0xe9, 0x4f, 0x40,
    0x00, 0x00, 0x00, 0xe9, 0x2f, 0x60, 0x00, 0x00, 0x01, 0xf8, 0x0d, 0xa0, 0x00, 0x00,
    0x05, 0xf4, 0x05, 0xf4, 0x00, 0x9c, 0x4d, 0xd0, 0x00, 0x8e, 0x61, 0x2b, 0xff, 0x40,
    0x00, 0x05, 0xbe, 0xfe, 0xbd, 0xd6, 0x00, 0x00, 0x00, 0x00, 0x00, 0x55, 0x0b, 0xff,
    0xff, 0xfe, 0xa2, 0x00, 0x0b, 0xc0, 0x00, 0x03, 0xdd, 0x00, 0x0b, 0xc0, 0x00, 0x00,
    0x5f, 0x40, 0x0b, 0xc0, 0x00, 0x00, 0x3f, 0x60, 0x0b, 0xc0, 0x00, 0x00, 0x5f, 0x40,
    0x0b, 0xc0, 0x00, 0x14, 0xdc, 0x00, 0x0b, 0xff, 0xff, 0xfe, 0x91, 0x00, 0x0b, 0xc0,
    0x02, 0xcb, 0x10, 0x00, 0x0b, 0xc0, 0x00, 0x1d, 0xb1, 0x00, 0x0b, 0xc0, 0x00, 0x03,
    0xfa, 0x00, 0x0b, 0xc0, 0x00, 0x00, 0x8f, 0x50, 0x0b, 0xc0, 0x00, 0x00, 0x0d, 0xe1,
    0x00, 0x4b, 0xef, 0xd9, 0x10, 0x00, 0x4f, 0x71, 0x13, 0xbd, 0x10, 0x0b, 0xb0, 0x00,
    0x02, 0xf6, 0x00, 0xcc, 0x00, 0x00, 0x00, 0x00, 0x07, 0xfb, 0x51, 0x00, 0x00, 0x00,
    0x08, 0xef, 0xfc, 0x71, 0x00, 0x00, 0x01, 0x5a, 0xef, 0xd2, 0x00, 0x00, 0x00, 0x00,
    0x6f, 0xa0, 0x00, 0x00, 0x00, 0x00, 0xbc, 0x03, 0xf5, 0x00, 0x00, 0x0a, 0xa0, 0x0a,
    0xe6, 0x20, 0x26, 0xe2, 0x00, 0x06, 0xce, 0xfe, 0xa2, 0x00, 0x9f, 0xff, 0xff, 0xff,
    0xf7, 0x00, 0x00, 0xda, 0x00, 0x00, 0x00, 0x00, 0xda, 0x00, 0x00, 0x00, 0x00, 0xda,
    0x00, 0x00, 0x00, 0x00, 0xda, 0x00, 0x00, 0x00, 0x00, 0xda, 0x00, 0x00, 0x00, 0x00,
    0xda, 0x00, 0x00, 0x00, 0x00, 0xda, 0x00, 0x00, 0x00, 0x00, 0xda, 0x00, 0x00, 0x00,
    0x00, 0xda, 0x00, 0x00, 0x00, 0x00, 0xda, 0x00, 0x00, 0x00, 0x00, 0xda, 0x00, 0x00,
    0x0b, 0xc0, 0x00, 0x00, 0x4f, 0x40, 0x0b, 0xc0, 0x00, 0x00, 0x4f, 0x40, 0x0b, 0xc0,
    0x00, 0x00, 0x4f, 0x40, 0x0b, 0xc0, 0x00, 0x00, 0x4f, 0x40, 0x0b, 0xc0, 0x00, 0x00,
    0x4f, 0x40, 0x0b, 0xc0, 0x00, 0x00, 0x4f, 0x40, 0x0b, 0xc0, 0x00, 0x00, 0x4f, 0x40,
    0x0a, 0xc0, 0x00, 0x00, 0x4f, 0x30, 0x09, 0xd0, 0x00, 0x00, 0x5f, 0x20, 0x05, 0xf2,
    0x00, 0x00, 0x9d, 0x00, 0x00, 0xcc, 0x30, 0x27, 0xf5, 0x00, 0x00, 0x18, 0xdf, 0xeb,
    0x40, 0x00, 0xbd, 0x00, 0x00, 0x00, 0x3f, 0x56, 0xf4, 0x00, 0x00, 0x08, 0xe1, 0x1e,
    0x90, 0x00, 0x00, 0xd9, 0x00, 0x9e, 0x00, 0x00, 0x4f, 0x40, 0x04, 0xf4, 0x00, 0x09,
    0xd0, 0x00, 0x0d, 0xa0, 0x01, 0xe7, 0x00, 0x00, 0x8e, 0x10, 0x5f, 0x20, 0x00, 0x02,
    0xf5, 0x0b, 0xb0, 0x00, 0x00, 0x0c, 0xa1, 0xf6, 0x00, 0x00, 0x00, 0x6e, 0x6e, 0x10,
    0x00, 0x00, 0x01, 0xfe, 0x90, 0x00, 0x00, 0x00, 0x0a, 0xf4, 0x00, 0x00, 0xad, 0x00,
    0x00, 0x7f, 0x90, 0x00, 0x0b, 0xc6, 0xf1, 0x00, 0x0b, 0xed, 0x00, 0x00, 0xe8, 0x3f,
    0x40, 0x00, 0xea, 0xf2, 0x00, 0x2f, 0x40, 0xe8, 0x00, 0x4f, 0x3f, 0x60, 0x06, 0xf0,
    0x0a, 0xb0, 0x08, 0xd0, 0xba, 0x00, 0x9b, 0x00, 0x6e, 0x00, 0xc9, 0x07, 0xe0, 0x0d,
    0x70, 0x02, 0xf2, 0x1f, 0x50, 0x3f, 0x31, 0xf3, 0x00, 0x0e, 0x64, 0xf1, 0x00, 0xe6,
    0x4e, 0x00, 0x00, 0xa9, 0x8b, 0x00, 0x0a, 0xa8, 0xa0, 0x00, 0x06, 0xcc, 0x70, 0x00,
    0x5d, 0xc6, 0x00, 0x00, 0x2f, 0xf3, 0x00, 0x01, 0xff, 0x30, 0x00, 0x00, 0xde, 0x00,
    0x00, 0x0c, 0xe0, 0x00, 0x2e, 0xb0, 0x00, 0x00, 0xbd, 0x10, 0x6f, 0x50, 0x00, 0x6f,
    0x30, 0x00, 0xbd, 0x10, 0x2e, 0x80, 0x00, 0x02, 0xe9, 0x0b, 0xc0, 0x00, 0x00, 0x06,
    0xfb, 0xe2, 0x00, 0x00, 0x00, 0x0b, 0xf7, 0x00, 0x00, 0x00, 0x01, 0xef, 0xc0, 0x00,
    0x00, 0x00, 0xbe, 0x7f, 0x80, 0x00, 0x00, 0x7f, 0x60, 0xbf, 0x30, 0x00, 0x3f, 0xa0,
    0x02, 0xed, 0x00, 0x0c, 0xd1, 0x00, 0x05, 0xf8, 0x09, 0xf4, 0x00, 0x00, 0x0a, 0xf4,
    0xaf, 0x30, 0x00, 0x00, 0x8f, 0x31, 0xeb, 0x00, 0x00, 0x2f, 0x80, 0x05, 0xf5, 0x00,
    0x0a, 0xd1, 0x00, 0x0b, 0xd1, 0x04, 0xf4, 0x00, 0x00, 0x2e, 0x91, 0xd9, 0x00, 0x00,
    0x00, 0x7f, 0xdd, 0x10, 0x00, 0x00, 0x00, 0xcf, 0x40, 0x00, 0x00, 0x00, 0x08, 0xf0,
    0x00, 0x00, 0x00, 0x00, 0x8f, 0x00, 0x00, 0x00, 0x00, 0x08, 0xf0, 0x00, 0x00, 0x00,
    0x00, 0x8f, 0x00, 0x00, 0x00, 0x00, 0x08, 0xf0, 0x00, 0x00, 0x0f, 0xff, 0xff, 0xff,
    0xf3, 0x00, 0x00, 0x00, 0x0d, 0xc0, 0x00, 0x00, 0x00, 0x7e, 0x20, 0x00, 0x00, 0x03,
    0xe6, 0x00, 0x00, 0x00, 0x1d, 0xa0, 0x00, 0x00, 0x00, 0x9d, 0x10, 0x00, 0x00, 0x06,
    0xf3, 0x00, 0x00, 0x00, 0x2e, 0x70, 0x00, 0x00, 0x01, 0xcb, 0x00, 0x00, 0x00, 0x09,
    0xe2, 0x00, 0x00, 0x00, 0x5f, 0x60, 0x00, 0x00, 0x00, 0xaf, 0xff, 0xff, 0xff, 0xf6,
    0x0e, 0xff, 0x30, 0xe8, 0x00, 0x0e, 0x80, 0x00, 0xe8, 0x00, 0x0e, 0x80, 0x00, 0xe8,
    0x00, 0x0e, 0x80, 0x00, 0xe8, 0x00, 0x0e, 0x80, 0x00, 0xe8, 0x00, 0x0e, 0x80, 0x00,
    0xe8, 0x00, 0x0e, 0x80, 0x00, 0xe8, 0x00, 0x0e, 0xff, 0x30, 0xd4, 0x00, 0x09, 0x80,
    0x00, 0x5c, 0x00, 0x01, 0xf2, 0x00, 0x0b, 0x60, 0x00, 0x7a, 0x00, 0x03, 0xe0, 0x00,
    0x0e, 0x30, 0x00, 0xa7, 0x00, 0x06, 0xb0, 0x00, 0x1f, 0x10, 0x00, 0xc5, 0xaf, 0xf6,
    0x00, 0xf6, 0x00, 0xf6, 0x00, 0xf6, 0x00, 0xf6, 0x00, 0xf6, 0x00, 0xf6, 0x00, 0xf6,
    0x00, 0xf6, 0x00, 0xf6, 0x00, 0xf6, 0x00, 0xf6, 0x00, 0xf6, 0x00, 0xf6, 0xaf, 0xf6,
    0x00, 0x1e, 0x80, 0x00, 0x00, 0x8a, 0xe1, 0x00, 0x01, 0xe3, 0xa7, 0x00, 0x06, 0xc0,
    0x4e, 0x00, 0x0d, 0x70, 0x0d, 0x60, 0x5f, 0x10, 0x08, 0xd0, 0x00, 0x00, 0x00, 0x00,
    0x00, 0x00, 0x00, 0x00, 0x00, 0x00, 0x00, 0x00, 0x00, 0x00, 0x00, 0x00, 0x00, 0x00,
    0x00, 0x00, 0x00, 0x00, 0x00, 0x00, 0x00, 0x00, 0x00, 0x00, 0x00, 0x00, 0x00, 0x00,
    0x00, 0x00, 0x00, 0x4f, 0xff, 0xff, 0xff, 0xff, 0x10, 0x1c, 0xc0, 0x00, 0x1d, 0x60,
    0x00, 0x00, 0x00, 0x00, 0x00, 0x00, 0x00, 0x00, 0x00, 0x00, 0x00, 0x00, 0x00, 0x00,
    0x00, 0x00, 0x00, 0x00, 0x00, 0x00, 0x00, 0x00, 0x00, 0x00, 0x00, 0x00, 0x8d, 0xfe,
    0x91, 0x00, 0x9c, 0x20, 0x4e, 0x70, 0x1f, 0x50, 0x00, 0xab, 0x00, 0x03, 0x69, 0xbf,
    0xc0, 0x08, 0xfc, 0x85, 0xac, 0x04, 0xf6, 0x00, 0x0a, 0xc0, 0x6f, 0x20, 0x00, 0xec,
    0x02, 0xf8, 0x12, 0xaf, 0xc0, 0x05, 0xde, 0xd8, 0x7f, 0x10, 0x0e, 0x70, 0x00, 0x00,
    0x00, 0xe7, 0x00, 0x00, 0x00, 0x0e, 0x70, 0x00, 0x00, 0x00, 0xe9, 0xbe, 0xd7, 0x00,
    0x0e, 0xf7, 0x15, 0xe6, 0x00, 0xeb, 0x00, 0x08, 0xe0, 0x0e, 0x70, 0x00, 0x4f, 0x20,
    0xe5, 0x00, 0x03, 0xf3, 0x0e, 0x60, 0x00, 0x5f, 0x20, 0xea, 0x00, 0x09, 0xd0, 0x0e,
    0xf6, 0x15, 0xf6, 0x00, 0xe8, 0xbf, 0xd6, 0x00, 0x00, 0x7d, 0xfd, 0x70, 0x08, 0xe4,
    0x14, 0xd7, 0x1f, 0x60, 0x00, 0x00, 0x4f, 0x30, 0x00, 0x00, 0x5f, 0x20, 0x00, 0x00,
    0x4f, 0x30, 0x00, 0x00, 0x1f, 0x60, 0x00, 0x00, 0x09, 0xe4, 0x03, 0xc9, 0x00, 0x7d,
    0xfd, 0x80, 0x00, 0x00, 0x00, 0xab, 0x00, 0x00, 0x00, 0x0a, 0xb0, 0x00, 0x00, 0x00,
    0xab, 0x00, 0x09, 0xee, 0x9b, 0xb0, 0x0a, 0xd3, 0x19, 0xfb, 0x02, 0xf5, 0x00, 0x0d,
    0xb0, 0x5f, 0x10, 0x00, 0x9b, 0x06, 0xf0, 0x00, 0x08, 0xb0, 0x5f, 0x20, 0x00, 0x9b,
    0x02, 0xf6, 0x00, 0x0d, 0xb0, 0x09, 0xe4, 0x18, 0xfb, 0x00, 0x08, 0xee, 0xaa, 0xb0,
    0x00, 0x7d, 0xfd, 0x50, 0x00, 0x8e, 0x51, 0x5f, 0x60, 0x1f, 0x70, 0x00, 0x9d, 0x05,
    0xf3, 0x00, 0x05, 0xf2, 0x6f, 0xff, 0xff, 0xff, 0x35, 0xf2, 0x00, 0x00, 0x00, 0x2f,
    0x60, 0x00, 0x7e, 0x10, 0x9e, 0x51, 0x4e, 0x70, 0x00, 0x7d, 0xfd, 0x70, 0x00, 0x02,
    0xcf, 0xd0, 0x8e, 0x10, 0x09, 0xc0, 0x0d, 0xff, 0xf6, 0x09, 0xc0, 0x00, 0x9c, 0x00,
    0x09, 0xc0, 0x00, 0x9c, 0x00, 0x09, 0xc0, 0x00, 0x9c, 0x00, 0x09, 0xc0, 0x00, 0x9c,
    0x00, 0x00, 0x8e, 0xea, 0x8c, 0x00, 0xad, 0x31, 0x9f, 0xc0, 0x2f, 0x50, 0x00, 0xdc,
    0x06, 0xf1, 0x00, 0x09, 0xc0, 0x7f, 0x00, 0x00, 0x8c, 0x05, 0xf1, 0x00, 0x09, 0xc0,
    0x2f, 0x50, 0x00, 0xdc, 0x00, 0x9d, 0x31, 0x8f, 0xc0, 0x01, 0x9e, 0xe9, 0xac, 0x00,
    0x00, 0x00, 0x0a, 0xa0, 0x1f, 0x81, 0x15, 0xf4, 0x00, 0x5c, 0xee, 0xc4, 0x00, 0x0e,
    0x70, 0x00, 0x00, 0x00, 0xe7, 0x00, 0x00, 0x00, 0x0e, 0x70, 0x00, 0x00, 0x00, 0xe9,
    0xae, 0xe9, 0x00, 0x0e, 0xf6, 0x14, 0xf7, 0x00, 0xea, 0x00, 0x0a, 0xb0, 0x0e, 0x70,
    0x00, 0x9c, 0x00, 0xe7, 0x00, 0x09, 0xc0, 0x0e, 0x70, 0x00, 0x9c, 0x00, 0xe7, 0x00,
    0x09, 0xc0, 0x0e, 0x70, 0x00, 0x9c, 0x00, 0xe7, 0x00, 0x09, 0xc0, 0x0e, 0x70, 0x00,
    0x00, 0x00, 0x00, 0x0e, 0x70, 0x0e, 0x70, 0x0e, 0x70, 0x0e, 0x70, 0x0e, 0x70, 0x0e,
    0x70, 0x0e, 0x70, 0x0e, 0x70, 0x0e, 0x70, 0x00, 0xe7, 0x00, 0x00, 0x00, 0x00, 0x00,
    0x00, 0x0e, 0x70, 0x00, 0xe7, 0x00, 0x0e, 0x70, 0x00, 0xe7, 0x00, 0x0e, 0x70, 0x00,
    0xe7, 0x00, 0x0e, 0x70, 0x00, 0xe7, 0x00, 0x0e, 0x70, 0x00, 0xf6, 0x00, 0x2f, 0x40,
    0x9e, 0xa0, 0x00, 0x0e, 0x70, 0x00, 0x00, 0x0e, 0x70, 0x00, 0x00, 0x0e, 0x70, 0x00,
    0x00, 0x0e, 0x70, 0x0a, 0xe3, 0x0e, 0x70, 0x9e, 0x40, 0x0e, 0x79, 0xf4, 0x00, 0x0e,
    0xdf, 0xa0, 0x00, 0x0e, 0xfb, 0xf3, 0x00, 0x0e, 0x80, 0xdc, 0x00, 0x0e, 0x70, 0x4f,
    0x60, 0x0e, 0x70, 0x0a, 0xe1, 0x0e, 0x70, 0x02, 0xf9, 0x0f, 0x70, 0x0f, 0x70, 0x0f,
    0x70, 0x0f, 0x70, 0x0f, 0x70, 0x0f, 0x70, 0x0f, 0x70, 0x0f, 0x70, 0x0f, 0x70, 0x0f,
    0x70, 0x0f, 0x70, 0x0f, 0x70, 0x0e, 0x6b, 0xee, 0x72, 0xbe, 0xd5, 0x00, 0xef, 0x51,
    0x7f, 0xe4, 0x19, 0xe1, 0x0e, 0xa0, 0x01, 0xf9, 0x00, 0x2f, 0x40, 0xe8, 0x00, 0x0f,
    0x60, 0x01, 0xf4, 0x0e, 0x70, 0x00, 0xf6, 0x00, 0x1f, 0x40, 0xe7, 0x00, 0x0f, 0x60,
    0x01, 0xf4, 0x0e, 0x70, 0x00, 0xf6, 0x00, 0x1f, 0x40, 0xe7, 0x00, 0x0f, 0x60, 0x01,
    0xf4, 0x0e, 0x70, 0x00, 0xf6, 0x00, 0x1f, 0x40, 0x0e, 0x7a, 0xee, 0x90, 0x00, 0xef,
    0x61, 0x4e, 0x70, 0x0e, 0xa0, 0x00, 0xab, 0x00, 0xe7, 0x00, 0x09, 0xc0, 0x0e, 0x70,
    0x00, 0x9c, 0x00, 0xe7, 0x00, 0x09, 0xc0, 0x0e, 0x70, 0x00, 0x9c, 0x00, 0xe7, 0x00,
    0x09, 0xc0, 0x0e, 0x70, 0x00, 0x9c, 0x00, 0x00, 0x7d, 0xfd, 0x60, 0x00, 0x9e, 0x41,
    0x5f, 0x70, 0x2f, 0x60, 0x00, 0x8e, 0x16, 0xf1, 0x00, 0x04, 0xf4, 0x7f, 0x00, 0x00,
    0x3f, 0x46, 0xf1, 0x00, 0x04, 0xf3, 0x2f, 0x60, 0x00, 0x8e, 0x00, 0xae, 0x41, 0x5f,
    0x70, 0x00, 0x8d, 0xfc, 0x60, 0x00, 0x0e, 0x7b, 0xfd, 0x70, 0x00, 0xef, 0x71, 0x5e,
    0x70, 0x0e, 0xb0, 0x00, 0x8e, 0x00, 0xe7, 0x00, 0x04, 0xf3, 0x0e, 0x50, 0x00, 0x3f,
    0x40, 0xe6, 0x00, 0x04, 0xf2, 0x0e, 0xa0, 0x00, 0x8d, 0x00, 0xef, 0x61, 0x5e, 0x60,
    0x0e, 0x9b, 0xed, 0x60, 0x00, 0xe7, 0x00, 0x00, 0x00, 0x0e, 0x70, 0x00, 0x00, 0x00,
    0xe7, 0x00, 0x00, 0x00, 0x00, 0x9e, 0xe9, 0x8b, 0x00, 0xad, 0x31, 0xaf, 0xb0, 0x2f,
    0x50, 0x00, 0xeb, 0x05, 0xf2, 0x00, 0x0a, 0xb0, 0x6f, 0x10, 0x00, 0x8b, 0x05, 0xf2,
    0x00, 0x09, 0xb0, 0x2f, 0x60, 0x00, 0xdb, 0x00, 0x8e, 0x41, 0x8f, 0xb0, 0x00, 0x7e,
    0xea, 0xbb, 0x00, 0x00, 0x00, 0x0a, 0xb0, 0x00, 0x00, 0x00, 0xab, 0x00, 0x00, 0x00,
    0x0a, 0xb0, 0x0e, 0x8d, 0xe5, 0x0e, 0xf3, 0x31, 0x0e, 0xa0, 0x00, 0x0e, 0x80, 0x00,
    0x0e, 0x70, 0x00, 0x0e, 0x70, 0x00, 0x0e, 0x70, 0x00, 0x0e, 0x70, 0x00, 0x0e, 0x70,
    0x00, 0x03, 0xbe, 0xdb, 0x30, 0x1e, 0x71, 0x1a, 0xd0, 0x3f, 0x30, 0x00, 0x00, 0x1e,
    0xe8, 0x30, 0x00, 0x02, 0x9d, 0xfd, 0x60, 0x00, 0x00, 0x3a, 0xf3, 0x00, 0x00, 0x02,
    0xf5, 0x4f, 0x51, 0x19, 0xe1, 0x06, 0xce, 0xeb, 0x30, 0x03, 0x70, 0x00, 0xab, 0x00,
    0x0a, 0xb0, 0x0b, 0xff, 0xf2, 0x0a, 0xb0, 0x00, 0xab, 0x00, 0x0a, 0xb0, 0x00, 0xab,
    0x00, 0x0a, 0xb0, 0x00, 0xab, 0x00, 0x09, 0xc1, 0x10, 0x3d, 0xf4, 0x0f, 0x70, 0x00,
    0xab, 0x00, 0xf7, 0x00, 0x0a, 0xb0, 0x0f, 0x70, 0x00, 0xab, 0x00, 0xf7, 0x00, 0x0a,
    0xb0, 0x0f, 0x70, 0x00, 0xab, 0x00, 0xf7, 0x00, 0x0a, 0xb0, 0x0e, 0x80, 0x00, 0xdb,
    0x00, 0x9d, 0x21, 0x8f, 0xb0, 0x01, 0xae, 0xe9, 0x8b, 0x00, 0x9d, 0x00, 0x00, 0xca,
    0x4f, 0x30, 0x02, 0xf4, 0x0e, 0x80, 0x07, 0xe0, 0x09, 0xd0, 0x0c, 0x90, 0x03, 0xf3,
    0x2f, 0x40, 0x00, 0xd7, 0x7d, 0x00, 0x00, 0x8c, 0xc8, 0x00, 0x00, 0x2f, 0xf3, 0x00,
    0x00, 0x0c, 0xd0, 0x00, 0xc9, 0x00, 0x1f, 0x90, 0x01, 0xf4, 0x8d, 0x00, 0x4f, 0xd0,
    0x05, 0xf1, 0x4f, 0x20, 0x8c, 0xf1, 0x09, 0xb0, 0x0e, 0x50, 0xc6, 0xf4, 0x0d, 0x60,
    0x0a, 0x90, 0xf2, 0xc8, 0x2f, 0x20, 0x06, 0xd4, 0xe0, 0x8b, 0x6d, 0x00, 0x02, 0xfa,
    0xa0, 0x4f, 0xb8, 0x00, 0x00, 0xdf, 0x60, 0x1f, 0xf4, 0x00, 0x00, 0x8f, 0x30, 0x0b,
    0xe0, 0x00, 0x5f, 0x50, 0x04, 0xf5, 0x0a, 0xd0, 0x0d, 0xa0, 0x01, 0xe7, 0x7e, 0x20,
    0x00, 0x6f, 0xf6, 0x00, 0x00, 0x1e, 0xf1, 0x00, 0x00, 0x9f, 0xfa, 0x00, 0x04, 0xf7,
    0x7f, 0x40, 0x1d, 0xc0, 0x0c, 0xd1, 0x8f, 0x30, 0x03, 0xf9, 0x8e, 0x00, 0x00, 0xba,
    0x3f, 0x50, 0x01, 0xf5, 0x0d, 0xa0, 0x05, 0xe1, 0x07, 0xe1, 0x0a, 0xa0, 0x02, 0xf5,
    0x1e, 0x50, 0x00, 0xca, 0x5e, 0x00, 0x00, 0x7e, 0xb9, 0x00, 0x00, 0x1f, 0xf4, 0x00,
    0x00, 0x0b, 0xe0, 0x00, 0x00, 0x0c, 0x80, 0x00, 0x01, 0x5f, 0x20, 0x00, 0x1e, 0xe5,
    0x00, 0x00, 0x6f, 0xff, 0xff, 0xf6, 0x00, 0x00, 0x0b, 0xd1, 0x00, 0x00, 0x8f, 0x30,
    0x00, 0x04, 0xf6, 0x00, 0x00, 0x2e, 0xa0, 0x00, 0x00, 0xbd, 0x10, 0x00, 0x08, 0xf3,
    0x00, 0x00, 0x4f, 0x70, 0x00, 0x00, 0xaf, 0xff, 0xff, 0xfa, 0x00, 0x3d, 0xe0, 0x0b,
    0xa0, 0x00, 0xe6, 0x00, 0x0e, 0x60, 0x00, 0xe5, 0x00, 0x1f, 0x40, 0x08, 0xd0, 0x08,
    0xe3, 0x00, 0x08, 0xd0, 0x00, 0x1f, 0x30, 0x00, 0xe5, 0x00, 0x0e, 0x60, 0x00, 0xd6,
    0x00, 0x0b, 0x90, 0x00, 0x3d, 0xe0, 0x08, 0xb0, 0x08, 0xb0, 0x08, 0xb0, 0x08, 0xb0,
    0x08, 0xb0, 0x08, 0xb0, 0x08, 0xb0, 0x08, 0xb0, 0x08, 0xb0, 0x08, 0xb0, 0x08, 0xb0,
    0x08, 0xb0, 0x08, 0xb0, 0x08, 0xb0, 0x08, 0xb0, 0x9e, 0x60, 0x00, 0x4f, 0x10, 0x01,
    0xf3, 0x00, 0x1f, 0x40, 0x00, 0xf4, 0x00, 0x0e, 0x60, 0x00, 0x8c, 0x10, 0x00, 0xcd,
    0x00, 0x8c, 0x10, 0x0e, 0x60, 0x00, 0xf4, 0x00, 0x1f, 0x40, 0x01, 0xf4, 0x00, 0x5f,
    0x10, 0x9e, 0x70, 0x00, 0x19, 0xee, 0xa4, 0x03, 0x84, 0x61, 0x28, 0xde, 0xc3, 0x00,
    0x00, 0x00, 0x00, 0x00, 0x00, 0x00, 0x00, 0x00, 0x00, 0x00, 0x00, 0x00, 0x00, 0x00,
    0x00, 0x00, 0x00, 0x00, 0x00, 0x00, 0x00, 0x00, 0x0b, 0xc0, 0x00, 0x00, 0x00, 0xbc,
    0x00, 0x00, 0x00, 0x0b, 0xc0, 0x00, 0x00, 0x00, 0xbc, 0x00, 0x00, 0x00, 0x0b, 0xc0,
    0x00, 0x00, 0x00, 0xbf, 0xff, 0xff, 0xfb, 0x0b, 0xc0, 0x00, 0x00, 0x00, 0xbc, 0x00,
    0x00, 0x00, 0x0b, 0xc0, 0x00, 0x00, 0x00, 0xbc, 0x00, 0x00, 0x00, 0x0b, 0xc0, 0x00,
    0x00, 0x00, 0xbc, 0x00, 0x00, 0x00, 0xbe, 0x70, 0x00, 0x00, 0x16, 0xf1, 0x00, 0x00,
    0x02, 0xf3, 0x00, 0x00, 0x02, 0xf4, 0x00, 0x00, 0x02, 0xff, 0xff, 0xf3, 0x02, 0xf4,
    0x00, 0x00, 0x02, 0xf4, 0x00, 0x00, 0x02, 0xf4, 0x00, 0x00, 0x02, 0xf4, 0x00, 0x00,
    0x9f, 0xff, 0xff, 0xff, 0xf7, 0x9d, 0x00, 0xda, 0x01, 0xf7, 0x9d, 0x00, 0xda, 0x01,
    0xf7, 0x9d, 0x00, 0xda, 0x01, 0xf7, 0x9d, 0x00, 0xda, 0x01, 0xf7, 0x00, 0x00, 0xda,
    0x00, 0x00, 0x00, 0x00, 0xda, 0x00, 0x00, 0x00, 0x00, 0xda, 0x00, 0x00, 0x00, 0x00,
    0xda, 0x00, 0x00, 0x00, 0x00, 0xda, 0x00, 0x00, 0x00, 0x00, 0xda, 0x00, 0x00, 0x00,
    0x00, 0xda, 0x00, 0x00, 0x4d, 0xff, 0xff, 0xf1, 0xaa, 0x1f, 0x65, 0xf1, 0x99, 0x0f,
    0x65, 0xf1, 0x00, 0x0f, 0x60, 0x00, 0x00, 0x0f, 0x60, 0x00, 0x00, 0x0f, 0x60, 0x00,
    0x00, 0x0f, 0x60, 0x00, 0x00, 0x0f, 0x60, 0x00, 0x00, 0x0f, 0x60, 0x00, 0x00, 0x0f,
    0x60, 0x00, 0x00, 0x0f, 0x60, 0x00, 0x00, 0x0f, 0x60, 0x00, 0x00, 0x7f, 0x30, 0x1e,
    0x50, 0x00, 0x00, 0x00, 0x00, 0x00, 0x00, 0x00, 0x00, 0x00, 0x00, 0x00, 0x00, 0x00,
    0x00, 0x00, 0x00, 0x00, 0x00, 0x00, 0x00, 0x00, 0x00, 0x00, 0x00, 0x00, 0x00, 0x00,
    0x00, 0x1d, 0x60, 0x1c, 0xd0, 0x00, 0x0b, 0xa0, 0x00, 0x00, 0x9f, 0x40, 0x0b, 0xa0,
    0x00, 0x04, 0xff, 0x40, 0x0b, 0xa0, 0x00, 0x0d, 0xef, 0x40, 0x0b, 0xa0, 0x00, 0x8f,
    0x6f, 0x40, 0x0b, 0xa0, 0x03, 0xf9, 0x2f, 0x40, 0x0b, 0xa0, 0x0c, 0xd1, 0x2f, 0x40,
    0x0b, 0xa0, 0x7f, 0x50, 0x2f, 0x40, 0x0b, 0xa2, 0xea, 0x00, 0x2f, 0x40, 0x0b, 0xab,
    0xe1, 0x00, 0x2f, 0x40, 0x0b, 0xef, 0x60, 0x00, 0x2f, 0x40, 0x0b, 0xfb, 0x00, 0x00,
    0x2f, 0x40, 0x0b, 0xe2, 0x00, 0x00, 0x2f, 0x40, 0x0e, 0x70, 0x00, 0xdd, 0x00, 0x0e,
    0x70, 0x07, 0xfd, 0x00, 0x0e, 0x70, 0x1d, 0xad, 0x00, 0x0e, 0x70, 0x88, 0x8d, 0x00,
    0x0e, 0x71, 0xd1, 0x8d, 0x00, 0x0e, 0x79, 0x70, 0x8d, 0x00, 0x0e, 0x9d, 0x10, 0x7d,
    0x00, 0x0e, 0xf6, 0x00, 0x5f, 0x20, 0x0e, 0xd0, 0x00, 0x0a, 0xe5, 0x00, 0xff, 0xff,
    0xff, 0xff, 0x00, 0x00, 0x40, 0x00, 0x00, 0x04, 0x00, 0x00, 0x40, 0x00, 0x00, 0x04,
    0x00, 0x00, 0x40, 0x00, 0x00, 0x04, 0x00, 0x00, 0x40, 0x00, 0x00, 0x04, 0x00, 0x00,
    0x40, 0x00, 0x00, 0x04, 0x00, 0x00, 0x40, 0x00, 0x00, 0x04, 0x00, 0x00, 0x40, 0x00,
    0x00, 0x04, 0x00, 0x00, 0x40, 0x00, 0x00, 0x04, 0x00, 0x00, 0x40, 0x00, 0x00, 0x04,
    0x00, 0x00, 0xff, 0xff, 0xff, 0xff, 0x00, 0x00, 0xff, 0xff, 0xff, 0xff, 0x00, 0x00,
    0x40, 0x00, 0x00, 0x04, 0x00, 0x00, 0x40, 0x00, 0x00, 0x04, 0x00, 0x00, 0x40, 0x00,
    0x00, 0x04, 0x00, 0x00, 0x40, 0x00, 0x00, 0x04, 0x00, 0x00, 0x40, 0x00, 0x00, 0x04,
    0x00, 0x00, 0x40, 0x00, 0x00, 0x04, 0x00, 0x00, 0x40, 0x00, 0x00, 0x04, 0x00, 0x00,
    0x40, 0x00, 0x00, 0x04, 0x00, 0x00, 0x40, 0x00, 0x00, 0x04, 0x00, 0x00, 0xff, 0xff,
    0xff, 0xff, 0x00, 0x00, 0x00, 0x00, 0x0c, 0x20, 0x00, 0xe4, 0x00, 0x08, 0xdf, 0xd7,
    0x00, 0x7d, 0x31, 0x4e, 0x80, 0x00, 0x00, 0x06, 0xf1, 0x00, 0x00, 0x02, 0xf4, 0x00,
    0x00, 0x01, 0xf5, 0x00, 0x00, 0x02, 0xf4, 0x00, 0x00, 0x06, 0xe1, 0x9c, 0x30, 0x3d,
    0x80, 0x18, 0xdf, 0xd8, 0x00, 0x00, 0x7d, 0xfd, 0x70, 0x08, 0xe4, 0x14, 0xd7, 0x1f,
    0x60, 0x00, 0x00, 0x4f, 0x30, 0x00, 0x00, 0x5f, 0x27, 0xf4, 0x00, 0x4f, 0x30, 0x00,
    0x00, 0x1f, 0x60, 0x00, 0x00, 0x09, 0xe4, 0x03, 0xc9, 0x00, 0x7d, 0xfd, 0x80, 0x08,
    0xdf, 0xd7, 0x00, 0x7d, 0x31, 0x4e, 0x80, 0x00, 0x00, 0x06, 0xf1, 0x00, 0x00, 0x02,
    0xf4, 0x00, 0x4f, 0x71, 0xf5, 0x00, 0x00, 0x02, 0xf4, 0x00, 0x00, 0x06, 0xe1, 0x9c,
    0x30, 0x3d, 0x80, 0x18, 0xdf, 0xd8, 0x00, 0x09, 0xf0, 0x00, 0x00, 0x00, 0x00, 0x00,
    0x00, 0x00, 0x00, 0x00, 0x00, 0x00, 0x00, 0x00, 0x00, 0x09, 0xf0, 0x00, 0xc0, 0x04,
    0xc0, 0x07, 0x40, 0x00, 0x00, 0x0b, 0xc0, 0x00, 0x00, 0x0b, 0xc0, 0x00, 0x00, 0x0b,
    0xc0, 0x00, 0x00, 0x0b, 0xc0, 0x00, 0x00, 0x0b, 0xc0, 0x00, 0x00, 0x0b, 0xc0, 0x00,
    0x00, 0x0b, 0xc0, 0x00, 0x00, 0x0b, 0xc0, 0x6c, 0x00, 0x0b, 0xb0, 0x6f, 0x00, 0x0c,
    0x90, 0x1e, 0x81, 0x5f, 0x40, 0x04, 0xce, 0xd6, 0x00, 0x00, 0xff, 0xff, 0xff, 0xff,
    0x00, 0x00, 0x40, 0x00, 0x00, 0x04, 0x00, 0x00, 0x40, 0x00, 0x00, 0x04, 0x00, 0x00,
    0x40, 0x00, 0x00, 0x04, 0x00, 0x00, 0x40, 0x00, 0x00, 0x04, 0x00, 0x00, 0x40, 0x00,
    0x00, 0x04, 0x00, 0x00, 0x40, 0x00, 0x00, 0x04, 0x00, 0x00, 0x40, 0x00, 0x00, 0x04,
    0x00, 0x00, 0x40, 0x00, 0x00, 0x04, 0x00, 0x00, 0x40, 0x00, 0x00, 0x04, 0x00, 0x00,
    0xff, 0xff, 0xff, 0xff, 0x00, 0x00, 0xff, 0xff, 0xff, 0xff, 0x00, 0x00, 0x40, 0x00,
    0x00, 0x04, 0x00, 0x00, 0x40, 0x00, 0x00, 0x04, 0x00, 0x00, 0x40, 0x00, 0x00, 0x04,
    0x00, 0x00, 0x40, 0x00, 0x00, 0x04, 0x00, 0x00, 0x40, 0x00, 0x00, 0x04, 0x00, 0x00,
    0x40, 0x00, 0x00, 0x04, 0x00, 0x00, 0x40, 0x00, 0x00, 0x04, 0x00, 0x00, 0x40, 0x00,
    0x00, 0x04, 0x00, 0x00, 0x40, 0x00, 0x00, 0x04, 0x00, 0x00, 0xff, 0xff, 0xff, 0xff,
    0x00, 0x00, 0xff, 0xff, 0xff, 0xff, 0x00, 0x00, 0x40, 0x00, 0x00, 0x04, 0x00, 0x00,
    0x40, 0x00, 0x00, 0x04, 0x00, 0x00, 0x40, 0x00, 0x00, 0x04, 0x00, 0x00, 0x40, 0x00,
    0x00, 0x04, 0x00, 0x00, 0x40, 0x00, 0x00, 0x04, 0x00, 0x00, 0x40, 0x00, 0x00, 0x04,
    0x00, 0x00, 0x40, 0x00, 0x00, 0x04, 0x00, 0x00, 0x40, 0x00, 0x00, 0x04, 0x00, 0x00,
    0x40, 0x00, 0x00, 0x04, 0x00, 0x00, 0xff, 0xff, 0xff, 0xff, 0x00, 0x00, 0xff, 0xff,
    0xff, 0xff, 0x00, 0x00, 0x40, 0x00, 0x00, 0x04, 0x00, 0x00, 0x40, 0x00, 0x00, 0x04,
    0x00, 0x00, 0x40, 0x00, 0x00, 0x04, 0x00, 0x00, 0x40, 0x00, 0x00, 0x04, 0x00, 0x00,
    0x40, 0x00, 0x00, 0x04, 0x00, 0x00, 0x40, 0x00, 0x00, 0x04, 0x00, 0x00, 0x40, 0x00,
    0x00, 0x04, 0x00, 0x00, 0x40, 0x00, 0x00, 0x04, 0x00, 0x00, 0x40, 0x00, 0x00, 0x04,
    0x00, 0x00, 0xff, 0xff, 0xff, 0xff, 0x00, 0x00, 0x7f, 0x30, 0x1e, 0x50, 0x00, 0x00,
    0x00, 0x00, 0x00, 0x00, 0x00, 0x00, 0x00, 0x00, 0x00, 0x00, 0x00, 0x00, 0x00, 0x00,
    0x00, 0x00, 0x00, 0x00, 0x00, 0x00, 0x00, 0x00, 0x00, 0x00, 0x08, 0xb0, 0x03, 0xf4,
    0xd1, 0xd8, 0x00, 0x00, 0x00, 0x00, 0x00, 0x00, 0x00, 0x00, 0x00, 0x00, 0x00, 0x00,
    0x00, 0x00, 0x00, 0x00, 0x00, 0x00, 0x00, 0x00, 0x00, 0x00, 0x00, 0x00, 0x00, 0x00,
    0x00, 0x00, 0x00, 0x00, 0x00, 0x00, 0x00, 0x00, 0x00, 0x00, 0xcc, 0x1c, 0xf3, 0x00,
    0x00, 0x05, 0xe2, 0x2f, 0xc9, 0x00, 0x00, 0x00, 0x00, 0x8e, 0x7e, 0x10, 0x00, 0x00,
    0x00, 0xda, 0x3f, 0x60, 0x00, 0x00, 0x04, 0xf4, 0x0c, 0xc0, 0x00, 0x00, 0x0a, 0xd0,
    0x06, 0xf3, 0x00, 0x00, 0x1e, 0x70, 0x01, 0xe9, 0x00, 0x00, 0x6f, 0xff, 0xff, 0xfe,
    0x00, 0x00, 0xbb, 0x00, 0x00, 0x3f, 0x50, 0x02, 0xf6, 0x00, 0x00, 0x0d, 0xb0, 0x07,
    0xf1, 0x00, 0x00, 0x08, 0xf2, 0x0d, 0xb0, 0x00, 0x00, 0x03, 0xf8, 0x08, 0xf1, 0x00,
    0x00, 0x00, 0x00, 0x00, 0x00, 0x00, 0x00, 0x00, 0x00, 0x00, 0x00, 0x00, 0x00, 0x0d,
    0xb0, 0xdf, 0xff, 0xff, 0xff, 0x60, 0x7d, 0x10, 0xda, 0x00, 0x00, 0x00, 0x00, 0x00,
    0x00, 0xda, 0x00, 0x00, 0x00, 0x00, 0x00, 0x00, 0xda, 0x00, 0x00, 0x00, 0x00, 0x00,
    0x00, 0xda, 0x00, 0x00, 0x00, 0x00, 0x00, 0x00, 0xdf, 0xff, 0xff, 0xff, 0x00, 0x00,
    0x00, 0xda, 0x00, 0x00, 0x00, 0x00, 0x00, 0x00, 0xda, 0x00, 0x00, 0x00, 0x00, 0x00,
    0x00, 0xda, 0x00, 0x00, 0x00, 0x00, 0x00, 0x00, 0xda, 0x00, 0x00, 0x00, 0x00, 0x00,
    0x00, 0xda, 0x00, 0x00, 0x00, 0x00, 0x00, 0x00, 0xdf, 0xff, 0xff, 0xff, 0xa0, 0x0d,
    0xb3, 0xf5, 0x00, 0x00, 0x0b, 0xc0, 0x6d, 0x13, 0xf5, 0x00, 0x00, 0x0b, 0xc0, 0x00,
    0x03, 0xf5, 0x00, 0x00, 0x0b, 0xc0, 0x00, 0x03, 0xf5, 0x00, 0x00, 0x0b, 0xc0, 0x00,
    0x03, 0xf5, 0x00, 0x00, 0x0b, 0xc0, 0x00, 0x03, 0xff, 0xff, 0xff, 0xff, 0xc0, 0x00,
    0x03, 0xf5, 0x00, 0x00, 0x0b, 0xc0, 0x00, 0x03, 0xf5, 0x00, 0x00, 0x0b, 0xc0, 0x00,
    0x03, 0xf5, 0x00, 0x00, 0x0b, 0xc0, 0x00, 0x03, 0xf5, 0x00, 0x00, 0x0b, 0xc0, 0x00,
    0x03, 0xf5, 0x00, 0x00, 0x0b, 0xc0, 0x00, 0x03, 0xf5, 0x00, 0x00, 0x0b, 0xc0, 0x0d,
    0xb3, 0xf5, 0x06, 0xd1, 0x3f, 0x50, 0x00, 0x03, 0xf5, 0x00, 0x00, 0x3f, 0x50, 0x00,
    0x03, 0xf5, 0x00, 0x00, 0x3f, 0x50, 0x00, 0x03, 0xf5, 0x00, 0x00, 0x3f, 0x50, 0x00,
    0x03, 0xf5, 0x00, 0x00, 0x3f, 0x50, 0x00, 0x03, 0xf5, 0x00, 0x00, 0x3f, 0x50, 0x00,
    0xff, 0xff, 0xff, 0xff, 0x00, 0x00, 0x40, 0x00, 0x00, 0x04, 0x00, 0x00, 0x40, 0x00,
    0x00, 0x04, 0x00, 0x00, 0x40, 0x00, 0x00, 0x04, 0x00, 0x00, 0x40, 0x00, 0x00, 0x04,
    0x00, 0x00, 0x40, 0x00, 0x00, 0x04, 0x00, 0x00, 0x40, 0x00, 0x00, 0x04, 0x00, 0x00,
    0x40, 0x00, 0x00, 0x04, 0x00, 0x00, 0x40, 0x00, 0x00, 0x04, 0x00, 0x00, 0x40, 0x00,
    0x00, 0x04, 0x00, 0x00, 0xff, 0xff, 0xff, 0xff, 0x00, 0x0d, 0xb0, 0x5b, 0xef, 0xc7,
    0x10, 0x07, 0xd1, 0x9e, 0x61, 0x14, 0xcc, 0x10, 0x00, 0x6f, 0x30, 0x00, 0x01, 0xdb,
    0x00, 0x0d, 0xa0, 0x00, 0x00, 0x05, 0xf3, 0x02, 0xf6, 0x00, 0x00, 0x00, 0x1f, 0x70,
    0x4f, 0x40, 0x00, 0x00, 0x00, 0xe9, 0x04, 0xf4, 0x00, 0x00, 0x00, 0x0e, 0x90, 0x2f,
    0x60, 0x00, 0x00, 0x01, 0xf7, 0x00, 0xda, 0x00, 0x00, 0x00, 0x5f, 0x30, 0x05, 0xf4,
    0x00, 0x00, 0x1d, 0xb0, 0x00, 0x08, 0xe6, 0x11, 0x4c, 0xc1, 0x00, 0x00, 0x04, 0xbe,
    0xfd, 0x71, 0x00, 0x00, 0xff, 0xff, 0xff, 0xff, 0x00, 0x00, 0x40, 0x00, 0x00, 0x04,
    0x00, 0x00, 0x40, 0x00, 0x00, 0x04, 0x00, 0x00, 0x40, 0x00, 0x00, 0x04, 0x00, 0x00,
    0x40, 0x00, 0x00, 0x04, 0x00, 0x00, 0x40, 0x00, 0x00, 0x04, 0x00, 0x00, 0x40, 0x00,
    0x00, 0x04, 0x00, 0x00, 0x40, 0x00, 0x00, 0x04, 0x00, 0x00, 0x40, 0x00, 0x00, 0x04,
    0x00, 0x00, 0x40, 0x00, 0x00, 0x04, 0x00, 0x00, 0xff, 0xff, 0xff, 0xff, 0x00, 0x0d,
    0xb0, 0xbf, 0x20, 0x00, 0x00, 0x9f, 0x27, 0xd1, 0x02, 0xea, 0x00, 0x00, 0x3f, 0x70,
    0x00, 0x00, 0x07, 0xf4, 0x00, 0x0b, 0xc0, 0x00, 0x00, 0x00, 0x0c, 0xc0, 0x05, 0xf3,
    0x00, 0x00, 0x00, 0x00, 0x3f, 0x71, 0xe8, 0x00, 0x00, 0x00, 0x00, 0x00, 0x8f, 0xcd,
    0x00, 0x00, 0x00, 0x00, 0x00, 0x01, 0xdf, 0x40, 0x00, 0x00, 0x00, 0x00, 0x00, 0x09,
    0xe0, 0x00, 0x00, 0x00, 0x00, 0x00, 0x00, 0x9e, 0x00, 0x00, 0x00, 0x00, 0x00, 0x00,
    0x09, 0xe0, 0x00, 0x00, 0x00, 0x00, 0x00, 0x00, 0x9e, 0x00, 0x00, 0x00, 0x00, 0x00,
    0x00, 0x09, 0xe0, 0x00, 0x00, 0x0d, 0xb0, 0x4b, 0xee, 0xc6, 0x00, 0x07, 0xd1, 0x7f,
    0x71, 0x16, 0xe9, 0x00, 0x00, 0x3f, 0x70, 0x00, 0x05, 0xf5, 0x00, 0x09, 0xe1, 0x00,
    0x00, 0x0c, 0xc0, 0x00, 0xda, 0x00, 0x00, 0x00, 0x8f, 0x10, 0x0f, 0x90, 0x00, 0x00,
    0x06, 0xf2, 0x00, 0xe9, 0x00, 0x00, 0x00, 0x7f, 0x20, 0x0c, 0xb0, 0x00, 0x00, 0x09,
    0xe0, 0x00, 0x7f, 0x10, 0x00, 0x00, 0xd9, 0x00, 0x01, 0xd9, 0x00, 0x00, 0x7e, 0x20,
    0x00, 0x03, 0xe9, 0x00, 0x7e, 0x40, 0x00, 0x2f, 0xff, 0xf4, 0x2f, 0xff, 0xf4, 0x00,
    0x07, 0xd1, 0x01, 0xf5, 0xd2, 0xb9, 0x00, 0x00, 0x00, 0x00, 0x00, 0xe7, 0x00, 0x00,
    0x0e, 0x70, 0x00, 0x00, 0xe7, 0x00, 0x00, 0x0e, 0x70, 0x00, 0x00, 0xe7, 0x00, 0x00,
    0x0e, 0x70, 0x00, 0x00, 0xe7, 0x00, 0x00, 0x0e, 0x70, 0x00, 0x00, 0xe7, 0x00, 0x00,
    0x00, 0x0c, 0xf3, 0x00, 0x00, 0x00, 0x00, 0x3f, 0xc9, 0x00, 0x00, 0x00, 0x00, 0x8d,
    0x8e, 0x10, 0x00, 0x00, 0x00, 0xea, 0x3f, 0x60, 0x00, 0x00, 0x04, 0xf4, 0x0d, 0xc0,
    0x00, 0x00, 0x0a, 0xd0, 0x07, 0xf2, 0x00, 0x00, 0x1e, 0x70, 0x01, 0xe8, 0x00, 0x00,
    0x6f, 0xff, 0xff, 0xfe, 0x00, 0x00, 0xba, 0x00, 0x00, 0x3f, 0x50, 0x02, 0xf6, 0x00,
    0x00, 0x0d, 0xb0, 0x07, 0xf1, 0x00, 0x00, 0x08, 0xf2, 0x0d, 0xb0, 0x00, 0x00, 0x03,
    0xf8, 0x0c, 0xff, 0xff, 0xea, 0x20, 0x00, 0xca, 0x00, 0x02, 0xcd, 0x00, 0x0c, 0xa0,
    0x00, 0x05, 0xf3, 0x00, 0xca, 0x00, 0x00, 0x4f, 0x20, 0x0c, 0xa0, 0x00, 0x2b, 0x60,
    0x00, 0xcf, 0xff, 0xff, 0xf8, 0x00, 0x0c, 0xa0, 0x00, 0x29, 0xf6, 0x00, 0xca, 0x00,
    0x00, 0x0e, 0xb0, 0x0c, 0xa0, 0x00, 0x00, 0xcc, 0x00, 0xca, 0x00, 0x00, 0x0e, 0x90,
    0x0c, 0xa0, 0x00, 0x19, 0xf3, 0x00, 0xcf, 0xff, 0xfe, 0xb3, 0x00, 0x0b, 0xff, 0xff,
    0xff, 0x70, 0xbc, 0x00, 0x00, 0x00, 0x0b, 0xc0, 0x00, 0x00, 0x00, 0xbc, 0x00, 0x00,
    0x00, 0x0b, 0xc0, 0x00, 0x00, 0x00, 0xbc, 0x00, 0x00, 0x00, 0x0b, 0xc0, 0x00, 0x00,
    0x00, 0xbc, 0x00, 0x00, 0x00, 0x0b, 0xc0, 0x00, 0x00, 0x00, 0xbc, 0x00, 0x00, 0x00,
    0x0b, 0xc0, 0x00, 0x00, 0x00, 0xbc, 0x00, 0x00, 0x00, 0x00, 0x00, 0x0c, 0xf3, 0x00,
    0x00, 0x00, 0x00, 0x2f, 0xf9, 0x00, 0x00, 0x00, 0x00, 0x8f, 0xce, 0x10, 0x00, 0x00,
    0x00, 0xdb, 0x5f, 0x60, 0x00, 0x00, 0x04, 0xf5, 0x0d, 0xc0, 0x00, 0x00, 0x0a, 0xe1,
    0x08, 0xf2, 0x00, 0x00, 0x1e, 0xa0, 0x03, 0xf8, 0x00, 0x00, 0x6f, 0x50, 0x00, 0xce,
    0x00, 0x00, 0xbe, 0x00, 0x00, 0x7f, 0x50, 0x02, 0xf9, 0x00, 0x00, 0x2f, 0xb0, 0x07,
    0xf4, 0x00, 0x00, 0x0b, 0xf2, 0x0d, 0xff, 0xff, 0xff, 0xff, 0xf8, 0x0b, 0xff, 0xff,
    0xff, 0xf8, 0x00, 0xbc, 0x00, 0x00, 0x00, 0x00, 0x0b, 0xc0, 0x00, 0x00, 0x00, 0x00,
    0xbc, 0x00, 0x00, 0x00, 0x00, 0x0b, 0xc0, 0x00, 0x00, 0x00, 0x00, 0xbf, 0xff, 0xff,
    0xff, 0x20, 0x0b, 0xc0, 0x00, 0x00, 0x00, 0x00, 0xbc, 0x00, 0x00, 0x00, 0x00, 0x0b,
    0xc0, 0x00, 0x00, 0x00, 0x00, 0xbc, 0x00, 0x00, 0x00, 0x00, 0x0b, 0xc0, 0x00, 0x00,
    0x00, 0x00, 0xbf, 0xff, 0xff, 0xff, 0xc0, 0x0f, 0xff, 0xff, 0xff, 0xf3, 0x00, 0x00,
    0x00, 0x0d, 0xc0, 0x00, 0x00, 0x00, 0x7e, 0x20, 0x00, 0x00, 0x03, 0xe6, 0x00, 0x00,
    0x00, 0x1d, 0xa0, 0x00, 0x00, 0x00, 0x9d, 0x10, 0x00, 0x00, 0x06, 0xf3, 0x00, 0x00,
    0x00, 0x2e, 0x70, 0x00, 0x00, 0x01, 0xcb, 0x00, 0x00, 0x00, 0x09, 0xe2, 0x00, 0x00,
    0x00, 0x5f, 0x60, 0x00, 0x00, 0x00, 0xaf, 0xff, 0xff, 0xff, 0xf6, 0x0b, 0xc0, 0x00,
    0x00, 0x4f, 0x40, 0x0b, 0xc0, 0x00, 0x00, 0x4f, 0x40, 0x0b, 0xc0, 0x00, 0x00, 0x4f,
    0x40, 0x0b, 0xc0, 0x00, 0x00, 0x4f, 0x40, 0x0b, 0xc0, 0x00, 0x00, 0x4f, 0x40, 0x0b,
    0xff, 0xff, 0xff, 0xff, 0x40, 0x0b, 0xc0, 0x00, 0x00, 0x4f, 0x40, 0x0b, 0xc0, 0x00,
    0x00, 0x4f, 0x40, 0x0b, 0xc0, 0x00, 0x00, 0x4f, 0x40, 0x0b, 0xc0, 0x00, 0x00, 0x4f,
    0x40, 0x0b, 0xc0, 0x00, 0x00, 0x4f, 0x40, 0x0b, 0xc0, 0x00, 0x00, 0x4f, 0x40, 0x00,
    0x04, 0xbe, 0xfd, 0x81, 0x00, 0x00, 0x8e, 0x71, 0x04, 0xcd, 0x20, 0x05, 0xf4, 0x00,
    0x00, 0x1c, 0xc0, 0x0c, 0xb0, 0x00, 0x00, 0x04, 0xf4, 0x1f, 0x70, 0x00, 0x00, 0x00,
    0xf8, 0x3f, 0x50, 0xff, 0xff, 0x80, 0xda, 0x3f, 0x50, 0x00, 0x00, 0x00, 0xda, 0x1f,
    0x70, 0x00, 0x00, 0x00, 0xf8, 0x0c, 0xb0, 0x00, 0x00, 0x04, 0xf4, 0x04, 0xf4, 0x00,
    0x00, 0x1c, 0xc0, 0x00, 0x7e, 0x61, 0x04, 0xcd, 0x20, 0x00, 0x04, 0xbe, 0xfd, 0x81,
    0x00, 0x08, 0xf0, 0x08, 0xf0, 0x08, 0xf0, 0x08, 0xf0, 0x08, 0xf0, 0x08, 0xf0, 0x08,
    0xf0, 0x08, 0xf0, 0x08, 0xf0, 0x08, 0xf0, 0x08, 0xf0, 0x08, 0xf0, 0x0c, 0xa0, 0x00,
    0x03, 0xed, 0x10, 0xca, 0x00, 0x02, 0xed, 0x20, 0x0c, 0xa0, 0x02, 0xee, 0x20, 0x00,
    0xca, 0x02, 0xde, 0x30, 0x00, 0x0c, 0xa2, 0xde, 0x30, 0x00, 0x00, 0xcc, 0xdf, 0xd1,
    0x00, 0x00, 0x0c, 0xfe, 0x7f, 0xa0, 0x00, 0x00, 0xce, 0x40, 0x8f, 0x60, 0x00, 0x0c,
    0xa0, 0x00, 0xce, 0x20, 0x00, 0xca, 0x00, 0x02, 0xec, 0x00, 0x0c, 0xa0, 0x00, 0x06,
    0xf8, 0x00, 0xca, 0x00, 0x00, 0x0b, 0xf4, 0x00, 0x00, 0x9f, 0x50, 0x00, 0x00, 0x00,
    0x1e, 0xfa, 0x00, 0x00, 0x00, 0x06, 0xfa, 0xf1, 0x00, 0x00, 0x00, 0xbc, 0x2f, 0x60,
    0x00, 0x00, 0x2f, 0x60, 0xcc, 0x00, 0x00, 0x07, 0xf1, 0x06, 0xf2, 0x00, 0x00, 0xda,
    0x00, 0x1f, 0x80, 0x00, 0x3f, 0x50, 0x00, 0xad, 0x00, 0x09, 0xe0, 0x00, 0x05, 0xf4,
    0x01, 0xe9, 0x00, 0x00, 0x0e, 0xa0, 0x5f, 0x30, 0x00, 0x00, 0x9e, 0x1b, 0xc0, 0x00,
    0x00, 0x04, 0xf6, 0x0c, 0xfa, 0x00, 0x00, 0x02, 0xff, 0x20, 0xcd, 0xe0, 0x00, 0x00,
    0x7d, 0xf2, 0x0c, 0xad, 0x50, 0x00, 0x0c, 0x8f, 0x20, 0xca, 0x9a, 0x00, 0x02, 0xd5,
    0xf2, 0x0c, 0xa4, 0xe0, 0x00, 0x79, 0x5f, 0x20, 0xca, 0x0e, 0x50, 0x0c, 0x45, 0xf2,
    0x0c, 0xa0, 0xaa, 0x02, 0xe0, 0x5f, 0x20, 0xca, 0x06, 0xe0, 0x7a, 0x05, 0xf2, 0x0c,
    0xa0, 0x1f, 0x5d, 0x60, 0x5f, 0x20, 0xca, 0x00, 0xcc, 0xf1, 0x05, 0xf2, 0x0c, 0xa0,
    0x07, 0xfc, 0x00, 0x5f, 0x20, 0xca, 0x00, 0x3f, 0x70, 0x05, 0xf2, 0x0c, 0xe2, 0x00,
    0x00, 0x3f, 0x40, 0x0c, 0xd9, 0x00, 0x00, 0x3f, 0x40, 0x0c, 0xaa, 0x30, 0x00, 0x3f,
    0x40, 0x0c, 0xa2, 0xb0, 0x00, 0x3f, 0x40, 0x0c, 0xa0, 0x85, 0x00, 0x3f, 0x40, 0x0c,
    0xa0, 0x1c, 0x00, 0x3f, 0x40, 0x0c, 0xa0, 0x06, 0x70, 0x3f, 0x40, 0x0c, 0xa0, 0x00,
    0xc1, 0x3f, 0x40, 0x0c, 0xa0, 0x00, 0x49, 0x3f, 0x40, 0x0c, 0xa0, 0x00, 0x0b, 0x6f,
    0x40, 0x0c, 0xa0, 0x00, 0x03, 0xdf, 0x40, 0x0c, 0xa0, 0x00, 0x00, 0x9f, 0x40, 0x0e,
    0xff, 0xff, 0xff, 0xf5, 0x00, 0x00, 0x00, 0x00, 0x00, 0x00, 0x00, 0x00, 0x00, 0x00,
    0x00, 0x00, 0x00, 0x00, 0x00, 0x00, 0x00, 0x00, 0x00, 0x00, 0x03, 0xff, 0xff, 0xff,
    0x90, 0x00, 0x00, 0x00, 0x00, 0x00, 0x00, 0x00, 0x00, 0x00, 0x00, 0x00, 0x00, 0x00,
    0x00, 0x00, 0x00, 0x00, 0x00, 0x00, 0x00, 0x00, 0x00, 0x00, 0x00, 0x00, 0x2f, 0xff,
    0xff, 0xff, 0xf8, 0x00, 0x04, 0xbe, 0xed, 0x71, 0x00, 0x00, 0x8f, 0x72, 0x14, 0xcd,
    0x20, 0x05, 0xf4, 0x00, 0x00, 0x1c, 0xc0, 0x0c, 0xb0, 0x00, 0x00, 0x04, 0xf4, 0x1f,
    0x70, 0x00, 0x00, 0x00, 0xf8, 0x3f, 0x60, 0x00, 0x00, 0x00, 0xda, 0x3f, 0x50, 0x00,
    0x00, 0x00, 0xda, 0x1f, 0x70, 0x00, 0x00, 0x00, 0xe8, 0x0b, 0xb0, 0x00, 0x00, 0x04,
    0xf4, 0x04, 0xf5, 0x00, 0x00, 0x0c, 0xc0, 0x00, 0x7f, 0x71, 0x03, 0xbd, 0x20, 0x00,
    0x04, 0xae, 0xed, 0x71, 0x00, 0x0b, 0xff, 0xff, 0xff, 0xff, 0x40, 0x0b, 0xc0, 0x00,
    0x00, 0x4f, 0x40, 0x0b, 0xc0, 0x00, 0x00, 0x4f, 0x40, 0x0b, 0xc0, 0x00, 0x00, 0x4f,
    0x40, 0x0b, 0xc0, 0x00, 0x00, 0x4f, 0x40, 0x0b, 0xc0, 0x00, 0x00, 0x4f, 0x40, 0x0b,
    0xc0, 0x00, 0x00, 0x4f, 0x40, 0x0b, 0xc0, 0x00, 0x00, 0x4f, 0x40, 0x0b, 0xc0, 0x00,
    0x00, 0x4f, 0x40, 0x0b, 0xc0, 0x00, 0x00, 0x4f, 0x40, 0x0b, 0xc0, 0x00, 0x00, 0x4f,
    0x40, 0x0b, 0xc0, 0x00, 0x00, 0x4f, 0x40, 0x0c, 0xff, 0xff, 0xfc, 0x70, 0x00, 0xcb,
    0x00, 0x01, 0x6f, 0x60, 0x0c, 0xb0, 0x00, 0x00, 0xbd, 0x00, 0xcb, 0x00, 0x00, 0x09,
    0xe0, 0x0c, 0xb0, 0x00, 0x00, 0xcc, 0x00, 0xcb, 0x00, 0x02, 0x8f, 0x50, 0x0c, 0xff,
    0xff, 0xec, 0x60, 0x00, 0xcb, 0x00, 0x00, 0x00, 0x00, 0x0c, 0xb0, 0x00, 0x00, 0x00,
    0x00, 0xcb, 0x00, 0x00, 0x00, 0x00, 0x0c, 0xb0, 0x00, 0x00, 0x00, 0x00, 0xcb, 0x00,
    0x00, 0x00, 0x00, 0x00, 0xff, 0xff, 0xff, 0xff, 0x00, 0x00, 0x40, 0x00, 0x00, 0x04,
    0x00, 0x00, 0x40, 0x00, 0x00, 0x04, 0x00, 0x00, 0x40, 0x00, 0x00, 0x04, 0x00, 0x00,
    0x40, 0x00, 0x00, 0x04, 0x00, 0x00, 0x40, 0x00, 0x00, 0x04, 0x00, 0x00, 0x40, 0x00,
    0x00, 0x04, 0x00, 0x00, 0x40, 0x00, 0x00, 0x04, 0x00, 0x00, 0x40, 0x00, 0x00, 0x04,
    0x00, 0x00, 0x40, 0x00, 0x00, 0x04, 0x00, 0x00, 0xff, 0xff, 0xff, 0xff, 0x00, 0x0d,
    0xff, 0xff, 0xff, 0xe0, 0x09, 0xf3, 0x00, 0x00, 0x00, 0x00, 0xbe, 0x20, 0x00, 0x00,
    0x00, 0x1d, 0xc1, 0x00, 0x00, 0x00, 0x03, 0xea, 0x00, 0x00, 0x00, 0x00, 0x5f, 0x70,
    0x00, 0x00, 0x00, 0xaf, 0x30, 0x00, 0x00, 0x06, 0xf6, 0x00, 0x00, 0x00, 0x3f, 0xa0,
    0x00, 0x00, 0x01, 0xdd, 0x10, 0x00, 0x00, 0x0a, 0xf3, 0x00, 0x00, 0x00, 0x0d, 0xff,
    0xff, 0xff, 0xf4, 0x9f, 0xff, 0xff, 0xff, 0xf7, 0x00, 0x00, 0xda, 0x00, 0x00, 0x00,
    0x00, 0xda, 0x00, 0x00, 0x00, 0x00, 0xda, 0x00, 0x00, 0x00, 0x00, 0xda, 0x00, 0x00,
    0x00, 0x00, 0xda, 0x00, 0x00, 0x00, 0x00, 0xda, 0x00, 0x00, 0x00, 0x00, 0xda, 0x00,
    0x00, 0x00, 0x00, 0xda, 0x00, 0x00, 0x00, 0x00, 0xda, 0x00, 0x00, 0x00, 0x00, 0xda,
    0x00, 0x00, 0x00, 0x00, 0xda, 0x00, 0x00, 0xaf, 0x30, 0x00, 0x00, 0x8f, 0x31, 0xeb,
    0x00, 0x00, 0x2f, 0x80, 0x05, 0xf5, 0x00, 0x0a, 0xd1, 0x00, 0x0b, 0xd1, 0x04, 0xf4,
    0x00, 0x00, 0x2e, 0x91, 0xd9, 0x00, 0x00, 0x00, 0x7f, 0xdd, 0x10, 0x00, 0x00, 0x00,
    0xcf, 0x40, 0x00, 0x00, 0x00, 0x08, 0xf0, 0x00, 0x00, 0x00, 0x00, 0x8f, 0x00, 0x00,
    0x00, 0x00, 0x08, 0xf0, 0x00, 0x00, 0x00, 0x00, 0x8f, 0x00, 0x00, 0x00, 0x00, 0x08,
    0xf0, 0x00, 0x00, 0x00, 0x00, 0x06, 0xf2, 0x00, 0x00, 0x00, 0x00, 0x00, 0x6f, 0x20,
    0x00, 0x00, 0x00, 0x29, 0xdf, 0xfe, 0xc8, 0x10, 0x00, 0x5f, 0x93, 0x6f, 0x33, 0xbe,
    0x20, 0x1e, 0xa0, 0x06, 0xf2, 0x00, 0xdc, 0x04, 0xf5, 0x00, 0x6f, 0x20, 0x08, 0xf1,
    0x4f, 0x50, 0x06, 0xf2, 0x00, 0x8f, 0x11, 0xea, 0x00, 0x6f, 0x20, 0x0d, 0xc0, 0x05,
    0xfa, 0x36, 0xf3, 0x4b, 0xe3, 0x00, 0x02, 0x9d, 0xff, 0xec, 0x71, 0x00, 0x00, 0x00,
    0x06, 0xf2, 0x00, 0x00, 0x00, 0x00, 0x00, 0x6f, 0x20, 0x00, 0x00, 0x2e, 0xb0, 0x00,
    0x00, 0xbd, 0x10, 0x6f, 0x50, 0x00, 0x6f, 0x30, 0x00, 0xbd, 0x10, 0x2e, 0x80, 0x00,
    0x02, 0xe9, 0x0b, 0xc0, 0x00, 0x00, 0x06, 0xfb, 0xe2, 0x00, 0x00, 0x00, 0x0b, 0xf7,
    0x00, 0x00, 0x00, 0x01, 0xef, 0xc0, 0x00, 0x00, 0x00, 0xbe, 0x7f, 0x80, 0x00, 0x00,
    0x7f, 0x60, 0xbf, 0x30, 0x00, 0x3f, 0xa0, 0x02, 0xed, 0x00, 0x0c, 0xd1, 0x00, 0x05,
    0xf8, 0x09, 0xf4, 0x00, 0x00, 0x0a, 0xf4, 0x0f, 0x80, 0x01, 0xf7, 0x00, 0x2f, 0x60,
    0xf8, 0x00, 0x1f, 0x70, 0x02, 0xf6, 0x0f, 0x80, 0x01, 0xf7, 0x00, 0x2f, 0x60, 0xf8,
    0x00, 0x1f, 0x70, 0x03, 0xf5, 0x0d, 0xa0, 0x01, 0xf7, 0x00, 0x4f, 0x40, 0x9e, 0x10,
    0x1f, 0x70, 0x0a, 0xe1, 0x02, 0xdd, 0x52, 0xf7, 0x3a, 0xf5, 0x00, 0x01, 0x8d, 0xff,
    0xfe, 0xa4, 0x00, 0x00, 0x00, 0x01, 0xf7, 0x00, 0x00, 0x00, 0x00, 0x00, 0x1f, 0x70,
    0x00, 0x00, 0x00, 0x00, 0x01, 0xf7, 0x00, 0x00, 0x00, 0x00, 0x00, 0x1f, 0x70, 0x00,
    0x00, 0x00, 0x05, 0xbe, 0xec, 0x50, 0x00, 0x00, 0x8e, 0x61, 0x16, 0xf8, 0x00, 0x04,
    0xf6, 0x00, 0x00, 0x6f, 0x40, 0x0b, 0xd0, 0x00, 0x00, 0x0d, 0xa0, 0x0f, 0x90, 0x00,
    0x00, 0x09, 0xe0, 0x1f, 0x70, 0x00, 0x00, 0x08, 0xf1, 0x1f, 0x80, 0x00, 0x00, 0x08,
    0xf0, 0x0d, 0xa0, 0x00, 0x00, 0x0a, 0xd0, 0x08, 0xe1, 0x00, 0x00, 0x0e, 0x80, 0x01,
    0xe8, 0x00, 0x00, 0x8e, 0x10, 0x00, 0x4e, 0x80, 0x08, 0xe3, 0x00, 0x4f, 0xff, 0xf3,
    0x4f, 0xff, 0xf3, 0xf8, 0x1f, 0x60, 0x00, 0x00, 0x08, 0xf0, 0x00, 0x8f, 0x00, 0x08,
    0xf0, 0x00, 0x8f, 0x00, 0x08, 0xf0, 0x00, 0x8f, 0x00, 0x08, 0xf0, 0x00, 0x8f, 0x00,
    0x08, 0xf0, 0x00, 0x8f, 0x00, 0x08, 0xf0, 0x00, 0x8f, 0x00, 0x00, 0x0d, 0x90, 0xf7,
    0x00, 0x00, 0x00, 0x00, 0x00, 0x00, 0x00, 0xaf, 0x30, 0x00, 0x00, 0x8f, 0x31, 0xeb,
    0x00, 0x00, 0x2f, 0x80, 0x05, 0xf5, 0x00, 0x0a, 0xd1, 0x00, 0x0b, 0xd1, 0x04, 0xf4,
    0x00, 0x00, 0x2e, 0x91, 0xd9, 0x00, 0x00, 0x00, 0x7f, 0xdd, 0x10, 0x00, 0x00, 0x00,
    0xcf, 0x40, 0x00, 0x00, 0x00, 0x08, 0xf0, 0x00, 0x00, 0x00, 0x00, 0x8f, 0x00, 0x00,
    0x00, 0x00, 0x08, 0xf0, 0x00, 0x00, 0x00, 0x00, 0x8f, 0x00, 0x00, 0x00, 0x00, 0x08,
    0xf0, 0x00, 0x00, 0x00, 0x00, 0x9e, 0x20, 0x00, 0x00, 0x2e, 0x40, 0x00, 0x00, 0x00,
    0x00, 0x00, 0x00, 0x19, 0xee, 0x91, 0xe8, 0x0a, 0xe4, 0x18, 0xcf, 0x42, 0xf7, 0x00,
    0x0d, 0xf1, 0x5f, 0x30, 0x00, 0x9d, 0x06, 0xf2, 0x00, 0x08, 0xa0, 0x5f, 0x30, 0x00,
    0x9c, 0x02, 0xf7, 0x00, 0x0d, 0xf0, 0x09, 0xe3, 0x19, 0xdf, 0x30, 0x19, 0xee, 0xa1,
    0xe7, 0x00, 0x05, 0xf5, 0x00, 0x00, 0xd7, 0x00, 0x00, 0x00, 0x00, 0x00, 0x2b, 0xee,
    0x80, 0x0b, 0xb1, 0x4c, 0x20, 0xe6, 0x00, 0x00, 0x0b, 0xc2, 0x00, 0x00, 0x4f, 0xf9,
    0x00, 0x1e, 0xb1, 0x00, 0x03, 0xf4, 0x00, 0x00, 0x1e, 0xa1, 0x3b, 0x50, 0x3c, 0xee,
    0xa2, 0x00, 0x00, 0x9e, 0x20, 0x00, 0x00, 0x2e, 0x40, 0x00, 0x00, 0x00, 0x00, 0x00,
    0x00, 0xe7, 0xae, 0xe9, 0x10, 0x0e, 0xf9, 0x13, 0xe8, 0x00, 0xed, 0x00, 0x0a, 0xc0,
    0x0e, 0x90, 0x00, 0x9c, 0x00, 0xe8, 0x00, 0x09, 0xc0, 0x0e, 0x80, 0x00, 0x9c, 0x00,
    0xe8, 0x00, 0x09, 0xc0, 0x0e, 0x80, 0x00, 0x9c, 0x00, 0xe8, 0x00, 0x09, 0xc0, 0x00,
    0x00, 0x00, 0x9c, 0x00, 0x00, 0x00, 0x09, 0xc0, 0x00, 0x00, 0x00, 0x9c, 0x00, 0x07,
    0xf4, 0x1e, 0x60, 0x00, 0x00, 0x0e, 0x70, 0x0e, 0x70, 0x0e, 0x70, 0x0e, 0x70, 0x0e,
    0x70, 0x0e, 0x70, 0x0e, 0x70, 0x0e, 0x70, 0x0e, 0x70, 0x00, 0x00, 0xc7, 0x00, 0x00,
    0x7e, 0x5b, 0x2f, 0x40, 0x00, 0x00, 0x00, 0x00, 0x00, 0xe7, 0x00, 0x0a, 0xb0, 0x0e,
    0x70, 0x00, 0xab, 0x00, 0xe7, 0x00, 0x0a, 0xb0, 0x0e, 0x70, 0x00, 0xab, 0x00, 0xe7,
    0x00, 0x0a, 0xb0, 0x0e, 0x70, 0x00, 0xba, 0x00, 0xca, 0x00, 0x0d, 0x80, 0x06, 0xf5,
    0x17, 0xf3, 0x00, 0x07, 0xde, 0xc4, 0x00, 0x01, 0x9e, 0xe9, 0x1e, 0x80, 0xae, 0x41,
    0x8c, 0xf4, 0x2f, 0x70, 0x00, 0xdf, 0x15, 0xf3, 0x00, 0x09, 0xd0, 0x6f, 0x20, 0x00,
    0x8a, 0x05, 0xf3, 0x00, 0x09, 0xc0, 0x2f, 0x70, 0x00, 0xdf, 0x00, 0x9e, 0x31, 0x9d,
    0xf3, 0x01, 0x9e, 0xea, 0x1e, 0x70, 0x00, 0x5c, 0xed, 0x60, 0x00, 0x5e, 0x51, 0x5e,
    0x50, 0x0b, 0x90, 0x00, 0x9b, 0x00, 0xd8, 0x00, 0x09, 0xb0, 0x0e, 0x80, 0x16, 0xe4,
    0x00, 0xe8, 0x4f, 0xe6, 0x00, 0x0e, 0x80, 0x14, 0xda, 0x00, 0xe8, 0x00, 0x04, 0xf4,
    0x0e, 0x90, 0x00, 0x0f, 0x70, 0xec, 0x00, 0x02, 0xf5, 0x0e, 0xf9, 0x12, 0xbd, 0x00,
    0xe8, 0x9e, 0xfb, 0x20, 0x0e, 0x80, 0x00, 0x00, 0x00, 0xe8, 0x00, 0x00, 0x00, 0x0e,
    0x80, 0x00, 0x00, 0x00, 0x9d, 0x00, 0x00, 0xca, 0x4f, 0x30, 0x02, 0xf4, 0x0e, 0x80,
    0x07, 0xe0, 0x09, 0xd0, 0x0c, 0x90, 0x04, 0xf3, 0x3f, 0x40, 0x00, 0xe8, 0x8e, 0x00,
    0x00, 0x9d, 0xd8, 0x00, 0x00, 0x4f, 0xf3, 0x00, 0x00, 0x0d, 0xd0, 0x00, 0x00, 0x0b,
    0xb0, 0x00, 0x00, 0x0b, 0xb0, 0x00, 0x00, 0x0b, 0xb0, 0x00, 0x0a, 0xff, 0xff, 0xf9,
    0x00, 0x2c, 0xb1, 0x00, 0x00, 0x00, 0x19, 0xe5, 0x00, 0x00, 0x08, 0xef, 0xf7, 0x00,
    0x09, 0xe4, 0x15, 0xe7, 0x02, 0xf7, 0x00, 0x08, 0xe1, 0x5f, 0x20, 0x00, 0x3f, 0x46,
    0xf0, 0x00, 0x02, 0xf5, 0x4f, 0x20, 0x00, 0x3f, 0x41, 0xe7, 0x00, 0x07, 0xe1, 0x08,
    0xe5, 0x15, 0xe7, 0x00, 0x08, 0xdf, 0xd6, 0x00, 0x02, 0xbe, 0xe8, 0x00, 0xbb, 0x14,
    0xc2, 0x0e, 0x60, 0x00, 0x00, 0xbc, 0x20, 0x00, 0x04, 0xff, 0x90, 0x01, 0xeb, 0x10,
    0x00, 0x3f, 0x40, 0x00, 0x01, 0xea, 0x13, 0xb5, 0x03, 0xce, 0xea, 0x20, 0x03, 0xff,
    0xff, 0xe0, 0x00, 0x07, 0xe3, 0x00, 0x09, 0xd2, 0x00, 0x06, 0xf3, 0x00, 0x02, 0xf7,
    0x00, 0x00, 0xad, 0x00, 0x00, 0x1f, 0x70, 0x00, 0x05, 0xf2, 0x00, 0x00, 0x6f, 0x00,
    0x00, 0x05, 0xf1, 0x00, 0x00, 0x1e, 0x91, 0x00, 0x00, 0x4c, 0xfe, 0xb2, 0x00, 0x00,
    0x2c, 0xa0, 0x00, 0x01, 0xc9, 0x00, 0x01, 0xe9, 0x10, 0x0e, 0x7a, 0xee, 0x91, 0x00,
    0xef, 0x91, 0x3e, 0x80, 0x0e, 0xd0, 0x00, 0xac, 0x00, 0xe9, 0x00, 0x09, 0xc0, 0x0e,
    0x80, 0x00, 0x9c, 0x00, 0xe8, 0x00, 0x09, 0xc0, 0x0e, 0x80, 0x00, 0x9c, 0x00, 0xe8,
    0x00, 0x09, 0xc0, 0x0e, 0x80, 0x00, 0x9c, 0x00, 0x00, 0x00, 0x09, 0xc0, 0x00, 0x00,
    0x00, 0x9c, 0x00, 0x00, 0x00, 0x09, 0xc0, 0x00, 0x6d, 0xfc, 0x50, 0x00, 0x5f, 0x51,
    0x6f, 0x30, 0x0c, 0x90, 0x00, 0xaa, 0x01, 0xf5, 0x00, 0x06, 0xe0, 0x3f, 0x30, 0x00,
    0x5f, 0x24, 0xff, 0xff, 0xff, 0xf2, 0x4f, 0x30, 0x00, 0x4f, 0x23, 0xf4, 0x00, 0x05,
    0xf2, 0x1f, 0x60, 0x00, 0x8e, 0x00, 0xcb, 0x00, 0x0c, 0xa0, 0x05, 0xf6, 0x17, 0xf3,
    0x00, 0x06, 0xdf, 0xc5, 0x00, 0x0e, 0x70, 0x0e, 0x70, 0x0e, 0x70, 0x0e, 0x70, 0x0e,
    0x70, 0x0e, 0x70, 0x0e, 0x70, 0x0e, 0x70, 0x0e, 0x70, 0x0e, 0x70, 0x0a, 0xe3, 0x0e,
    0x70, 0xae, 0x40, 0x0e, 0x7a, 0xe4, 0x00, 0x0e, 0xef, 0x40, 0x00, 0x0e, 0xde, 0x80,
    0x00, 0x0e, 0x75, 0xf5, 0x00, 0x0e, 0x70, 0x9e, 0x20, 0x0e, 0x70, 0x1d, 0xc0, 0x0e,
    0x70, 0x03, 0xf9, 0x00, 0xca, 0x00, 0x00, 0x00, 0x8f, 0x10, 0x00, 0x00, 0x3f, 0x60,
    0x00, 0x00, 0x0e, 0xb0, 0x00, 0x00, 0x0d, 0xf2, 0x00, 0x00, 0x4e, 0xe7, 0x00, 0x00,
    0xaa, 0xad, 0x00, 0x01, 0xf4, 0x4f, 0x30, 0x07, 0xe0, 0x0e, 0x80, 0x0d, 0x90, 0x09,
    0xd0, 0x3f, 0x30, 0x03, 0xf4, 0x9d, 0x00, 0x00, 0xd9, 0x0b, 0xa0, 0x00, 0x6e, 0x00,
    0xba, 0x00, 0x06, 0xe0, 0x0b, 0xa0, 0x00, 0x6e, 0x00, 0xba, 0x00, 0x06, 0xe0, 0x0b,
    0xa0, 0x00, 0x6e, 0x00, 0xba, 0x00, 0x07, 0xe0, 0x0b, 0xd0, 0x00, 0x9e, 0x00, 0xbf,
    0x71, 0x5f, 0xe0, 0x0b, 0xcc, 0xec, 0x9e, 0x00, 0xba, 0x00, 0x00, 0x00, 0x0b, 0xa0,
    0x00, 0x00, 0x00, 0xba, 0x00, 0x00, 0x00, 0x9d, 0x00, 0x00, 0xca, 0x4f, 0x30, 0x02,
    0xf4, 0x0e, 0x80, 0x07, 0xe0, 0x09, 0xd0, 0x0c, 0x90, 0x03, 0xf3, 0x2f, 0x40, 0x00,
    0xd7, 0x7d, 0x00, 0x00, 0x8c, 0xc8, 0x00, 0x00, 0x2f, 0xf3, 0x00, 0x00, 0x0c, 0xd0,
    0x00, 0x00, 0x7d, 0xff, 0x00, 0x8d, 0x31, 0x00, 0x0c, 0x80, 0x00, 0x00, 0x8d, 0x30,
    0x00, 0x00, 0x7f, 0xfe, 0x00, 0x1c, 0xc4, 0x10, 0x0a, 0xd1, 0x00, 0x02, 0xf5, 0x00,
    0x00, 0x4f, 0x30, 0x00, 0x02, 0xf5, 0x00, 0x00, 0x0a, 0xd4, 0x00, 0x00, 0x08, 0xdf,
    0xc3, 0x00, 0x00, 0x1b, 0xc0, 0x00, 0x01, 0xba, 0x00, 0x01, 0xd9, 0x10, 0x00, 0x7d,
    0xfd, 0x60, 0x00, 0x9e, 0x41, 0x5f, 0x70, 0x2f, 0x60, 0x00, 0x8e, 0x16, 0xf1, 0x00,
    0x04, 0xf4, 0x7f, 0x00, 0x00, 0x3f, 0x46, 0xf1, 0x00, 0x04, 0xf3, 0x2f, 0x60, 0x00,
    0x8e, 0x00, 0xae, 0x41, 0x5f, 0x70, 0x00, 0x8d, 0xfc, 0x60, 0x00, 0xaf, 0xff, 0xff,
    0xff, 0xff, 0xb0, 0x07, 0xe0, 0x00, 0x9c, 0x00, 0x00, 0x7e, 0x00, 0x09, 0xc0, 0x00,
    0x07, 0xe0, 0x00, 0x9c, 0x00, 0x00, 0x7e, 0x00, 0x09, 0xc0, 0x00, 0x07, 0xe0, 0x00,
    0x9c, 0x00, 0x00, 0x7e, 0x00, 0x09, 0xc0, 0x00, 0x07, 0xe0, 0x00, 0x9c, 0x00, 0x00,
    0x7e, 0x00, 0x09, 0xc0, 0x00, 0x00, 0x5c, 0xfd, 0x80, 0x00, 0x4f, 0x71, 0x3d, 0xa0,
    0x0a, 0xc0, 0x00, 0x4f, 0x30, 0xd8, 0x00, 0x00, 0xf7, 0x0e, 0x70, 0x00, 0x0e, 0x80,
    0xf8, 0x00, 0x00, 0xf7, 0x0f, 0xc0, 0x00, 0x4f, 0x30, 0xff, 0x71, 0x3d, 0xa0, 0x0f,
    0x9b, 0xee, 0x91, 0x00, 0xf7, 0x00, 0x00, 0x00, 0x0f, 0x70, 0x00, 0x00, 0x00, 0xf7,
    0x00, 0x00, 0x00, 0x00, 0x18, 0xdf, 0xd5, 0x01, 0xda, 0x20, 0x21, 0x0a, 0xc0, 0x00,
    0x00, 0x1f, 0x40, 0x00, 0x00, 0x4f, 0x20, 0x00, 0x00, 0x4f, 0x20, 0x00, 0x00, 0x1e,
    0x70, 0x00, 0x00, 0x07, 0xf8, 0x10, 0x00, 0x00, 0x5c, 0xfb, 0x40, 0x00, 0x00, 0x19,
    0xf1, 0x00, 0x01, 0x19, 0xe1, 0x00, 0x0d, 0xec, 0x40, 0x00, 0x7d, 0xff, 0xff, 0xf8,
    0x09, 0xe4, 0x15, 0xe9, 0x00, 0x2f, 0x60, 0x00, 0x8f, 0x10, 0x6f, 0x10, 0x00, 0x4f,
    0x40, 0x7f, 0x00, 0x00, 0x2f, 0x40, 0x6f, 0x10, 0x00, 0x4f, 0x30, 0x2f, 0x60, 0x00,
    0x8e, 0x00, 0x0a, 0xe4, 0x15, 0xe6, 0x00, 0x00, 0x8d, 0xfd, 0x60, 0x00, 0xaf, 0xff,
    0xfe, 0x00, 0x7e, 0x00, 0x00, 0x7e, 0x00, 0x00, 0x7e, 0x00, 0x00, 0x7e, 0x00, 0x00,
    0x7e, 0x00, 0x00, 0x7e, 0x00, 0x00, 0x7e, 0x00, 0x00, 0x7e, 0x00, 0x0e, 0x70, 0x00,
    0xab, 0x00, 0xe7, 0x00, 0x0a, 0xb0, 0x0e, 0x70, 0x00, 0xab, 0x00, 0xe7, 0x00, 0x0a,
    0xb0, 0x0e, 0x70, 0x00, 0xab, 0x00, 0xe7, 0x00, 0x0b, 0xa0, 0x0c, 0xa0, 0x00, 0xd8,
    0x00, 0x6f, 0x51, 0x7f, 0x30, 0x00, 0x7d, 0xec, 0x40, 0x00, 0x00, 0x00, 0x00, 0x00,
    0x00, 0x00, 0x9b, 0x1c, 0xfc, 0x40, 0x0a, 0xc2, 0x6f, 0x27, 0xe2, 0x2f, 0x40, 0x7e,
    0x00, 0xd8, 0x6f, 0x10, 0x7e, 0x00, 0xbb, 0x6f, 0x10, 0x7e, 0x00, 0xbc, 0x4f, 0x30,
    0x7e, 0x00, 0xd9, 0x1e, 0x90, 0x7e, 0x04, 0xf3, 0x05, 0xf8, 0x8e, 0x4e, 0x80, 0x00,
    0x4c, 0xff, 0xc5, 0x00, 0x00, 0x00, 0x7e, 0x00, 0x00, 0x00, 0x00, 0x7e, 0x00, 0x00,
    0x00, 0x00, 0x7e, 0x00, 0x00, 0x5f, 0x30, 0x00, 0xbc, 0x00, 0xca, 0x00, 0x4f, 0x40,
    0x05, 0xf3, 0x0c, 0xb0, 0x00, 0x0c, 0xb5, 0xf3, 0x00, 0x00, 0x4f, 0xea, 0x00, 0x00,
    0x00, 0xbf, 0x30, 0x00, 0x00, 0x0d, 0xf5, 0x00, 0x00, 0x07, 0xfc, 0xd0, 0x00, 0x01,
    0xe9, 0x3f, 0x60, 0x00, 0x8e, 0x10, 0xad, 0x00, 0x1e, 0x80, 0x02, 0xf7, 0x09, 0xe1,
    0x00, 0x09, 0xe1, 0x1f, 0x50, 0x0f, 0x60, 0x0e, 0x71, 0xf5, 0x00, 0xf6, 0x00, 0xe7,
    0x1f, 0x50, 0x0f, 0x60, 0x0e, 0x71, 0xf5, 0x00, 0xf6, 0x00, 0xe7, 0x1f, 0x50, 0x0f,
    0x60, 0x0e, 0x70, 0xf6, 0x00, 0xf6, 0x00, 0xf6, 0x0d, 0x90, 0x0f, 0x60, 0x3f, 0x30,
    0x5f, 0x71, 0xf7, 0x4d, 0xb0, 0x00, 0x5b, 0xef, 0xfd, 0x80, 0x00, 0x00, 0x00, 0xf6,
    0x00, 0x00, 0x00, 0x00, 0x0f, 0x60, 0x00, 0x00, 0x00, 0x00, 0xf6, 0x00, 0x00, 0x05,
    0xf2, 0x00, 0x00, 0x09, 0xc0, 0x00, 0xbb, 0x00, 0x00, 0x00, 0x3f, 0x30, 0x1f, 0x60,
    0x07, 0xe0, 0x00, 0xe8, 0x03, 0xf3, 0x00, 0x7e, 0x00, 0x0b, 0xb0, 0x4f, 0x20, 0x07,
    0xe0, 0x00, 0xac, 0x03, 0xf3, 0x00, 0x7f, 0x00, 0x0a, 0xb0, 0x1f, 0x60, 0x09, 0xf2,
    0x00, 0xd8, 0x00, 0x9d, 0x24, 0xe9, 0xa1, 0x7f, 0x30, 0x01, 0xaf, 0xd4, 0x09, 0xed,
    0x50, 0x00, 0x5f, 0x27, 0xf0, 0x00, 0x00, 0x00, 0x00, 0xe7, 0x00, 0x00, 0xe7, 0x00,
    0x00, 0xe7, 0x00, 0x00, 0xe7, 0x00, 0x00, 0xe7, 0x00, 0x00, 0xe7, 0x00, 0x00, 0xe7,
    0x00, 0x00, 0xe7, 0x00, 0x00, 0xe7, 0x00, 0x00, 0xac, 0x0b, 0xb0, 0x00, 0x00, 0x00,
    0x00, 0x00, 0x0e, 0x70, 0x00, 0xab, 0x00, 0xe7, 0x00, 0x0a, 0xb0, 0x0e, 0x70, 0x00,
    0xab, 0x00, 0xe7, 0x00, 0x0a, 0xb0, 0x0e, 0x70, 0x00, 0xab, 0x00, 0xe7, 0x00, 0x0b,
    0xa0, 0x0c, 0xa0, 0x00, 0xd8, 0x00, 0x6f, 0x51, 0x7f, 0x30, 0x00, 0x7d, 0xec, 0x40,
    0x00, 0x00, 0x00, 0x9e, 0x20, 0x00, 0x00, 0x2e, 0x40, 0x00, 0x00, 0x00, 0x00, 0x00,
    0x00, 0x07, 0xdf, 0xd6, 0x00, 0x09, 0xe4, 0x15, 0xf7, 0x02, 0xf6, 0x00, 0x08, 0xe1,
    0x6f, 0x10, 0x00, 0x4f, 0x47, 0xf0, 0x00, 0x03, 0xf4, 0x6f, 0x10, 0x00, 0x4f, 0x32,
    0xf6, 0x00, 0x08, 0xe0, 0x0a, 0xe4, 0x15, 0xf7, 0x00, 0x08, 0xdf, 0xc6, 0x00, 0x00,
    0x00, 0xbd, 0x10, 0x00, 0x00, 0x4e, 0x20, 0x00, 0x00, 0x00, 0x00, 0x00, 0x00, 0xe7,
    0x00, 0x0a, 0xb0, 0x0e, 0x70, 0x00, 0xab, 0x00, 0xe7, 0x00, 0x0a, 0xb0, 0x0e, 0x70,
    0x00, 0xab, 0x00, 0xe7, 0x00, 0x0a, 0xb0, 0x0e, 0x70, 0x00, 0xba, 0x00, 0xca, 0x00,
    0x0d, 0x80, 0x06, 0xf5, 0x17, 0xf3, 0x00, 0x07, 0xde, 0xc4, 0x00, 0x00, 0x00, 0x00,
    0xbd, 0x10, 0x00, 0x00, 0x00, 0x00, 0x4e, 0x20, 0x00, 0x00, 0x00, 0x00, 0x00, 0x00,
    0x00, 0x00, 0x00, 0x5f, 0x20, 0x00, 0x00, 0x9c, 0x00, 0x0b, 0xb0, 0x00, 0x00, 0x03,
    0xf3, 0x01, 0xf6, 0x00, 0x7e, 0x00, 0x0e, 0x80, 0x3f, 0x30, 0x07, 0xe0, 0x00, 0xbb,
    0x04, 0xf2, 0x00, 0x7e, 0x00, 0x0a, 0xc0, 0x3f, 0x30, 0x07, 0xf0, 0x00, 0xab, 0x01,
    0xf6, 0x00, 0x9f, 0x20, 0x0d, 0x80, 0x09, 0xd2, 0x4e, 0x9a, 0x17, 0xf3, 0x00, 0x1a,
    0xfd, 0x40, 0x9e, 0xd5, 0x00, 0x0c, 0xa0, 0x00, 0x03, 0xed, 0x10, 0xca, 0x00, 0x03,
    0xed, 0x10, 0x0c, 0xa0, 0x03, 0xed, 0x10, 0x00, 0xca, 0x03, 0xed, 0x10, 0x00, 0x0c,
    0xa2, 0xed, 0x10, 0x00, 0x00, 0xcc, 0xef, 0xe2, 0x00, 0x00, 0x0c, 0xfd, 0x4e, 0xc0,
    0x00, 0x00, 0xce, 0x20, 0x6f, 0x70, 0x00, 0x0c, 0xa0, 0x00, 0xbf, 0x30, 0x00, 0xca,
    0x00, 0x02, 0xec, 0x00, 0x0c, 0xa0, 0x00, 0x07, 0xf8, 0x00, 0xca, 0x00, 0x00, 0x2f,
    0xe1, 0x00, 0x00, 0x00, 0x1d, 0xc2, 0x00, 0x00, 0x00, 0x1c, 0xa1, 0x00, 0x00, 0x00,
    0x0a, 0x70, 0x00, 0x00, 0x00, 0x3c, 0xed, 0x60, 0x00, 0x2e, 0x91, 0x4f, 0x30, 0x09,
    0xf5, 0x12, 0xf4, 0x00, 0xdb, 0xce, 0xe8, 0x00, 0x1f, 0x60, 0x00, 0x00, 0x02, 0xf7,
    0xae, 0xe9, 0x10, 0x2f, 0xf8, 0x13, 0xda, 0x01, 0xfd, 0x00, 0x05, 0xf2, 0x0e, 0xb0,
    0x00, 0x3f, 0x40, 0x9d, 0x00, 0x05, 0xf2, 0x03, 0xf8, 0x13, 0xda, 0x00, 0x04, 0xcf,
    0xe9, 0x10, 0x00, 0x2a, 0xee, 0x70, 0x00, 0x0b, 0xc1, 0x4f, 0x50, 0x01, 0xf6, 0x00,
    0xac, 0x00, 0x0e, 0x80, 0x07, 0xf0, 0x00, 0x7f, 0x82, 0x6f, 0x10, 0x00, 0x4a, 0xdf,
    0xfb, 0xae, 0xb0, 0x00, 0x6f, 0x03, 0x4f, 0x30, 0x08, 0xd0, 0x06, 0xf2, 0x00, 0xba,
    0x00, 0x8e, 0x00, 0x3f, 0x40, 0x06, 0xf2, 0x2d, 0x90, 0x00, 0x09, 0xee, 0x80, 0x00,
    0x8f, 0x40, 0x00, 0x00, 0x3d, 0xe9, 0x10, 0xcc, 0x00, 0x00, 0x1d, 0x81, 0x50, 0x03,
    0xf7, 0x00, 0x08, 0xd0, 0x00, 0x00, 0x07, 0xe2, 0x02, 0xf4, 0x00, 0x00, 0x00, 0x0c,
    0xa0, 0xba, 0x00, 0x00, 0x00, 0x00, 0x2e, 0x8e, 0x10, 0x00, 0x00, 0x00, 0x00, 0x7f,
    0x60, 0x00, 0x00, 0x00, 0x00, 0x04, 0xf4, 0x00, 0x00, 0x00, 0x00, 0x00, 0x4f, 0x40,
    0x00, 0x00, 0x00, 0x00, 0x04, 0xf4, 0x00, 0x00, 0x00, 0x00, 0x00, 0x4f, 0x40, 0x00,
    0x00, 0x00, 0x00, 0x04, 0xf4, 0x00, 0x00, 0x00, 0x3f, 0x78, 0xf3, 0x00, 0x00, 0x04,
    0xee, 0x91, 0xb9, 0x00, 0xdc, 0x00, 0x00, 0x1e, 0x81, 0x50, 0x00, 0x00, 0x3f, 0x70,
    0x00, 0x9c, 0x00, 0x00, 0x00, 0x00, 0x08, 0xe2, 0x03, 0xf3, 0x00, 0x00, 0x00, 0x00,
    0x00, 0xc9, 0x0b, 0x90, 0x00, 0x00, 0x00, 0x00, 0x00, 0x3f, 0x8e, 0x10, 0x00, 0x00,
    0x00, 0x00, 0x00, 0x07, 0xf6, 0x00, 0x00, 0x00, 0x00, 0x00, 0x00, 0x04, 0xf3, 0x00,
    0x00, 0x00, 0x00, 0x00, 0x00, 0x04, 0xf3, 0x00, 0x00, 0x00, 0x00, 0x00, 0x00, 0x04,
    0xf3, 0x00, 0x00, 0x00, 0x00, 0x00, 0x00, 0x04, 0xf3, 0x00, 0x00, 0x00, 0x00, 0x00,
    0x00, 0x04, 0xf3, 0x00, 0x00, 0x00, 0x00, 0x0b, 0xc0, 0xca, 0x00, 0x00, 0x00, 0x00,
    0x00, 0x00, 0x00, 0x00, 0x00, 0x8f, 0x40, 0x00, 0x00, 0x3d, 0xe9, 0x10, 0xcc, 0x00,
    0x00, 0x1d, 0x81, 0x50, 0x03, 0xf7, 0x00, 0x08, 0xd0, 0x00, 0x00, 0x07, 0xe2, 0x02,
    0xf4, 0x00, 0x00, 0x00, 0x0c, 0xa0, 0xba, 0x00, 0x00, 0x00, 0x00, 0x2e, 0x8e, 0x10,
    0x00, 0x00, 0x00, 0x00, 0x7f, 0x60, 0x00, 0x00, 0x00, 0x00, 0x04, 0xf4, 0x00, 0x00,
    0x00, 0x00, 0x00, 0x4f, 0x40, 0x00, 0x00, 0x00, 0x00, 0x04, 0xf4, 0x00, 0x00, 0x00,
    0x00, 0x00, 0x4f, 0x40, 0x00, 0x00, 0x00, 0x00, 0x04, 0xf4, 0x00, 0x00, 0x00, 0x00,
    0x03, 0xf3, 0x00, 0x00, 0x00, 0x3f, 0x30, 0x00, 0x00, 0x03, 0xf3, 0x00, 0x00, 0x07,
    0xdf, 0xd7, 0x00, 0x08, 0xe6, 0xf6, 0xe8, 0x01, 0xf6, 0x3f, 0x37, 0xe1, 0x4f, 0x23,
    0xf3, 0x3f, 0x46, 0xf1, 0x3f, 0x31, 0xf5, 0x4f, 0x23, 0xf3, 0x3f, 0x41, 0xf6, 0x3f,
    0x37, 0xe1, 0x09, 0xe6, 0xf6, 0xe8, 0x00, 0x08, 0xef, 0xe8, 0x00, 0x00, 0x03, 0xf3,
    0x00, 0x00, 0x00, 0x3f, 0x30, 0x00, 0x00, 0x03, 0xf3, 0x00, 0x00, 0x5f, 0xff, 0xff,
    0xff, 0xff, 0xfc, 0x00, 0xca, 0x00, 0x00, 0x00, 0x2f, 0x40, 0x1f, 0x60, 0x07, 0xe0,
    0x00, 0xd9, 0x03, 0xf3, 0x00, 0x7e, 0x00, 0x0b, 0xb0, 0x4f, 0x20, 0x07, 0xe0, 0x00,
    0xac, 0x03, 0xf3, 0x00, 0x7f, 0x00, 0x0a, 0xb0, 0x1e, 0x60, 0x09, 0xf2, 0x00, 0xd8,
    0x00, 0x9d, 0x24, 0xd8, 0xa1, 0x7f, 0x20, 0x01, 0xae, 0xd4, 0x09, 0xed, 0x50, 0x00,
    0x5e, 0xc2, 0x00, 0x2e, 0xb0, 0x01, 0xd8, 0x01, 0xcd, 0x10, 0x00, 0xba, 0x09, 0xf5,
    0x00, 0x00, 0xab, 0x5f, 0xf5, 0x00, 0x00, 0xad, 0xec, 0xf5, 0x00, 0x00, 0xaf, 0xd3,
    0xf5, 0x00, 0x00, 0xbf, 0x41, 0xf5, 0x00, 0x05, 0xf7, 0x00, 0xe8, 0x10, 0x2e, 0xb0,
    0x00, 0x6e, 0xf1, 0x00, 0x00, 0x00, 0x05, 0xf1, 0x00, 0x00, 0x00, 0x18, 0xe0, 0x00,
    0x00, 0x00, 0xee, 0x60, 0x00, 0x04, 0xbe, 0xed, 0x71, 0x00, 0x00, 0x8e, 0x61, 0x14,
    0xcd, 0x20, 0x04, 0xf5, 0x00, 0x00, 0x0c, 0xc0, 0x0c, 0xc0, 0x00, 0x00, 0x04, 0xf4,
    0x1f, 0x80, 0x00, 0x00, 0x00, 0xe8, 0x3f, 0x60, 0x00, 0x00, 0x00, 0xda, 0x3f, 0x60,
    0x00, 0x00, 0x00, 0xda, 0x1f, 0x80, 0x00, 0x00, 0x00, 0xf9, 0x0c, 0xc0, 0x00, 0x00,
    0x05, 0xf4, 0x04, 0xf5, 0x00, 0x00, 0x0c, 0xc0, 0x00, 0x7e, 0x71, 0x03, 0xbd, 0x20,
    0x00, 0x04, 0xbf, 0xfd, 0x91, 0x00, 0x00, 0x00, 0x08, 0xf0, 0x00, 0x00, 0x00, 0x00,
    0x08, 0xf0, 0x00, 0x00, 0x00, 0x00, 0x08, 0xf0, 0x00, 0x00, 0x00, 0x7d, 0xfd, 0x60,
    0x00, 0x9d, 0x30, 0x5e, 0x60, 0x2f, 0x60, 0x00, 0x8e, 0x06, 0xf1, 0x00, 0x04, 0xf3,
    0x7f, 0x00, 0x00, 0x2f, 0x45, 0xf1, 0x00, 0x04, 0xf3, 0x2f, 0x60, 0x00, 0x8e, 0x00,
    0xae, 0x30, 0x5e, 0x70, 0x01, 0x9e, 0xfd, 0x70, 0x00, 0x00, 0x4f, 0x20, 0x00, 0x00,
    0x04, 0xf2, 0x00, 0x00, 0x00, 0x4f, 0x20, 0x00, 0x00, 0x07, 0xce, 0xec, 0x60, 0x00,
    0x01, 0xbd, 0x51, 0x15, 0xdb, 0x10, 0x08, 0xe2, 0x00, 0x00, 0x2d, 0x40, 0x0e, 0x90,
    0x00, 0x00, 0x00, 0x00, 0x1f, 0x60, 0x00, 0x00, 0x00, 0x00, 0x1f, 0x60, 0x00, 0x00,
    0x00, 0x00, 0x0e, 0x90, 0x00, 0x00, 0x00, 0x00, 0x09, 0xe2, 0x00, 0x00, 0x00, 0x00,
    0x01, 0xdd, 0x41, 0x00, 0x00, 0x00, 0x00, 0x18, 0xdf, 0xb0, 0x00, 0x00, 0x00, 0x00,
    0x0a, 0xb0, 0x00, 0x00, 0x00, 0x00, 0x0a, 0xb0, 0x00, 0x00, 0x00, 0x7d, 0xfd, 0x80,
    0x09, 0xe4, 0x13, 0xd7, 0x1f, 0x60, 0x00, 0x00, 0x4f, 0x20, 0x00, 0x00, 0x5f, 0x20,
    0x00, 0x00, 0x3f, 0x40, 0x00, 0x00, 0x0c, 0xc2, 0x00, 0x00, 0x02, 0xcf, 0xb7, 0x20,
    0x00, 0x03, 0x7d, 0xd1, 0x00, 0x00, 0x04, 0xf3, 0x03, 0x41, 0x19, 0xf1, 0x05, 0xde,
    0xec, 0x40, 0x0a, 0xff, 0xff, 0xff, 0xf1, 0x0a, 0xc0, 0x00, 0x00, 0x00, 0x0a, 0xc0,
    0x00, 0x00, 0x00, 0x0a, 0xc0, 0x00, 0x00, 0x00, 0x0a, 0xc0, 0x00, 0x00, 0x00, 0x0a,
    0xc0, 0x00, 0x00, 0x00, 0x0a, 0xff, 0xff, 0xff, 0x30, 0x0a, 0xc0, 0x00, 0x5f, 0x30,
    0x0a, 0xc0, 0x00, 0x5f, 0x30, 0x0a, 0xc0, 0x00, 0x00, 0x00, 0x0a, 0xc0, 0x00, 0x00,
    0x00, 0x0a, 0xc0, 0x00, 0x00, 0x00, 0x0e, 0xff, 0xfd, 0x0e, 0x70, 0x00, 0x0e, 0x70,
    0x00, 0x0e, 0xff, 0xf7, 0x0e, 0x70, 0xe7, 0x0e, 0x70, 0x00, 0x0e, 0x70, 0x00, 0x0e,
    0x70, 0x00, 0x0e, 0x70, 0x00, 0x0e, 0x70, 0x00, 0x0e, 0x70, 0x00, 0x0e, 0x70, 0x00,
    0xde, 0x80, 0x00, 0x00, 0x00, 0x12, 0xf3, 0x00, 0x00, 0x00, 0x00, 0xf4, 0x00, 0x00,
    0x30, 0x02, 0xf3, 0x00, 0x07, 0xb0, 0x04, 0xf1, 0x00, 0x6d, 0x90, 0x06, 0xf0, 0x17,
    0x1d, 0x70, 0x08, 0xd2, 0x71, 0x0f, 0x50, 0x0a, 0xd7, 0x00, 0x1f, 0x30, 0x0b, 0x70,
    0x00, 0x3f, 0x10, 0x04, 0x00, 0x00, 0x4f, 0x00, 0x00, 0x00, 0x00, 0x3f, 0x21, 0x00,
    0x00, 0x00, 0x07, 0xee, 0x00, 0xad, 0x00, 0x00, 0x00, 0x1e, 0x80, 0x00, 0x00, 0x06,
    0xf2, 0x00, 0x00, 0x00, 0xcc, 0x00, 0x00, 0x00, 0x2f, 0x60, 0x00, 0x00, 0x08, 0xff,
    0xff, 0xff, 0xe0, 0x00, 0x00, 0x00, 0xea, 0x00, 0x00, 0x00, 0x4f, 0x50, 0x00, 0x00,
    0x08, 0xf1, 0x00, 0x00, 0x00, 0xdb, 0x00, 0x00, 0x00, 0x2f, 0x60, 0x00, 0x00, 0x07,
    0xf1, 0x00, 0x01, 0x7c, 0xed, 0x81, 0x00, 0x00, 0x2d, 0x9e, 0x85, 0xed, 0x20, 0x00,
    0xb7, 0x0e, 0x70, 0x2e, 0xd1, 0x00, 0x20, 0x0e, 0x70, 0x04, 0xfa, 0x00, 0x00, 0x0e,
    0x70, 0x00, 0xaf, 0x30, 0x00, 0x0e, 0x70, 0x19, 0xef, 0xa0, 0x00, 0x00, 0x00, 0xac,
    0x29, 0xf1, 0x00, 0x00, 0x00, 0xf6, 0x05, 0xf4, 0x00, 0x00, 0x01, 0xf5, 0x02, 0xf6,
    0x00, 0x00, 0x01, 0xf5, 0x00, 0xf7, 0x00, 0x00, 0x01, 0xf5, 0x00, 0xf6, 0x00, 0x00,
    0x01, 0xf5, 0x02, 0xf4, 0x00, 0x00, 0x00, 0x00, 0x08, 0xd0, 0x00, 0x00, 0x01, 0x02,
    0x7f, 0x50, 0x00, 0x00, 0x2e, 0xec, 0x93, 0x00, 0x2a, 0xc3, 0x00, 0x00, 0x00, 0x5d,
    0xf8, 0x00, 0x00, 0x00, 0x1a, 0xfa, 0x00, 0x00, 0x00, 0x09, 0xf8, 0x00, 0x00, 0x01,
    0x7f, 0xf4, 0x00, 0x06, 0xec, 0x5f, 0xb0, 0x00, 0x34, 0x00, 0xaf, 0x20, 0x00, 0x00,
    0x4b, 0xf7, 0x00, 0x02, 0xde, 0x7e, 0x90, 0x00, 0x05, 0x00, 0xbb, 0x00, 0x00, 0x00,
    0x0a, 0xc0, 0x00, 0x00, 0x00, 0xac, 0x00, 0x00, 0x00, 0x0b, 0xa0, 0x00, 0x00, 0x00,
    0xe8, 0x00, 0x00, 0x00, 0x2a, 0x20, 0x0b, 0xc0, 0x00, 0x9e, 0x00, 0x08, 0xf0, 0x0b,
    0xc0, 0x00, 0x9e, 0x00, 0x08, 0xf0, 0x0b, 0xc0, 0x00, 0x9e, 0x00, 0x08, 0xf0, 0x0b,
    0xc0, 0x00, 0x9e, 0x00, 0x08, 0xf0, 0x0b, 0xc0, 0x00, 0x9e, 0x00, 0x08, 0xf0, 0x0b,
    0xc0, 0x00, 0x9e, 0x00, 0x08, 0xf0, 0x0b, 0xc0, 0x00, 0x9e, 0x00, 0x08, 0xf0, 0x0b,
    0xc0, 0x00, 0x9e, 0x00, 0x08, 0xf0, 0x0b, 0xc0, 0x00, 0x9e, 0x00, 0x09, 0xf0, 0x0a,
    0xd0, 0x00, 0xbf, 0x00, 0x0c, 0xf0, 0x06, 0xf5, 0x16, 0xff, 0x61, 0x6f, 0xe0, 0x00,
    0x8e, 0xea, 0x2a, 0xee, 0xb9, 0xe0, 0x00, 0x00, 0x00, 0x00, 0x00, 0x09, 0xc0, 0x00,
    0x00, 0x00, 0x00, 0x01, 0x5e, 0x60, 0x0b, 0xff, 0xff, 0xff, 0xff, 0xd7, 0x00, 0x0f,
    0x70, 0x01, 0xf5, 0x00, 0x2f, 0x40, 0xf7, 0x00, 0x1f, 0x50, 0x02, 0xf4, 0x0f, 0x70,
    0x01, 0xf5, 0x00, 0x2f, 0x40, 0xf7, 0x00, 0x1f, 0x50, 0x02, 0xf4, 0x0f, 0x70, 0x01,
    0xf5, 0x00, 0x2f, 0x40, 0xf7, 0x00, 0x1f, 0x50, 0x02, 0xf4, 0x0e, 0x70, 0x03, 0xf6,
    0x00, 0x5f, 0x40, 0xbc, 0x22, 0xbe, 0xc1, 0x2c, 0xf4, 0x02, 0xbe, 0xd5, 0x4d, 0xfd,
    0x6f, 0x30, 0x00, 0x00, 0x00, 0x00, 0x03, 0xf1, 0x00, 0x00, 0x00, 0x00, 0x03, 0xca,
    0x00, 0xff, 0xff, 0xff, 0xff, 0xe9, 0x10, 0x00, 0x7d, 0xfd, 0x20, 0xf8, 0x00, 0x7e,
    0x51, 0x20, 0x0f, 0x80, 0x0e, 0x80, 0x00, 0x00, 0xf8, 0x02, 0xf5, 0x00, 0x00, 0x0f,
    0x80, 0x2f, 0x50, 0x00, 0x00, 0xf8, 0x00, 0xe9, 0x00, 0x00, 0x0f, 0x80, 0x07, 0xf5,
    0x11, 0x49, 0xf8, 0x00, 0x07, 0xdf, 0xda, 0x6f, 0x80, 0x00, 0x00, 0x00, 0x00, 0xf8,
    0x00, 0x00, 0x00, 0x00, 0x0f, 0x80, 0x00, 0x00, 0x00, 0x00, 0xf8, 0x00, 0x00, 0x00,
    0x00, 0x0f, 0x80, 0x03, 0xde, 0x20, 0x9c, 0x00, 0xbb, 0x10, 0x09, 0xc0, 0x0d, 0x80,
    0x00, 0x9c, 0x00, 0xe8, 0x00, 0x09, 0xc0, 0x0e, 0x80, 0x00, 0x9c, 0x00, 0xe8, 0x00,
    0x0a, 0xc0, 0x0d, 0x90, 0x00, 0xcc, 0x00, 0x9e, 0x31, 0x7f, 0xc0, 0x01, 0xae, 0xe9,
    0x9c, 0x00, 0x00, 0x00, 0x09, 0xc0, 0x00, 0x00, 0x00, 0x9c, 0x00, 0x00, 0x00, 0x09,
    0xc0, 0x0b, 0xc0, 0x00, 0x00, 0x00, 0x00, 0xbc, 0x00, 0x00, 0x00, 0x00, 0x0b, 0xc0,
    0x00, 0x00, 0x00, 0x00, 0xbc, 0x00, 0x00, 0x00, 0x00, 0x0b, 0xd7, 0xce, 0xea, 0x20,
    0x00, 0xbe, 0x73, 0x12, 0xbe, 0x10, 0x0b, 0xc0, 0x00, 0x01, 0xe8, 0x00, 0xbc, 0x00,
    0x00, 0x0a, 0xc0, 0x0b, 0xc0, 0x00, 0x00, 0x8e, 0x00, 0xbc, 0x00, 0x00, 0x08, 0xf0,
    0x0b, 0xc0, 0x00, 0x00, 0x9e, 0x00, 0xbc, 0x00, 0x00, 0x0c, 0xb0, 0x00, 0x00, 0x00,
    0x04, 0xf5, 0x00, 0x00, 0x00, 0x16, 0xea, 0x00, 0x0b, 0xff, 0xfe, 0xc6, 0x00, 0x00,
    0x00, 0x00, 0x00, 0x10, 0x04, 0xce, 0xd6, 0xb7, 0x0e, 0x81, 0x4e, 0xf2, 0x1f, 0x52,
    0x9e, 0xf4, 0x08, 0xee, 0x91, 0xd9, 0x00, 0x00, 0x00, 0xba, 0x00, 0x00, 0x00, 0xc9,
    0x00, 0x00, 0x02, 0xf6, 0x5e, 0xb3, 0x1b, 0xd0, 0xd6, 0x6d, 0xea, 0x20, 0x00, 0x19,
    0xdf, 0xea, 0x20, 0x00, 0x1d, 0xb2, 0x02, 0xbe, 0x10, 0x07, 0xe1, 0x00, 0x01, 0xf6,
    0x00, 0xbb, 0x00, 0x00, 0x1f, 0x70, 0x00, 0x00, 0x00, 0x4b, 0xd1, 0x00, 0x01, 0x5a,
    0xed, 0x81, 0x00, 0x03, 0xdc, 0x62, 0x00, 0x00, 0x00, 0xda, 0x00, 0x00, 0x08, 0xa0,
    0x2f, 0x50, 0x00, 0x00, 0x9d, 0x01, 0xf7, 0x00, 0x00, 0x0b, 0xc0, 0x08, 0xf7, 0x10,
    0x39, 0xf4, 0x00, 0x05, 0xce, 0xed, 0x92, 0x00, 0x00, 0x19, 0xdf, 0xea, 0x20, 0x00,
    0x1d, 0xb2, 0x02, 0xae, 0x10, 0x08, 0xe1, 0x00, 0x01, 0xf6, 0x00, 0xbb, 0x00, 0x00,
    0x1f, 0x70, 0x00, 0x00, 0x00, 0x2a, 0xe2, 0x00, 0x00, 0x38, 0xcf, 0xa2, 0x00, 0x02,
    0xcd, 0x84, 0x10, 0x00, 0x00, 0xdb, 0x00, 0x00, 0x00, 0x00, 0x2f, 0x50, 0x00, 0x00,
    0x00, 0x01, 0xf8, 0x00, 0x00, 0x00, 0x00, 0x09, 0xf8, 0x20, 0x12, 0x53, 0x00, 0x06,
    0xce, 0xfe, 0xdb, 0x50, 0x4d, 0xe9, 0x01, 0xbf, 0xb2, 0x95, 0x3f, 0x58, 0xd1, 0x86,
    0x00, 0x0b, 0xbe, 0x70, 0x00, 0x00, 0x05, 0xff, 0x10, 0x00, 0x00, 0x00, 0xeb, 0x00,
    0x00, 0x00, 0x02, 0xfd, 0x00, 0x00, 0x00, 0x08, 0xef, 0x40, 0x00, 0x00, 0x0d, 0x8c,
    0xa0, 0x00, 0x00, 0x4f, 0x26, 0xf1, 0x00, 0x00, 0xac, 0x01, 0xe6, 0x00, 0x01, 0xf6,
    0x00, 0xac, 0x00, 0x04, 0xff, 0xff, 0xff, 0x00, 0x2c, 0xfa, 0x04, 0xde, 0x80, 0x77,
    0x2f, 0x6c, 0xa2, 0xb2, 0x00, 0x0a, 0xdf, 0x30, 0x00, 0x00, 0x04, 0xfc, 0x00, 0x00,
    0x00, 0x00, 0xf8, 0x00, 0x00, 0x00, 0x05, 0xfd, 0x00, 0x00, 0x00, 0x0a, 0xdf, 0x30,
    0x00, 0x00, 0x1f, 0x5c, 0x90, 0x00, 0x00, 0x4f, 0xff, 0xc0, 0x00, 0x00, 0x05, 0xbe,
    0xff, 0xff, 0x00, 0x00, 0x9d, 0x51, 0x00, 0x00, 0x00, 0x06, 0xf8, 0xce, 0xec, 0x60,
    0x00, 0x0d, 0xfd, 0x41, 0x16, 0xea, 0x00, 0x2f, 0xe2, 0x00, 0x00, 0x4f, 0x70, 0x3f,
    0x80, 0x00, 0x00, 0x0b, 0xd0, 0x3f, 0x60, 0x00, 0x00, 0x08, 0xf0, 0x2f, 0x60, 0x00,
    0x00, 0x08, 0xf0, 0x0e, 0x90, 0x00, 0x00, 0x0b, 0xd0, 0x08, 0xe2, 0x00, 0x00, 0x4f,
    0x70, 0x01, 0xdd, 0x41, 0x16, 0xea, 0x00, 0x00, 0x18, 0xdf, 0xec, 0x60, 0x00, 0x00,
    0x39, 0xce, 0xfc, 0x00, 0x6f, 0x83, 0x10, 0x00, 0x2f, 0x70, 0x00, 0x00, 0x06, 0xf2,
    0xdf, 0xec, 0x40, 0x7f, 0x01, 0x02, 0xae, 0x16, 0xf1, 0x00, 0x03, 0xf4, 0x3f, 0x50,
    0x00, 0x4f, 0x30, 0xbd, 0x41, 0x3c, 0xd0, 0x01, 0x9e, 0xfd, 0x92, 0x00, 0x00, 0x1f,
    0x70, 0x00, 0x00, 0x1f, 0x70, 0x00, 0x00, 0x1f, 0x70, 0x00, 0x3c, 0xff, 0xfe, 0x80,
    0xb8, 0x1f, 0x72, 0xf3, 0xa5, 0x1f, 0x70, 0xc3, 0x00, 0x1f, 0x70, 0x00, 0x00, 0x1f,
    0x70, 0x00, 0x00, 0x1f, 0x70, 0x00, 0x00, 0x1f, 0x70, 0x00, 0x00, 0x1f, 0x70, 0x00,
    0x00, 0x1f, 0x70, 0x00, 0x00, 0x59, 0x20, 0x00, 0x06, 0xfc, 0x00, 0x00, 0x6f, 0x00,
    0x0a, 0xff, 0xff, 0xf4, 0x91, 0x6f, 0x00, 0x00, 0x06, 0xf0, 0x00, 0x00, 0x6f, 0x00,
    0x00, 0x06, 0xf0, 0x00, 0x00, 0x6f, 0x00, 0x00, 0x06, 0xf0, 0x00, 0x03, 0xff, 0x00,
    0x00, 0x05, 0xc0, 0x00, 0x5e, 0xc2, 0x00, 0x2e, 0xb0, 0x01, 0xd8, 0x01, 0xcd, 0x10,
    0x00, 0xba, 0x09, 0xf5, 0x00, 0x00, 0xab, 0x5f, 0xf5, 0x00, 0x00, 0xad, 0xec, 0xf5,
    0x00, 0x00, 0xaf, 0xd3, 0xf5, 0x00, 0x00, 0xbf, 0x41, 0xf5, 0x00, 0x05, 0xf7, 0x00,
    0xe8, 0x10, 0x2e, 0xb0, 0x00, 0x5e, 0xe0, 0x00, 0x5c, 0xee, 0x80, 0x00, 0x5f, 0x61,
    0x3d, 0x90, 0x0d, 0xa0, 0x00, 0x5f, 0x22, 0xf6, 0x00, 0x01, 0xf6, 0x4f, 0x50, 0x00,
    0x0f, 0x84, 0xf6, 0x00, 0x00, 0xf6, 0x4f, 0xb0, 0x00, 0x4f, 0x32, 0xfd, 0x61, 0x3d,
    0xa0, 0x0e, 0x4b, 0xee, 0x81, 0x00, 0x7c, 0x31, 0x00, 0x00, 0x00, 0x6c, 0xef, 0xeb,
    0x10, 0x00, 0x00, 0x00, 0xe4, 0x00, 0x7d, 0xfd, 0x70, 0x08, 0xe4, 0x14, 0xd7, 0x1f,
    0x60, 0x00, 0x00, 0x4f, 0x30, 0x00, 0x00, 0x5f, 0x20, 0x00, 0x00, 0x4f, 0x30, 0x00,
    0x00, 0x1f, 0x60, 0x00, 0x00, 0x09, 0xe4, 0x03, 0xc9, 0x00, 0x7d, 0xfd, 0x80, 0x00,
    0xe7, 0x00, 0x00, 0x00, 0x00, 0x00, 0x00, 0x0e, 0x70, 0x00, 0xe7, 0x00, 0x0e, 0x70,
    0x00, 0xe7, 0x00, 0x0e, 0x70, 0x00, 0xe7, 0x00, 0x0e, 0x70, 0x00, 0xe7, 0x00, 0x0e,
    0x70, 0x00, 0xf6, 0x00, 0x2f, 0x40, 0x9e, 0xa0, 0x00, 0x00, 0x05, 0xbe, 0xfd, 0x81,
    0x00, 0x00, 0x8e, 0x61, 0x03, 0xbd, 0x20, 0x05, 0xf4, 0x00, 0x00, 0x0c, 0xc0, 0x0c,
    0xa0, 0x00, 0x00, 0x04, 0xf4, 0x1f, 0x70, 0x00, 0x00, 0x00, 0xf8, 0x3f, 0xff, 0xff,
    0xff, 0xff, 0xfa, 0x3f, 0x60, 0x00, 0x00, 0x00, 0xfa, 0x1f, 0x90, 0x00, 0x00, 0x02,
    0xf8, 0x0c, 0xe0, 0x00, 0x00, 0x07, 0xf4, 0x04, 0xf7, 0x00, 0x00, 0x1e, 0xc0, 0x00,
    0x7f, 0x81, 0x14, 0xdd, 0x20, 0x00, 0x04, 0xae, 0xfd, 0x81, 0x00, 0x00, 0x8d, 0xff,
    0x70, 0x8e, 0x40, 0x00, 0x1e, 0x70, 0x00, 0x04, 0xf3, 0x00, 0x00, 0x5f, 0xff, 0xf0,
    0x04, 0xf2, 0x00, 0x00, 0x2f, 0x60, 0x00, 0x00, 0xae, 0x40, 0x00, 0x01, 0x9e, 0xff,
    0x70, 0x6f, 0xfe, 0x80, 0x00, 0x00, 0x3d, 0x90, 0x00, 0x00, 0x5f, 0x20, 0x00, 0x01,
    0xf5, 0x00, 0xef, 0xff, 0x60, 0x00, 0x01, 0xf5, 0x00, 0x00, 0x5f, 0x20, 0x00, 0x3d,
    0xb0, 0x6f, 0xfe, 0x91, 0x00, 0x0c, 0xb0, 0x00, 0x00, 0x00, 0x00, 0xcb, 0x00, 0x00,
    0x00, 0x00, 0x0c, 0xff, 0xff, 0xec, 0x50, 0x00, 0xcb, 0x00, 0x01, 0x7f, 0x50, 0x0c,
    0xb0, 0x00, 0x00, 0xcb, 0x00, 0xcb, 0x00, 0x00, 0x09, 0xe0, 0x0c, 0xb0, 0x00, 0x00,
    0xad, 0x00, 0xcb, 0x00, 0x00, 0x0d, 0xa0, 0x0c, 0xb0, 0x00, 0x29, 0xf3, 0x00, 0xcf,
    0xff, 0xfe, 0xb4, 0x00, 0x0c, 0xb0, 0x00, 0x00, 0x00, 0x00, 0xcb, 0x00, 0x00, 0x00,
    0x00, 0x0e, 0x70, 0x00, 0x00, 0x00, 0xe7, 0x00, 0x00, 0x00, 0x0e, 0x70, 0x00, 0x00,
    0x00, 0xe9, 0xbe, 0xd7, 0x00, 0x0e, 0xf7, 0x15, 0xe7, 0x00, 0xeb, 0x00, 0x08, 0xe0,
    0x0e, 0x70, 0x00, 0x4f, 0x30, 0xe5, 0x00, 0x03, 0xf4, 0x0e, 0x60, 0x00, 0x4f, 0x20,
    0xea, 0x00, 0x08, 0xe0, 0x0e, 0xf6, 0x15, 0xe6, 0x00, 0xe9, 0xbe, 0xd6, 0x00, 0x0e,
    0x70, 0x00, 0x00, 0x00, 0xe7, 0x00, 0x00, 0x00, 0x0e, 0x70, 0x00, 0x00, 0x00, 0x00,
    0x04, 0xbe, 0xec, 0x70, 0x00, 0x00, 0x8e, 0x61, 0x15, 0xeb, 0x00, 0x05, 0xf4, 0x00,
    0x00, 0x4f, 0x60, 0x0c, 0xb0, 0x00, 0x00, 0x07, 0x30, 0x1f, 0x80, 0x00, 0x00, 0x00,
    0x00, 0x2f, 0x60, 0x00, 0x00, 0x00, 0x00, 0x2f, 0x60, 0x00, 0x00, 0x00, 0x00, 0x1f,
    0x80, 0x00, 0x00, 0x01, 0x00, 0x0b, 0xb0, 0x00, 0x00, 0x0c, 0xa0, 0x05, 0xf4, 0x00,
    0x00, 0x4f, 0x60, 0x00, 0x9e, 0x61, 0x16, 0xea, 0x00, 0x00, 0x06, 0xce, 0xec, 0x60,
    0x00, 0x0c, 0xf8, 0x00, 0x00, 0x03, 0xff, 0x20, 0xcf, 0xf3, 0x00, 0x01, 0xdf, 0xf2,
    0x0c, 0xbd, 0xd1, 0x00, 0x9f, 0x9f, 0x20, 0xca, 0x2e, 0x90, 0x4f, 0x65, 0xf2, 0x0c,
    0xa0, 0x4f, 0x6e, 0x80, 0x5f, 0x20, 0xca, 0x00, 0x6f, 0xa0, 0x05, 0xf2, 0x0c, 0xa0,
    0x00, 0x00, 0x00, 0x5f, 0x20, 0xca, 0x00, 0x00, 0x00, 0x05, 0xf2, 0x0c, 0xa0, 0x00,
    0x00, 0x00, 0x5f, 0x20, 0xca, 0x00, 0x00, 0x00, 0x05, 0xf2, 0x0c, 0xa0, 0x00, 0x00,
    0x00, 0x5f, 0x20, 0xca, 0x00, 0x00, 0x00, 0x05, 0xf2, 0x0e, 0xf6, 0x00, 0x04, 0xfe,
    0x00, 0xee, 0xb0, 0x00, 0x9f, 0xe0, 0x0e, 0xaf, 0x10, 0x0e, 0xbe, 0x00, 0xe7, 0xd5,
    0x04, 0xe8, 0xe0, 0x0e, 0x79, 0xa0, 0x99, 0x8e, 0x00, 0xe7, 0x4e, 0x1e, 0x38, 0xe0,
    0x0e, 0x70, 0xe8, 0xd0, 0x8e, 0x00, 0xe7, 0x0a, 0xf8, 0x08, 0xe0, 0x0e, 0x70, 0x5f,
    0x30, 0x8e, 0x00, 0xe7, 0x00, 0x00, 0x00, 0x00, 0x0e, 0x70, 0x00, 0x00, 0x00, 0x00,
    0xe7, 0x00, 0x00, 0x00, 0x00, 0x00, 0x4c, 0xfd, 0x80, 0x00, 0x3f, 0x71, 0x3d, 0x90,
    0x0a, 0xc0, 0x00, 0x4f, 0x30, 0xd8, 0x00, 0x00, 0xf6, 0x0e, 0x70, 0x00, 0x0e, 0x80,
    0xf8, 0x00, 0x00, 0xf6, 0x0f, 0xc0, 0x00, 0x4f, 0x30, 0xff, 0x71, 0x3d, 0xa0, 0x0f,
    0x8a, 0xee, 0x91, 0x00, 0xf7, 0x00, 0x00, 0x00, 0xef, 0xff, 0xe0, 0x00, 0x00, 0xf7,
    0x00, 0x00, 0x00, 0x00, 0x4b, 0xdf, 0xd9, 0x20, 0x00, 0x06, 0xf8, 0x20, 0x3a, 0xe4,
    0x00, 0x2f, 0x90, 0x00, 0x00, 0xad, 0x00, 0x03, 0x10, 0x00, 0x00, 0x3f, 0x50, 0x00,
    0x00, 0x00, 0x00, 0x0e, 0x90, 0x00, 0x00, 0x00, 0x00, 0x0d, 0xb0, 0x00, 0x00, 0x00,
    0x00, 0x0c, 0xb0, 0x00, 0x00, 0x00, 0x00, 0x0e, 0x90, 0x02, 0x20, 0x00, 0x00, 0x3f,
    0x60, 0x0d, 0xb0, 0x00, 0x00, 0xad, 0x10, 0x05, 0xfa, 0x20, 0x3a, 0xe3, 0x00, 0x00,
    0x3a, 0xdf, 0xd8, 0x20, 0x00, 0x00, 0x04, 0xbe, 0xec, 0x71, 0x00, 0x00, 0x8e, 0x61,
    0x14, 0xdc, 0x10, 0x05, 0xf4, 0x00, 0x00, 0x3f, 0x70, 0x0c, 0xb0, 0x00, 0x00, 0x03,
    0x10, 0x1f, 0x70, 0x00, 0x00, 0x00, 0x00, 0x2f, 0x60, 0x0b, 0xd0, 0x00, 0x00, 0x2f,
    0x60, 0x00, 0x00, 0x00, 0x00, 0x1f, 0x70, 0x00, 0x00, 0x00, 0x00, 0x0b, 0xb0, 0x00,
    0x00, 0x03, 0x20, 0x05, 0xf4, 0x00, 0x00, 0x1e, 0xa0, 0x00, 0x9e, 0x61, 0x14, 0xcd,
    0x20, 0x00, 0x05, 0xbe, 0xed, 0x81, 0x00, 0x00, 0x4b, 0xdf, 0xd9, 0x20, 0x00, 0x06,
    0xf8, 0x20, 0x3a, 0xe4, 0x00, 0x2f, 0x90, 0x00, 0x00, 0xad, 0x00, 0x03, 0x10, 0x00,
    0x00, 0x3f, 0x50, 0x00, 0x00, 0x00, 0x00, 0x0e, 0x90, 0x00, 0x00, 0x5f, 0x40, 0x0d,
    0xb0, 0x00, 0x00, 0x00, 0x00, 0x0c, 0xb0, 0x00, 0x00, 0x00, 0x00, 0x0e, 0x90, 0x02,
    0x20, 0x00, 0x00, 0x3f, 0x60, 0x0d, 0xb0, 0x00, 0x00, 0xad, 0x10, 0x05, 0xfa, 0x20,
    0x3a, 0xe3, 0x00, 0x00, 0x3a, 0xdf, 0xd8, 0x20, 0x00, 0x00, 0x08, 0xf1, 0x00, 0x00,
    0x00, 0x0d, 0x10, 0x00, 0x00, 0x06, 0x70, 0x00, 0x00, 0x00, 0x00, 0x00, 0x00, 0x01,
    0x9e, 0xe9, 0x1e, 0x80, 0xae, 0x41, 0x8c, 0xf4, 0x2f, 0x70, 0x00, 0xdf, 0x15, 0xf3,
    0x00, 0x09, 0xd0, 0x6f, 0x20, 0x00, 0x8a, 0x05, 0xf3, 0x00, 0x09, 0xc0, 0x2f, 0x70,
    0x00, 0xdf, 0x00, 0x9e, 0x31, 0x9d, 0xf3, 0x01, 0x9e, 0xea, 0x1e, 0x70, 0x00, 0x0b,
    0xd0, 0x00, 0x00, 0x00, 0xa3, 0x00, 0x00, 0x00, 0x03, 0xa0, 0x00, 0x00, 0x00, 0x00,
    0x00, 0x00, 0x01, 0x9e, 0xe9, 0x1e, 0x80, 0xae, 0x41, 0x8c, 0xf4, 0x2f, 0x70, 0x00,
    0xdf, 0x15, 0xf3, 0x00, 0x09, 0xd0, 0x6f, 0x20, 0x00, 0x8a, 0x05, 0xf3, 0x00, 0x09,
    0xc0, 0x2f, 0x70, 0x00, 0xdf, 0x00, 0x9e, 0x31, 0x9d, 0xf3, 0x01, 0x9e, 0xea, 0x1e,
    0x70, 0x03, 0xf7, 0xae, 0x10, 0x00, 0x08, 0x61, 0xc8, 0x00, 0x01, 0xb1, 0x00, 0x00,
    0x00, 0x00, 0x00, 0x00, 0x00, 0x01, 0x9e, 0xe9, 0x1e, 0x80, 0xae, 0x41, 0x8c, 0xf4,
    0x2f, 0x70, 0x00, 0xdf, 0x15, 0xf3, 0x00, 0x09, 0xd0, 0x6f, 0x20, 0x00, 0x8a, 0x05,
    0xf3, 0x00, 0x09, 0xc0, 0x2f, 0x70, 0x00, 0xdf, 0x00, 0x9e, 0x31, 0x9d, 0xf3, 0x01,
    0x9e, 0xea, 0x1e, 0x70, 0x04, 0xf5, 0xae, 0x10, 0x00, 0x3a, 0x01, 0xc8, 0x00, 0x00,
    0xa4, 0x00, 0x00, 0x00, 0x00, 0x00, 0x00, 0x00, 0x01, 0x9e, 0xe9, 0x1e, 0x80, 0xae,
    0x41, 0x8c, 0xf4, 0x2f, 0x70, 0x00, 0xdf, 0x15, 0xf3, 0x00, 0x09, 0xd0, 0x6f, 0x20,
    0x00, 0x8a, 0x05, 0xf3, 0x00, 0x09, 0xc0, 0x2f, 0x70, 0x00, 0xdf, 0x00, 0x9e, 0x31,
    0x9d, 0xf3, 0x01, 0x9e, 0xea, 0x1e, 0x70, 0x00, 0x6f, 0x39, 0xe3, 0x00, 0x00, 0xb5,
    0xe4, 0x00, 0x00, 0x49, 0x00, 0x00, 0x00, 0x00, 0x00, 0x00, 0x00, 0x01, 0x9e, 0xe9,
    0x1e, 0x80, 0xae, 0x41, 0x8c, 0xf4, 0x2f, 0x70, 0x00, 0xdf, 0x15, 0xf3, 0x00, 0x09,
    0xd0, 0x6f, 0x20, 0x00, 0x8a, 0x05, 0xf3, 0x00, 0x09, 0xc0, 0x2f, 0x70, 0x00, 0xdf,
    0x00, 0x9e, 0x31, 0x9d, 0xf3, 0x01, 0x9e, 0xea, 0x1e, 0x70, 0x00, 0x8f, 0x29, 0xe3,
    0x00, 0x07, 0x72, 0xe4, 0x00, 0x00, 0x1b, 0x10, 0x00, 0x00, 0x00, 0x00, 0x00, 0x00,
    0x01, 0x9e, 0xe9, 0x1e, 0x80, 0xae, 0x41, 0x8c, 0xf4, 0x2f, 0x70, 0x00, 0xdf, 0x15,
    0xf3, 0x00, 0x09, 0xd0, 0x6f, 0x20, 0x00, 0x8a, 0x05, 0xf3, 0x00, 0x09, 0xc0, 0x2f,
    0x70, 0x00, 0xdf, 0x00, 0x9e, 0x31, 0x9d, 0xf3, 0x01, 0x9e, 0xea, 0x1e, 0x70, 0x00,
    0xbd, 0x55, 0xc0, 0x00, 0x5c, 0x2a, 0xe5, 0x00, 0x00, 0x08, 0xf1, 0x00, 0x00, 0x00,
    0x0d, 0x10, 0x00, 0x00, 0x06, 0x70, 0x00, 0x00, 0x00, 0x00, 0x00, 0x00, 0x01, 0x9e,
    0xe9, 0x1e, 0x80, 0xae, 0x41, 0x8c, 0xf4, 0x2f, 0x70, 0x00, 0xdf, 0x15, 0xf3, 0x00,
    0x09, 0xd0, 0x6f, 0x20, 0x00, 0x8a, 0x05, 0xf3, 0x00, 0x09, 0xc0, 0x2f, 0x70, 0x00,
    0xdf, 0x00, 0x9e, 0x31, 0x9d, 0xf3, 0x01, 0x9e, 0xea, 0x1e, 0x70, 0x00, 0xbd, 0x55,
    0xc0, 0x00, 0x5c, 0x2a, 0xe5, 0x00, 0x00, 0x0a, 0xf0, 0x00, 0x00, 0x00, 0x95, 0x00,
    0x00, 0x00, 0x02, 0xb0, 0x00, 0x00, 0x00, 0x00, 0x00, 0x00, 0x01, 0x9e, 0xe9, 0x1e,
    0x80, 0xae, 0x41, 0x8c, 0xf4, 0x2f, 0x70, 0x00, 0xdf, 0x15, 0xf3, 0x00, 0x09, 0xd0,
    0x6f, 0x20, 0x00, 0x8a, 0x05, 0xf3, 0x00, 0x09, 0xc0, 0x2f, 0x70, 0x00, 0xdf, 0x00,
    0x9e, 0x31, 0x9d, 0xf3, 0x01, 0x9e, 0xea, 0x1e, 0x70, 0x00, 0xdb, 0x0c, 0xf3, 0x00,
    0x00, 0x00, 0x4a, 0x3f, 0xc9, 0x00, 0x00, 0x00, 0xa3, 0x8d, 0x8e, 0x10, 0x00, 0x00,
    0x00, 0xea, 0x3f, 0x60, 0x00, 0x00, 0x04, 0xf4, 0x0d, 0xc0, 0x00, 0x00, 0x0a, 0xd0,
    0x07, 0xf2, 0x00, 0x00, 0x1e, 0x70, 0x01, 0xe8, 0x00, 0x00, 0x6f, 0xff, 0xff, 0xfe,
    0x00, 0x00, 0xba, 0x00, 0x00, 0x3f, 0x50, 0x02, 0xf6, 0x00, 0x00, 0x0d, 0xb0, 0x07,
    0xf1, 0x00, 0x00, 0x08, 0xf2, 0x0d, 0xb0, 0x00, 0x00, 0x03, 0xf8, 0x00, 0xfa, 0x0c,
    0xf3, 0x00, 0x00, 0x00, 0xd1, 0x3f, 0xc9, 0x00, 0x00, 0x00, 0x68, 0x8d, 0x8e, 0x10,
    0x00, 0x00, 0x00, 0xea, 0x3f, 0x60, 0x00, 0x00, 0x04, 0xf4, 0x0d, 0xc0, 0x00, 0x00,
    0x0a, 0xd0, 0x07, 0xf2, 0x00, 0x00, 0x1e, 0x70, 0x01, 0xe8, 0x00, 0x00, 0x6f, 0xff,
    0xff, 0xfe, 0x00, 0x00, 0xba, 0x00, 0x00, 0x3f, 0x50, 0x02, 0xf6, 0x00, 0x00, 0x0d,
    0xb0, 0x07, 0xf1, 0x00, 0x00, 0x08, 0xf2, 0x0d, 0xb0, 0x00, 0x00, 0x03, 0xf8, 0xbd,
    0x4f, 0x60, 0x7f, 0x80, 0x00, 0x00, 0x1c, 0x06, 0xe1, 0xdc, 0xe0, 0x00, 0x00, 0x95,
    0x00, 0x03, 0xf6, 0xf5, 0x00, 0x00, 0x00, 0x00, 0x09, 0xe0, 0xdb, 0x00, 0x00, 0x00,
    0x00, 0x0e, 0x90, 0x8f, 0x20, 0x00, 0x00, 0x00, 0x5f, 0x30, 0x2f, 0x80, 0x00, 0x00,
    0x00, 0xac, 0x00, 0x0a, 0xd0, 0x00, 0x00, 0x01, 0xff, 0xff, 0xff, 0xf4, 0x00, 0x00,
    0x06, 0xf1, 0x00, 0x00, 0xda, 0x00, 0x00, 0x0c, 0xb0, 0x00, 0x00, 0x8f, 0x10, 0x00,
    0x2f, 0x60, 0x00, 0x00, 0x3f, 0x70, 0x00, 0x8f, 0x10, 0x00, 0x00, 0x0d, 0xd0, 0xdc,
    0x4f, 0x60, 0x7f, 0x80, 0x00, 0x00, 0xc2, 0x06, 0xe1, 0xdc, 0xe0, 0x00, 0x00, 0x49,
    0x00, 0x03, 0xf6, 0xf5, 0x00, 0x00, 0x00, 0x00, 0x09, 0xe0, 0xdb, 0x00, 0x00, 0x00,
    0x00, 0x0e, 0x90, 0x8f, 0x20, 0x00, 0x00, 0x00, 0x5f, 0x30, 0x2f, 0x80, 0x00, 0x00,
    0x00, 0xac, 0x00, 0x0a, 0xd0, 0x00, 0x00, 0x01, 0xff, 0xff, 0xff, 0xf4, 0x00, 0x00,
    0x06, 0xf1, 0x00, 0x00, 0xda, 0x00, 0x00, 0x0c, 0xb0, 0x00, 0x00, 0x8f, 0x10, 0x00,
    0x2f, 0x60, 0x00, 0x00, 0x3f, 0x70, 0x00, 0x8f, 0x10, 0x00, 0x00, 0x0d, 0xd0, 0xbd,
    0x1d, 0xb0, 0x7f, 0x80, 0x00, 0x00, 0x1c, 0x7c, 0x10, 0xdc, 0xe0, 0x00, 0x00, 0x95,
    0x00, 0x03, 0xf6, 0xf5, 0x00, 0x00, 0x00, 0x00, 0x09, 0xe0, 0xdb, 0x00, 0x00, 0x00,
    0x00, 0x0e, 0x90, 0x8f, 0x20, 0x00, 0x00, 0x00, 0x5f, 0x30, 0x2f, 0x80, 0x00, 0x00,
    0x00, 0xac, 0x00, 0x0a, 0xd0, 0x00, 0x00, 0x01, 0xff, 0xff, 0xff, 0xf4, 0x00, 0x00,
    0x06, 0xf1, 0x00, 0x00, 0xda, 0x00, 0x00, 0x0c, 0xb0, 0x00, 0x00, 0x8f, 0x10, 0x00,
    0x2f, 0x60, 0x00, 0x00, 0x3f, 0x70, 0x00, 0x8f, 0x10, 0x00, 0x00, 0x0d, 0xd0, 0xdc,
    0x1d, 0xb0, 0x7f, 0x80, 0x00, 0x00, 0xc2, 0x7c, 0x10, 0xdc, 0xe0, 0x00, 0x00, 0x49,
    0x00, 0x03, 0xf6, 0xf5, 0x00, 0x00, 0x00, 0x00, 0x09, 0xe0, 0xdb, 0x00, 0x00, 0x00,
    0x00, 0x0e, 0x90, 0x8f, 0x20, 0x00, 0x00, 0x00, 0x5f, 0x30, 0x2f, 0x80, 0x00, 0x00,
    0x00, 0xac, 0x00, 0x0a, 0xd0, 0x00, 0x00, 0x01, 0xff, 0xff, 0xff, 0xf4, 0x00, 0x00,
    0x06, 0xf1, 0x00, 0x00, 0xda, 0x00, 0x00, 0x0c, 0xb0, 0x00, 0x00, 0x8f, 0x10, 0x00,
    0x2f, 0x60, 0x00, 0x00, 0x3f, 0x70, 0x00, 0x8f, 0x10, 0x00, 0x00, 0x0d, 0xd0, 0x0b,
    0xe6, 0x4d, 0x00, 0x00, 0x00, 0x00, 0x4d, 0x2a, 0xe6, 0x00, 0x00, 0x00, 0x00, 0x00,
    0x7f, 0x20, 0x7f, 0x80, 0x00, 0x00, 0x00, 0x0c, 0x10, 0xdc, 0xe0, 0x00, 0x00, 0x00,
    0x58, 0x03, 0xf6, 0xf5, 0x00, 0x00, 0x00, 0x00, 0x09, 0xe0, 0xdb, 0x00, 0x00, 0x00,
    0x00, 0x0e, 0x90, 0x8f, 0x20, 0x00, 0x00, 0x00, 0x5f, 0x30, 0x2f, 0x80, 0x00, 0x00,
    0x00, 0xac, 0x00, 0x0a, 0xd0, 0x00, 0x00, 0x01, 0xff, 0xff, 0xff, 0xf4, 0x00, 0x00,
    0x06, 0xf1, 0x00, 0x00, 0xda, 0x00, 0x00, 0x0c, 0xb0, 0x00, 0x00, 0x8f, 0x10, 0x00,
    0x2f, 0x60, 0x00, 0x00, 0x3f, 0x70, 0x00, 0x8f, 0x10, 0x00, 0x00, 0x0d, 0xd0, 0x0b,
    0xe6, 0x4d, 0x00, 0x00, 0x00, 0x00, 0x4d, 0x2a, 0xe6, 0x00, 0x00, 0x00, 0x00, 0x00,
    0x9f, 0x10, 0x7f, 0x80, 0x00, 0x00, 0x00, 0x86, 0x00, 0xdc, 0xe0, 0x00, 0x00, 0x00,
    0x2b, 0x03, 0xf6, 0xf5, 0x00, 0x00, 0x00, 0x00, 0x09, 0xe0, 0xdb, 0x00, 0x00, 0x00,
    0x00, 0x0e, 0x90, 0x8f, 0x20, 0x00, 0x00, 0x00, 0x5f, 0x30, 0x2f, 0x80, 0x00, 0x00,
    0x00, 0xac, 0x00, 0x0a, 0xd0, 0x00, 0x00, 0x01, 0xff, 0xff, 0xff, 0xf4, 0x00, 0x00,
    0x06, 0xf1, 0x00, 0x00, 0xda, 0x00, 0x00, 0x0c, 0xb0, 0x00, 0x00, 0x8f, 0x10, 0x00,
    0x2f, 0x60, 0x00, 0x00, 0x3f, 0x70, 0x00, 0x8f, 0x10, 0x00, 0x00, 0x0d, 0xd0, 0x00,
    0x1f, 0x90, 0x00, 0x00, 0x68, 0x00, 0x00, 0x0b, 0x20, 0x00, 0x00, 0x00, 0x00, 0x02,
    0xbe, 0xe8, 0x00, 0xbb, 0x14, 0xc2, 0x0e, 0x60, 0x00, 0x00, 0xbc, 0x20, 0x00, 0x04,
    0xff, 0x90, 0x01, 0xeb, 0x10, 0x00, 0x3f, 0x40, 0x00, 0x01, 0xea, 0x13, 0xb5, 0x03,
    0xce, 0xea, 0x20, 0x00, 0x1f, 0x90, 0x00, 0x00, 0xd0, 0x00, 0x00, 0x07, 0x70, 0x00,
    0x00, 0x00, 0x00, 0x02, 0xbe, 0xe8, 0x00, 0xbb, 0x14, 0xc2, 0x0e, 0x60, 0x00, 0x00,
    0xbc, 0x20, 0x00, 0x04, 0xff, 0x90, 0x01, 0xeb, 0x10, 0x00, 0x3f, 0x40, 0x00, 0x01,
    0xea, 0x13, 0xb5, 0x03, 0xce, 0xea, 0x20, 0x0f, 0xa7, 0xf3, 0x00, 0x59, 0x09, 0xb0,
    0x0b, 0x30, 0x00, 0x00, 0x00, 0x00, 0x00, 0x02, 0xbe, 0xe8, 0x00, 0xbb, 0x14, 0xc2,
    0x0e, 0x60, 0x00, 0x00, 0xbc, 0x20, 0x00, 0x04, 0xff, 0x90, 0x01, 0xeb, 0x10, 0x00,
    0x3f, 0x40, 0x00, 0x01, 0xea, 0x13, 0xb5, 0x03, 0xce, 0xea, 0x20, 0x1f, 0x87, 0xf3,
    0x00, 0xd0, 0x09, 0xb0, 0x07, 0x70, 0x00, 0x00, 0x00, 0x00, 0x00, 0x02, 0xbe, 0xe8,
    0x00, 0xbb, 0x14, 0xc2, 0x0e, 0x60, 0x00, 0x00, 0xbc, 0x20, 0x00, 0x04, 0xff, 0x90,
    0x01, 0xeb, 0x10, 0x00, 0x3f, 0x40, 0x00, 0x01, 0xea, 0x13, 0xb5, 0x03, 0xce, 0xea,
    0x20, 0x0a, 0xf0, 0xcc, 0x10, 0x1d, 0x5d, 0x10, 0x08, 0x60, 0x00, 0x00, 0x00, 0x00,
    0x00, 0x02, 0xbe, 0xe8, 0x00, 0xbb, 0x14, 0xc2, 0x0e, 0x60, 0x00, 0x00, 0xbc, 0x20,
    0x00, 0x04, 0xff, 0x90, 0x01, 0xeb, 0x10, 0x00, 0x3f, 0x40, 0x00, 0x01, 0xea, 0x13,
    0xb5, 0x03, 0xce, 0xea, 0x20, 0x0b, 0xd0, 0xcc, 0x10, 0xa3, 0x5d, 0x10, 0x03, 0xa0,
    0x00, 0x00, 0x00, 0x00, 0x00, 0x02, 0xbe, 0xe8, 0x00, 0xbb, 0x14, 0xc2, 0x0e, 0x60,
    0x00, 0x00, 0xbc, 0x20, 0x00, 0x04, 0xff, 0x90, 0x01, 0xeb, 0x10, 0x00, 0x3f, 0x40,
    0x00, 0x01, 0xea, 0x13, 0xb5, 0x03, 0xce, 0xea, 0x20, 0x00, 0xff, 0xff, 0xff, 0xff,
    0x00, 0x00, 0x40, 0x00, 0x00, 0x04, 0x00, 0x00, 0x40, 0x00, 0x00, 0x04, 0x00, 0x00,
    0x40, 0x00, 0x00, 0x04, 0x00, 0x00, 0x40, 0x00, 0x00, 0x04, 0x00, 0x00, 0x40, 0x00,
    0x00, 0x04, 0x00, 0x00, 0x40, 0x00, 0x00, 0x04, 0x00, 0x00, 0x40, 0x00, 0x00, 0x04,
    0x00, 0x00, 0x40, 0x00, 0x00, 0x04, 0x00, 0x00, 0x40, 0x00, 0x00, 0x04, 0x00, 0x00,
    0xff, 0xff, 0xff, 0xff, 0x00, 0x00, 0xff, 0xff, 0xff, 0xff, 0x00, 0x00, 0x40, 0x00,
    0x00, 0x04, 0x00, 0x00, 0x40, 0x00, 0x00, 0x04, 0x00, 0x00, 0x40, 0x00, 0x00, 0x04,
    0x00, 0x00, 0x40, 0x00, 0x00, 0x04, 0x00, 0x00, 0x40, 0x00, 0x00, 0x04, 0x00, 0x00,
    0x40, 0x00, 0x00, 0x04, 0x00, 0x00, 0x40, 0x00, 0x00, 0x04, 0x00, 0x00, 0x40, 0x00,
    0x00, 0x04, 0x00, 0x00, 0x40, 0x00, 0x00, 0x04, 0x00, 0x00, 0xff, 0xff, 0xff, 0xff,
    0x00, 0xeb, 0x3f, 0xff, 0xff, 0xff, 0xf2, 0x4a, 0x3f, 0x50, 0x00, 0x00, 0x00, 0xa3,
    0x3f, 0x50, 0x00, 0x00, 0x00, 0x00, 0x3f, 0x50, 0x00, 0x00, 0x00, 0x00, 0x3f, 0x50,
    0x00, 0x00, 0x00, 0x00, 0x3f, 0xff, 0xff, 0xff, 0xa0, 0x00, 0x3f, 0x50, 0x00, 0x00,
    0x00, 0x00, 0x3f, 0x50, 0x00, 0x00, 0x00, 0x00, 0x3f, 0x50, 0x00, 0x00, 0x00, 0x00,
    0x3f, 0x50, 0x00, 0x00, 0x00, 0x00, 0x3f, 0x50, 0x00, 0x00, 0x00, 0x00, 0x3f, 0xff,
    0xff, 0xff, 0xf6, 0xf9, 0x3f, 0xff, 0xff, 0xff, 0xf2, 0xd0, 0x3f, 0x50, 0x00, 0x00,
    0x00, 0x67, 0x3f, 0x50, 0x00, 0x00, 0x00, 0x00, 0x3f, 0x50, 0x00, 0x00, 0x00, 0x00,
    0x3f, 0x50, 0x00, 0x00, 0x00, 0x00, 0x3f, 0xff, 0xff, 0xff, 0xa0, 0x00, 0x3f, 0x50,
    0x00, 0x00, 0x00, 0x00, 0x3f, 0x50, 0x00, 0x00, 0x00, 0x00, 0x3f, 0x50, 0x00, 0x00,
    0x00, 0x00, 0x3f, 0x50, 0x00, 0x00, 0x00, 0x00, 0x3f, 0x50, 0x00, 0x00, 0x00, 0x00,
    0x3f, 0xff, 0xff, 0xff, 0xf6, 0xeb, 0x6f, 0x41, 0xff, 0xff, 0xff, 0xff, 0x44, 0xa0,
    0x8c, 0x1f, 0x70, 0x00, 0x00, 0x00, 0xa3, 0x00, 0x01, 0xf7, 0x00, 0x00, 0x00, 0x00,
    0x00, 0x00, 0x1f, 0x70, 0x00, 0x00, 0x00, 0x00, 0x00, 0x01, 0xf7, 0x00, 0x00, 0x00,
    0x00, 0x00, 0x00, 0x1f, 0xff, 0xff, 0xff, 0xc0, 0x00, 0x00, 0x01, 0xf7, 0x00, 0x00,
    0x00, 0x00, 0x00, 0x00, 0x1f, 0x70, 0x00, 0x00, 0x00, 0x00, 0x00, 0x01, 0xf7, 0x00,
    0x00, 0x00, 0x00, 0x00, 0x00, 0x1f, 0x70, 0x00, 0x00, 0x00, 0x00, 0x00, 0x01, 0xf7,
    0x00, 0x00, 0x00, 0x00, 0x00, 0x00, 0x1f, 0xff, 0xff, 0xff, 0xf8, 0xf9, 0x6f, 0x41,
    0xff, 0xff, 0xff, 0xff, 0x4d, 0x00, 0x8c, 0x1f, 0x70, 0x00, 0x00, 0x00, 0x67, 0x00,
    0x01, 0xf7, 0x00, 0x00, 0x00, 0x00, 0x00, 0x00, 0x1f, 0x70, 0x00, 0x00, 0x00, 0x00,
    0x00, 0x01, 0xf7, 0x00, 0x00, 0x00, 0x00, 0x00, 0x00, 0x1f, 0xff, 0xff, 0xff, 0xc0,
    0x00, 0x00, 0x01, 0xf7, 0x00, 0x00, 0x00, 0x00, 0x00, 0x00, 0x1f, 0x70, 0x00, 0x00,
    0x00, 0x00, 0x00, 0x01, 0xf7, 0x00, 0x00, 0x00, 0x00, 0x00, 0x00, 0x1f, 0x70, 0x00,
    0x00, 0x00, 0x00, 0x00, 0x01, 0xf7, 0x00, 0x00, 0x00, 0x00, 0x00, 0x00, 0x1f, 0xff,
    0xff, 0xff, 0xf8, 0xeb, 0x2f, 0x91, 0xff, 0xff, 0xff, 0xff, 0x44, 0xa9, 0xa0, 0x1f,
    0x70, 0x00, 0x00, 0x00, 0xa3, 0x00, 0x01, 0xf7, 0x00, 0x00, 0x00, 0x00, 0x00, 0x00,
    0x1f, 0x70, 0x00, 0x00, 0x00, 0x00, 0x00, 0x01, 0xf7, 0x00, 0x00, 0x00, 0x00, 0x00,
    0x00, 0x1f, 0xff, 0xff, 0xff, 0xc0, 0x00, 0x00, 0x01, 0xf7, 0x00, 0x00, 0x00, 0x00,
    0x00, 0x00, 0x1f, 0x70, 0x00, 0x00, 0x00, 0x00, 0x00, 0x01, 0xf7, 0x00, 0x00, 0x00,
    0x00, 0x00, 0x00, 0x1f, 0x70, 0x00, 0x00, 0x00, 0x00, 0x00, 0x01, 0xf7, 0x00, 0x00,
    0x00, 0x00, 0x00, 0x00, 0x1f, 0xff, 0xff, 0xff, 0xf8, 0xf9, 0x2f, 0x91, 0xff, 0xff,
    0xff, 0xff, 0x4d, 0x09, 0xa0, 0x1f, 0x70, 0x00, 0x00, 0x00, 0x67, 0x00, 0x01, 0xf7,
    0x00, 0x00, 0x00, 0x00, 0x00, 0x00, 0x1f, 0x70, 0x00, 0x00, 0x00, 0x00, 0x00, 0x01,
    0xf7, 0x00, 0x00, 0x00, 0x00, 0x00, 0x00, 0x1f, 0xff, 0xff, 0xff, 0xc0, 0x00, 0x00,
    0x01, 0xf7, 0x00, 0x00, 0x00, 0x00, 0x00, 0x00, 0x1f, 0x70, 0x00, 0x00, 0x00, 0x00,
    0x00, 0x01, 0xf7, 0x00, 0x00, 0x00, 0x00, 0x00, 0x00, 0x1f, 0x70, 0x00, 0x00, 0x00,
    0x00, 0x00, 0x01, 0xf7, 0x00, 0x00, 0x00, 0x00, 0x00, 0x00, 0x1f, 0xff, 0xff, 0xff,
    0xf8, 0x00, 0xff, 0xff, 0xff, 0xff, 0x00, 0x00, 0x40, 0x00, 0x00, 0x04, 0x00, 0x00,
    0x40, 0x00, 0x00, 0x04, 0x00, 0x00, 0x40, 0x00, 0x00, 0x04, 0x00, 0x00, 0x40, 0x00,
    0x00, 0x04, 0x00, 0x00, 0x40, 0x00, 0x00, 0x04, 0x00, 0x00, 0x40, 0x00, 0x00, 0x04,
    0x00, 0x00, 0x40, 0x00, 0x00, 0x04, 0x00, 0x00, 0x40, 0x00, 0x00, 0x04, 0x00, 0x00,
    0x40, 0x00, 0x00, 0x04, 0x00, 0x00, 0xff, 0xff, 0xff, 0xff, 0x00, 0x00, 0xff, 0xff,
    0xff, 0xff, 0x00, 0x00, 0x40, 0x00, 0x00, 0x04, 0x00, 0x00, 0x40, 0x00, 0x00, 0x04,
    0x00, 0x00, 0x40, 0x00, 0x00, 0x04, 0x00, 0x00, 0x40, 0x00, 0x00, 0x04, 0x00, 0x00,
    0x40, 0x00, 0x00, 0x04, 0x00, 0x00, 0x40, 0x00, 0x00, 0x04, 0x00, 0x00, 0x40, 0x00,
    0x00, 0x04, 0x00, 0x00, 0x40, 0x00, 0x00, 0x04, 0x00, 0x00, 0x40, 0x00, 0x00, 0x04,
    0x00, 0x00, 0xff, 0xff, 0xff, 0xff, 0x00, 0x00, 0x05, 0xf4, 0x00, 0x00, 0x00, 0x0a,
    0x40, 0x00, 0x00, 0x03, 0xa0, 0x00, 0x00, 0x00, 0x00, 0x00, 0x00, 0x0e, 0x7a, 0xee,
    0x91, 0x00, 0xef, 0x91, 0x3e, 0x80, 0x0e, 0xd0, 0x00, 0xac, 0x00, 0xe9, 0x00, 0x09,
    0xc0, 0x0e, 0x80, 0x00, 0x9c, 0x00, 0xe8, 0x00, 0x09, 0xc0, 0x0e, 0x80, 0x00, 0x9c,
    0x00, 0xe8, 0x00, 0x09, 0xc0, 0x0e, 0x80, 0x00, 0x9c, 0x00, 0x00, 0x00, 0x09, 0xc0,
    0x00, 0x00, 0x00, 0x9c, 0x00, 0x00, 0x00, 0x09, 0xc0, 0x00, 0x05, 0xf4, 0x00, 0x00,
    0x00, 0x49, 0x00, 0x00, 0x00, 0x00, 0xa3, 0x00, 0x00, 0x00, 0x00, 0x00, 0x00, 0x0e,
    0x7a, 0xee, 0x91, 0x00, 0xef, 0x91, 0x3e, 0x80, 0x0e, 0xd0, 0x00, 0xac, 0x00, 0xe9,
    0x00, 0x09, 0xc0, 0x0e, 0x80, 0x00, 0x9c, 0x00, 0xe8, 0x00, 0x09, 0xc0, 0x0e, 0x80,
    0x00, 0x9c, 0x00, 0xe8, 0x00, 0x09, 0xc0, 0x0e, 0x80, 0x00, 0x9c, 0x00, 0x00, 0x00,
    0x09, 0xc0, 0x00, 0x00, 0x00, 0x9c, 0x00, 0x00, 0x00, 0x09, 0xc0, 0x03, 0xf7, 0xae,
    0x10, 0x00, 0x08, 0x61, 0xc8, 0x00, 0x01, 0xb1, 0x00, 0x00, 0x00, 0x00, 0x00, 0x00,
    0x00, 0x0e, 0x7a, 0xee, 0x91, 0x00, 0xef, 0x91, 0x3e, 0x80, 0x0e, 0xd0, 0x00, 0xac,
    0x00, 0xe9, 0x00, 0x09, 0xc0, 0x0e, 0x80, 0x00, 0x9c, 0x00, 0xe8, 0x00, 0x09, 0xc0,
    0x0e, 0x80, 0x00, 0x9c, 0x00, 0xe8, 0x00, 0x09, 0xc0, 0x0e, 0x80, 0x00, 0x9c, 0x00,
    0x00, 0x00, 0x09, 0xc0, 0x00, 0x00, 0x00, 0x9c, 0x00, 0x00, 0x00, 0x09, 0xc0, 0x04,
    0xf5, 0xae, 0x10, 0x00, 0x3a, 0x01, 0xc8, 0x00, 0x00, 0xa4, 0x00, 0x00, 0x00, 0x00,
    0x00, 0x00, 0x00, 0x0e, 0x7a, 0xee, 0x91, 0x00, 0xef, 0x91, 0x3e, 0x80, 0x0e, 0xd0,
    0x00, 0xac, 0x00, 0xe9, 0x00, 0x09, 0xc0, 0x0e, 0x80, 0x00, 0x9c, 0x00, 0xe8, 0x00,
    0x09, 0xc0, 0x0e, 0x80, 0x00, 0x9c, 0x00, 0xe8, 0x00, 0x09, 0xc0, 0x0e, 0x80, 0x00,
    0x9c, 0x00, 0x00, 0x00, 0x09, 0xc0, 0x00, 0x00, 0x00, 0x9c, 0x00, 0x00, 0x00, 0x09,
    0xc0, 0x00, 0x5f, 0x58, 0xe3, 0x00, 0x00, 0xa5, 0xe4, 0x00, 0x00, 0x3a, 0x00, 0x00,
    0x00, 0x00, 0x00, 0x00, 0x00, 0x0e, 0x7a, 0xee, 0x91, 0x00, 0xef, 0x91, 0x3e, 0x80,
    0x0e, 0xd0, 0x00, 0xac, 0x00, 0xe9, 0x00, 0x09, 0xc0, 0x0e, 0x80, 0x00, 0x9c, 0x00,
    0xe8, 0x00, 0x09, 0xc0, 0x0e, 0x80, 0x00, 0x9c, 0x00, 0xe8, 0x00, 0x09, 0xc0, 0x0e,
    0x80, 0x00, 0x9c, 0x00, 0x00, 0x00, 0x09, 0xc0, 0x00, 0x00, 0x00, 0x9c, 0x00, 0x00,
    0x00, 0x09, 0xc0, 0x00, 0x6f, 0x38, 0xe3, 0x00, 0x05, 0x81, 0xe4, 0x00, 0x00, 0x1b,
    0x20, 0x00, 0x00, 0x00, 0x00, 0x00, 0x00, 0x0e, 0x7a, 0xee, 0x91, 0x00, 0xef, 0x91,
    0x3e, 0x80, 0x0e, 0xd0, 0x00, 0xac, 0x00, 0xe9, 0x00, 0x09, 0xc0, 0x0e, 0x80, 0x00,
    0x9c, 0x00, 0xe8, 0x00, 0x09, 0xc0, 0x0e, 0x80, 0x00, 0x9c, 0x00, 0xe8, 0x00, 0x09,
    0xc0, 0x0e, 0x80, 0x00, 0x9c, 0x00, 0x00, 0x00, 0x09, 0xc0, 0x00, 0x00, 0x00, 0x9c,
    0x00, 0x00, 0x00, 0x09, 0xc0, 0x00, 0x9e, 0x73, 0xf0, 0x00, 0x2e, 0x28, 0xe8, 0x00,
    0x00, 0x05, 0xf4, 0x00, 0x00, 0x00, 0x0a, 0x40, 0x00, 0x00, 0x03, 0xa0, 0x00, 0x00,
    0x00, 0x00, 0x00, 0x00, 0x0e, 0x7a, 0xee, 0x91, 0x00, 0xef, 0x91, 0x3e, 0x80, 0x0e,
    0xd0, 0x00, 0xac, 0x00, 0xe9, 0x00, 0x09, 0xc0, 0x0e, 0x80, 0x00, 0x9c, 0x00, 0xe8,
    0x00, 0x09, 0xc0, 0x0e, 0x80, 0x00, 0x9c, 0x00, 0xe8, 0x00, 0x09, 0xc0, 0x0e, 0x80,
    0x00, 0x9c, 0x00, 0x00, 0x00, 0x09, 0xc0, 0x00, 0x00, 0x00, 0x9c, 0x00, 0x00, 0x00,
    0x09, 0xc0, 0x00, 0x8e, 0x82, 0xf1, 0x00, 0x0f, 0x28, 0xe9, 0x00, 0x00, 0x05, 0xf4,
    0x00, 0x00, 0x00, 0x49, 0x00, 0x00, 0x00, 0x00, 0xa3, 0x00, 0x00, 0x00, 0x00, 0x00,
    0x00, 0x0e, 0x7a, 0xee, 0x91, 0x00, 0xef, 0x91, 0x3e, 0x80, 0x0e, 0xd0, 0x00, 0xac,
    0x00, 0xe9, 0x00, 0x09, 0xc0, 0x0e, 0x80, 0x00, 0x9c, 0x00, 0xe8, 0x00, 0x09, 0xc0,
    0x0e, 0x80, 0x00, 0x9c, 0x00, 0xe8, 0x00, 0x09, 0xc0, 0x0e, 0x80, 0x00, 0x9c, 0x00,
    0x00, 0x00, 0x09, 0xc0, 0x00, 0x00, 0x00, 0x9c, 0x00, 0x00, 0x00, 0x09, 0xc0, 0xeb,
    0x2f, 0x50, 0x00, 0x00, 0xac, 0x04, 0xa2, 0xf5, 0x00, 0x00, 0x0a, 0xc0, 0xa3, 0x2f,
    0x50, 0x00, 0x00, 0xac, 0x00, 0x02, 0xf5, 0x00, 0x00, 0x0a, 0xc0, 0x00, 0x2f, 0x50,
    0x00, 0x00, 0xac, 0x00, 0x02, 0xff, 0xff, 0xff, 0xff, 0xc0, 0x00, 0x2f, 0x50, 0x00,
    0x00, 0xac, 0x00, 0x02, 0xf5, 0x00, 0x00, 0x0a, 0xc0, 0x00, 0x2f, 0x50, 0x00, 0x00,
    0xac, 0x00, 0x02, 0xf5, 0x00, 0x00, 0x0a, 0xc0, 0x00, 0x2f, 0x50, 0x00, 0x00, 0xac,
    0x00, 0x02, 0xf5, 0x00, 0x00, 0x0a, 0xc0, 0xf9, 0x2f, 0x50, 0x00, 0x00, 0xac, 0x0d,
    0x02, 0xf5, 0x00, 0x00, 0x0a, 0xc0, 0x67, 0x2f, 0x50, 0x00, 0x00, 0xac, 0x00, 0x02,
    0xf5, 0x00, 0x00, 0x0a, 0xc0, 0x00, 0x2f, 0x50, 0x00, 0x00, 0xac, 0x00, 0x02, 0xff,
    0xff, 0xff, 0xff, 0xc0, 0x00, 0x2f, 0x50, 0x00, 0x00, 0xac, 0x00, 0x02, 0xf5, 0x00,
    0x00, 0x0a, 0xc0, 0x00, 0x2f, 0x50, 0x00, 0x00, 0xac, 0x00, 0x02, 0xf5, 0x00, 0x00,
    0x0a, 0xc0, 0x00, 0x2f, 0x50, 0x00, 0x00, 0xac, 0x00, 0x02, 0xf5, 0x00, 0x00, 0x0a,
    0xc0, 0xeb, 0x6f, 0x40, 0xf7, 0x00, 0x00, 0x08, 0xe0, 0x4a, 0x08, 0xc0, 0xf7, 0x00,
    0x00, 0x08, 0xe0, 0xa3, 0x00, 0x00, 0xf7, 0x00, 0x00, 0x08, 0xe0, 0x00, 0x00, 0x00,
    0xf7, 0x00, 0x00, 0x08, 0xe0, 0x00, 0x00, 0x00, 0xf7, 0x00, 0x00, 0x08, 0xe0, 0x00,
    0x00, 0x00, 0xff, 0xff, 0xff, 0xff, 0xe0, 0x00, 0x00, 0x00, 0xf7, 0x00, 0x00, 0x08,
    0xe0, 0x00, 0x00, 0x00, 0xf7, 0x00, 0x00, 0x08, 0xe0, 0x00, 0x00, 0x00, 0xf7, 0x00,
    0x00, 0x08, 0xe0, 0x00, 0x00, 0x00, 0xf7, 0x00, 0x00, 0x08, 0xe0, 0x00, 0x00, 0x00,
    0xf7, 0x00, 0x00, 0x08, 0xe0, 0x00, 0x00, 0x00, 0xf7, 0x00, 0x00, 0x08, 0xe0, 0xf9,
    0x6f, 0x40, 0xf7, 0x00, 0x00, 0x08, 0xe0, 0xd0, 0x08, 0xc0, 0xf7, 0x00, 0x00, 0x08,
    0xe0, 0x67, 0x00, 0x00, 0xf7, 0x00, 0x00, 0x08, 0xe0, 0x00, 0x00, 0x00, 0xf7, 0x00,
    0x00, 0x08, 0xe0, 0x00, 0x00, 0x00, 0xf7, 0x00, 0x00, 0x08, 0xe0, 0x00, 0x00, 0x00,
    0xff, 0xff, 0xff, 0xff, 0xe0, 0x00, 0x00, 0x00, 0xf7, 0x00, 0x00, 0x08, 0xe0, 0x00,
    0x00, 0x00, 0xf7, 0x00, 0x00, 0x08, 0xe0, 0x00, 0x00, 0x00, 0xf7, 0x00, 0x00, 0x08,
    0xe0, 0x00, 0x00, 0x00, 0xf7, 0x00, 0x00, 0x08, 0xe0, 0x00, 0x00, 0x00, 0xf7, 0x00,
    0x00, 0x08, 0xe0, 0x00, 0x00, 0x00, 0xf7, 0x00, 0x00, 0x08, 0xe0, 0xeb, 0x2f, 0x90,
    0xf7, 0x00, 0x00, 0x08, 0xe0, 0x4a, 0x9a, 0x00, 0xf7, 0x00, 0x00, 0x08, 0xe0, 0xa3,
    0x00, 0x00, 0xf7, 0x00, 0x00, 0x08, 0xe0, 0x00, 0x00, 0x00, 0xf7, 0x00, 0x00, 0x08,
    0xe0, 0x00, 0x00, 0x00, 0xf7, 0x00, 0x00, 0x08, 0xe0, 0x00, 0x00, 0x00, 0xff, 0xff,
    0xff, 0xff, 0xe0, 0x00, 0x00, 0x00, 0xf7, 0x00, 0x00, 0x08, 0xe0, 0x00, 0x00, 0x00,
    0xf7, 0x00, 0x00, 0x08, 0xe0, 0x00, 0x00, 0x00, 0xf7, 0x00, 0x00, 0x08, 0xe0, 0x00,
    0x00, 0x00, 0xf7, 0x00, 0x00, 0x08, 0xe0, 0x00, 0x00, 0x00, 0xf7, 0x00, 0x00, 0x08,
    0xe0, 0x00, 0x00, 0x00, 0xf7, 0x00, 0x00, 0x08, 0xe0, 0xf9, 0x2f, 0x90, 0xf7, 0x00,
    0x00, 0x08, 0xe0, 0xd0, 0x9a, 0x00, 0xf7, 0x00, 0x00, 0x08, 0xe0, 0x67, 0x00, 0x00,
    0xf7, 0x00, 0x00, 0x08, 0xe0, 0x00, 0x00, 0x00, 0xf7, 0x00, 0x00, 0x08, 0xe0, 0x00,
    0x00, 0x00, 0xf7, 0x00, 0x00, 0x08, 0xe0, 0x00, 0x00, 0x00, 0xff, 0xff, 0xff, 0xff,
    0xe0, 0x00, 0x00, 0x00, 0xf7, 0x00, 0x00, 0x08, 0xe0, 0x00, 0x00, 0x00, 0xf7, 0x00,
    0x00, 0x08, 0xe0, 0x00, 0x00, 0x00, 0xf7, 0x00, 0x00, 0x08, 0xe0, 0x00, 0x00, 0x00,
    0xf7, 0x00, 0x00, 0x08, 0xe0, 0x00, 0x00, 0x00, 0xf7, 0x00, 0x00, 0x08, 0xe0, 0x00,
    0x00, 0x00, 0xf7, 0x00, 0x00, 0x08, 0xe0, 0x08, 0xe8, 0x2f, 0x10, 0x00, 0x00, 0x00,
    0x00, 0x01, 0xf2, 0x8e, 0x90, 0x00, 0x00, 0x00, 0x00, 0x00, 0x00, 0x4f, 0x60, 0x0f,
    0x70, 0x00, 0x00, 0x8e, 0x00, 0x00, 0x95, 0x00, 0xf7, 0x00, 0x00, 0x08, 0xe0, 0x00,
    0x2a, 0x10, 0x0f, 0x70, 0x00, 0x00, 0x8e, 0x00, 0x00, 0x00, 0x00, 0xf7, 0x00, 0x00,
    0x08, 0xe0, 0x00, 0x00, 0x00, 0x0f, 0x70, 0x00, 0x00, 0x8e, 0x00, 0x00, 0x00, 0x00,
    0xff, 0xff, 0xff, 0xff, 0xe0, 0x00, 0x00, 0x00, 0x0f, 0x70, 0x00, 0x00, 0x8e, 0x00,
    0x00, 0x00, 0x00, 0xf7, 0x00, 0x00, 0x08, 0xe0, 0x00, 0x00, 0x00, 0x0f, 0x70, 0x00,
    0x00, 0x8e, 0x00, 0x00, 0x00, 0x00, 0xf7, 0x00, 0x00, 0x08, 0xe0, 0x00, 0x00, 0x00,
    0x0f, 0x70, 0x00, 0x00, 0x8e, 0x00, 0x00, 0x00, 0x00, 0xf7, 0x00, 0x00, 0x08, 0xe0,
    0x08, 0xe8, 0x2f, 0x10, 0x00, 0x00, 0x00, 0x00, 0x01, 0xf2, 0x8e, 0x90, 0x00, 0x00,
    0x00, 0x00, 0x00, 0x00, 0x5f, 0x40, 0x0f, 0x70, 0x00, 0x00, 0x8e, 0x00, 0x04, 0x90,
    0x00, 0xf7, 0x00, 0x00, 0x08, 0xe0, 0x00, 0x0a, 0x30, 0x0f, 0x70, 0x00, 0x00, 0x8e,
    0x00, 0x00, 0x00, 0x00, 0xf7, 0x00, 0x00, 0x08, 0xe0, 0x00, 0x00, 0x00, 0x0f, 0x70,
    0x00, 0x00, 0x8e, 0x00, 0x00, 0x00, 0x00, 0xff, 0xff, 0xff, 0xff, 0xe0, 0x00, 0x00,
    0x00, 0x0f, 0x70, 0x00, 0x00, 0x8e, 0x00, 0x00, 0x00, 0x00, 0xf7, 0x00, 0x00, 0x08,
    0xe0, 0x00, 0x00, 0x00, 0x0f, 0x70, 0x00, 0x00, 0x8e, 0x00, 0x00, 0x00, 0x00, 0xf7,
    0x00, 0x00, 0x08, 0xe0, 0x00, 0x00, 0x00, 0x0f, 0x70, 0x00, 0x00, 0x8e, 0x00, 0x00,
    0x00, 0x00, 0xf7, 0x00, 0x00, 0x08, 0xe0, 0x0d, 0xb0, 0x04, 0xa0, 0x0a, 0x30, 0x00,
    0x00, 0x0e, 0x70, 0x0e, 0x70, 0x0e, 0x70, 0x0e, 0x70, 0x0e, 0x70, 0x0e, 0x70, 0x0e,
    0x70, 0x0e, 0x70, 0x0e, 0x70, 0x0f, 0xa0, 0x0d, 0x10, 0x06, 0x80, 0x00, 0x00, 0x0e,
    0x70, 0x0e, 0x70, 0x0e, 0x70, 0x0e, 0x70, 0x0e, 0x70, 0x0e, 0x70, 0x0e, 0x70, 0x0e,
    0x70, 0x0e, 0x70, 0xae, 0x4f, 0x70, 0x1d, 0x05, 0xe1, 0x86, 0x00, 0x00, 0x00, 0x00,
    0x00, 0x00, 0xe7, 0x00, 0x00, 0xe7, 0x00, 0x00, 0xe7, 0x00, 0x00, 0xe7, 0x00, 0x00,
    0xe7, 0x00, 0x00, 0xe7, 0x00, 0x00, 0xe7, 0x00, 0x00, 0xe7, 0x00, 0x00, 0xe7, 0x00,
    0xcd, 0x4f, 0x70, 0xb3, 0x05, 0xe1, 0x4a, 0x00, 0x00, 0x00, 0x00, 0x00, 0x00, 0xe7,
    0x00, 0x00, 0xe7, 0x00, 0x00, 0xe7, 0x00, 0x00, 0xe7, 0x00, 0x00, 0xe7, 0x00, 0x00,
    0xe7, 0x00, 0x00, 0xe7, 0x00, 0x00, 0xe7, 0x00, 0x00, 0xe7, 0x00, 0x1f, 0x94, 0xf7,
    0x06, 0x8c, 0x80, 0x0b, 0x20, 0x00, 0x00, 0x00, 0x00, 0x00, 0xe7, 0x00, 0x00, 0xe7,
    0x00, 0x00, 0xe7, 0x00, 0x00, 0xe7, 0x00, 0x00, 0xe7, 0x00, 0x00, 0xe7, 0x00, 0x00,
    0xe7, 0x00, 0x00, 0xe7, 0x00, 0x00, 0xe7, 0x00, 0x2f, 0x74, 0xf7, 0x1c, 0x0c, 0x80,
    0x08, 0x50, 0x00, 0x00, 0x00, 0x00, 0x00, 0xe7, 0x00, 0x00, 0xe7, 0x00, 0x00, 0xe7,
    0x00, 0x00, 0xe7, 0x00, 0x00, 0xe7, 0x00, 0x00, 0xe7, 0x00, 0x00, 0xe7, 0x00, 0x00,
    0xe7, 0x00, 0x00, 0xe7, 0x00, 0x3e, 0xb3, 0xa6, 0xa7, 0x4d, 0xd2, 0x00, 0xdb, 0x00,
    0x00, 0x4a, 0x00, 0x00, 0xa3, 0x00, 0x00, 0x00, 0x00, 0x00, 0xe7, 0x00, 0x00, 0xe7,
    0x00, 0x00, 0xe7, 0x00, 0x00, 0xe7, 0x00, 0x00, 0xe7, 0x00, 0x00, 0xe7, 0x00, 0x00,
    0xe7, 0x00, 0x00, 0xe7, 0x00, 0x00, 0xe7, 0x00, 0x3e, 0xb3, 0xa6, 0xa7, 0x4d, 0xd2,
    0x00, 0xfa, 0x00, 0x00, 0xd1, 0x00, 0x00, 0x68, 0x00, 0x00, 0x00, 0x00, 0x00, 0xe7,
    0x00, 0x00, 0xe7, 0x00, 0x00, 0xe7, 0x00, 0x00, 0xe7, 0x00, 0x00, 0xe7, 0x00, 0x00,
    0xe7, 0x00, 0x00, 0xe7, 0x00, 0x00, 0xe7, 0x00, 0x00, 0xe7, 0x00, 0xeb, 0x0e, 0x90,
    0x4a, 0x0e, 0x90, 0xa3, 0x0e, 0x90, 0x00, 0x0e, 0x90, 0x00, 0x0e, 0x90, 0x00, 0x0e,
    0x90, 0x00, 0x0e, 0x90, 0x00, 0x0e, 0x90, 0x00, 0x0e, 0x90, 0x00, 0x0e, 0x90, 0x00,
    0x0e, 0x90, 0x00, 0x0e, 0x90, 0xf9, 0x0e, 0x90, 0xd0, 0x0e, 0x90, 0x67, 0x0e, 0x90,
    0x00, 0x0e, 0x90, 0x00, 0x0e, 0x90, 0x00, 0x0e, 0x90, 0x00, 0x0e, 0x90, 0x00, 0x0e,
    0x90, 0x00, 0x0e, 0x90, 0x00, 0x0e, 0x90, 0x00, 0x0e, 0x90, 0x00, 0x0e, 0x90, 0xeb,
    0x6f, 0x40, 0xcb, 0x04, 0xa0, 0x8c, 0x0c, 0xb0, 0xa3, 0x00, 0x00, 0xcb, 0x00, 0x00,
    0x00, 0x0c, 0xb0, 0x00, 0x00, 0x00, 0xcb, 0x00, 0x00, 0x00, 0x0c, 0xb0, 0x00, 0x00,
    0x00, 0xcb, 0x00, 0x00, 0x00, 0x0c, 0xb0, 0x00, 0x00, 0x00, 0xcb, 0x00, 0x00, 0x00,
    0x0c, 0xb0, 0x00, 0x00, 0x00, 0xcb, 0x00, 0x00, 0x00, 0x0c, 0xb0, 0xf9, 0x6f, 0x40,
    0xcb, 0x0d, 0x00, 0x8c, 0x0c, 0xb0, 0x67, 0x00, 0x00, 0xcb, 0x00, 0x00, 0x00, 0x0c,
    0xb0, 0x00, 0x00, 0x00, 0xcb, 0x00, 0x00, 0x00, 0x0c, 0xb0, 0x00, 0x00, 0x00, 0xcb,
    0x00, 0x00, 0x00, 0x0c, 0xb0, 0x00, 0x00, 0x00, 0xcb, 0x00, 0x00, 0x00, 0x0c, 0xb0,
    0x00, 0x00, 0x00, 0xcb, 0x00, 0x00, 0x00, 0x0c, 0xb0, 0xeb, 0x2f, 0x90, 0xcb, 0x04,
    0xa9, 0xa0, 0x0c, 0xb0, 0xa3, 0x00, 0x00, 0xcb, 0x00, 0x00, 0x00, 0x0c, 0xb0, 0x00,
    0x00, 0x00, 0xcb, 0x00, 0x00, 0x00, 0x0c, 0xb0, 0x00, 0x00, 0x00, 0xcb, 0x00, 0x00,
    0x00, 0x0c, 0xb0, 0x00, 0x00, 0x00, 0xcb, 0x00, 0x00, 0x00, 0x0c, 0xb0, 0x00, 0x00,
    0x00, 0xcb, 0x00, 0x00, 0x00, 0x0c, 0xb0, 0xf9, 0x2f, 0x90, 0xcb, 0x0d, 0x09, 0xa0,
    0x0c, 0xb0, 0x67, 0x00, 0x00, 0xcb, 0x00, 0x00, 0x00, 0x0c, 0xb0, 0x00, 0x00, 0x00,
    0xcb, 0x00, 0x00, 0x00, 0x0c, 0xb0, 0x00, 0x00, 0x00, 0xcb, 0x00, 0x00, 0x00, 0x0c,
    0xb0, 0x00, 0x00, 0x00, 0xcb, 0x00, 0x00, 0x00, 0x0c, 0xb0, 0x00, 0x00, 0x00, 0xcb,
    0x00, 0x00, 0x00, 0x0c, 0xb0, 0x08, 0xe8, 0x2f, 0x10, 0x00, 0x1f, 0x28, 0xe9, 0x00,
    0x00, 0x00, 0x4f, 0x60, 0x0c, 0xb0, 0x00, 0x09, 0x50, 0x0c, 0xb0, 0x00, 0x2a, 0x10,
    0x0c, 0xb0, 0x00, 0x00, 0x00, 0x0c, 0xb0, 0x00, 0x00, 0x00, 0x0c, 0xb0, 0x00, 0x00,
    0x00, 0x0c, 0xb0, 0x00, 0x00, 0x00, 0x0c, 0xb0, 0x00, 0x00, 0x00, 0x0c, 0xb0, 0x00,
    0x00, 0x00, 0x0c, 0xb0, 0x00, 0x00, 0x00, 0x0c, 0xb0, 0x00, 0x00, 0x00, 0x0c, 0xb0,
    0x00, 0x00, 0x00, 0x0c, 0xb0, 0x08, 0xe8, 0x2f, 0x10, 0x00, 0x1f, 0x28, 0xe9, 0x00,
    0x00, 0x00, 0x5f, 0x40, 0x0c, 0xb0, 0x00, 0x49, 0x00, 0x0c, 0xb0, 0x00, 0x0a, 0x30,
    0x0c, 0xb0, 0x00, 0x00, 0x00, 0x0c, 0xb0, 0x00, 0x00, 0x00, 0x0c, 0xb0, 0x00, 0x00,
    0x00, 0x0c, 0xb0, 0x00, 0x00, 0x00, 0x0c, 0xb0, 0x00, 0x00, 0x00, 0x0c, 0xb0, 0x00,
    0x00, 0x00, 0x0c, 0xb0, 0x00, 0x00, 0x00, 0x0c, 0xb0, 0x00, 0x00, 0x00, 0x0c, 0xb0,
    0x00, 0x00, 0x00, 0x0c, 0xb0, 0x00, 0x06, 0xf4, 0x00, 0x00, 0x00, 0x0b, 0x30, 0x00,
    0x00, 0x04, 0x90, 0x00, 0x00, 0x00, 0x00, 0x00, 0x00, 0x00, 0x7d, 0xfd, 0x60, 0x00,
    0x9e, 0x41, 0x5f, 0x70, 0x2f, 0x60, 0x00, 0x8e, 0x16, 0xf1, 0x00, 0x04, 0xf4, 0x7f,
    0x00, 0x00, 0x3f, 0x46, 0xf1, 0x00, 0x04, 0xf3, 0x2f, 0x60, 0x00, 0x8e, 0x00, 0xae,
    0x41, 0x5f, 0x70, 0x00, 0x8d, 0xfc, 0x60, 0x00, 0x00, 0x07, 0xf2, 0x00, 0x00, 0x00,
    0x68, 0x00, 0x00, 0x00, 0x01, 0xb1, 0x00, 0x00, 0x00, 0x00, 0x00, 0x00, 0x00, 0x7d,
    0xfd, 0x60, 0x00, 0x9e, 0x41, 0x5f, 0x70, 0x2f, 0x60, 0x00, 0x8e, 0x16, 0xf1, 0x00,
    0x04, 0xf4, 0x7f, 0x00, 0x00, 0x3f, 0x46, 0xf1, 0x00, 0x04, 0xf3, 0x2f, 0x60, 0x00,
    0x8e, 0x00, 0xae, 0x41, 0x5f, 0x70, 0x00, 0x8d, 0xfc, 0x60, 0x00, 0x03, 0xf7, 0xae,
    0x10, 0x00, 0x08, 0x61, 0xc8, 0x00, 0x01, 0xb1, 0x00, 0x00, 0x00, 0x00, 0x00, 0x00,
    0x00, 0x00, 0x7d, 0xfd, 0x60, 0x00, 0x9e, 0x41, 0x5f, 0x70, 0x2f, 0x60, 0x00, 0x8e,
    0x16, 0xf1, 0x00, 0x04, 0xf4, 0x7f, 0x00, 0x00, 0x3f, 0x46, 0xf1, 0x00, 0x04, 0xf3,
    0x2f, 0x60, 0x00, 0x8e, 0x00, 0xae, 0x41, 0x5f, 0x70, 0x00, 0x8d, 0xfc, 0x60, 0x00,
    0x04, 0xf5, 0xae, 0x10, 0x00, 0x3a, 0x01, 0xc8, 0x00, 0x00, 0xa4, 0x00, 0x00, 0x00,
    0x00, 0x00, 0x00, 0x00, 0x00, 0x7d, 0xfd, 0x60, 0x00, 0x9e, 0x41, 0x5f, 0x70, 0x2f,
    0x60, 0x00, 0x8e, 0x16, 0xf1, 0x00, 0x04, 0xf4, 0x7f, 0x00, 0x00, 0x3f, 0x46, 0xf1,
    0x00, 0x04, 0xf3, 0x2f, 0x60, 0x00, 0x8e, 0x00, 0xae, 0x41, 0x5f, 0x70, 0x00, 0x8d,
    0xfc, 0x60, 0x00, 0x00, 0x8f, 0x1b, 0xd1, 0x00, 0x00, 0xd5, 0xe2, 0x00, 0x00, 0x67,
    0x00, 0x00, 0x00, 0x00, 0x00, 0x00, 0x00, 0x00, 0x7d, 0xfd, 0x60, 0x00, 0x9e, 0x41,
    0x5f, 0x70, 0x2f, 0x60, 0x00, 0x8e, 0x16, 0xf1, 0x00, 0x04, 0xf4, 0x7f, 0x00, 0x00,
    0x3f, 0x46, 0xf1, 0x00, 0x04, 0xf3, 0x2f, 0x60, 0x00, 0x8e, 0x00, 0xae, 0x41, 0x5f,
    0x70, 0x00, 0x8d, 0xfc, 0x60, 0x00, 0x00, 0xaf, 0x0b, 0xd1, 0x00, 0x09, 0x54, 0xe2,
    0x00, 0x00, 0x2b, 0x00, 0x00, 0x00, 0x00, 0x00, 0x00, 0x00, 0x00, 0x7d, 0xfd, 0x60,
    0x00, 0x9e, 0x41, 0x5f, 0x70, 0x2f, 0x60, 0x00, 0x8e, 0x16, 0xf1, 0x00, 0x04, 0xf4,
    0x7f, 0x00, 0x00, 0x3f, 0x46, 0xf1, 0x00, 0x04, 0xf3, 0x2f, 0x60, 0x00, 0x8e, 0x00,
    0xae, 0x41, 0x5f, 0x70, 0x00, 0x8d, 0xfc, 0x60, 0x00, 0x00, 0xff, 0xff, 0xff, 0xff,
    0x00, 0x00, 0x40, 0x00, 0x00, 0x04, 0x00, 0x00, 0x40, 0x00, 0x00, 0x04, 0x00, 0x00,
    0x40, 0x00, 0x00, 0x04, 0x00, 0x00, 0x40, 0x00, 0x00, 0x04, 0x00, 0x00, 0x40, 0x00,
    0x00, 0x04, 0x00, 0x00, 0x40, 0x00, 0x00, 0x04, 0x00, 0x00, 0x40, 0x00, 0x00, 0x04,
    0x00, 0x00, 0x40, 0x00, 0x00, 0x04, 0x00, 0x00, 0x40, 0x00, 0x00, 0x04, 0x00, 0x00,
    0xff, 0xff, 0xff, 0xff, 0x00, 0x00, 0xff, 0xff, 0xff, 0xff, 0x00, 0x00, 0x40, 0x00,
    0x00, 0x04, 0x00, 0x00, 0x40, 0x00, 0x00, 0x04, 0x00, 0x00, 0x40, 0x00, 0x00, 0x04,
    0x00, 0x00, 0x40, 0x00, 0x00, 0x04, 0x00, 0x00, 0x40, 0x00, 0x00, 0x04, 0x00, 0x00,
    0x40, 0x00, 0x00, 0x04, 0x00, 0x00, 0x40, 0x00, 0x00, 0x04, 0x00, 0x00, 0x40, 0x00,
    0x00, 0x04, 0x00, 0x00, 0x40, 0x00, 0x00, 0x04, 0x00, 0x00, 0xff, 0xff, 0xff, 0xff,
    0x00, 0xeb, 0x00, 0x6c, 0xee, 0xc6, 0x00, 0x04, 0xa0, 0xae, 0x51, 0x15, 0xdb, 0x10,
    0xa3, 0x8e, 0x20, 0x00, 0x02, 0xe9, 0x00, 0x1e, 0x80, 0x00, 0x00, 0x08, 0xf1, 0x04,
    0xf4, 0x00, 0x00, 0x00, 0x3f, 0x50, 0x6f, 0x20, 0x00, 0x00, 0x01, 0xf7, 0x06, 0xf2,
    0x00, 0x00, 0x00, 0x1f, 0x70, 0x4f, 0x40, 0x00, 0x00, 0x03, 0xf5, 0x00, 0xe8, 0x00,
    0x00, 0x00, 0x7f, 0x10, 0x07, 0xe2, 0x00, 0x00, 0x2e, 0x90, 0x00, 0x0a, 0xe5, 0x11,
    0x5d, 0xb1, 0x00, 0x00, 0x06, 0xbe, 0xec, 0x60, 0x00, 0xf9, 0x00, 0x6c, 0xee, 0xc6,
    0x00, 0x0d, 0x00, 0xae, 0x51, 0x15, 0xdb, 0x10, 0x67, 0x8e, 0x20, 0x00, 0x02, 0xe9,
    0x00, 0x1e, 0x80, 0x00, 0x00, 0x08, 0xf1, 0x04, 0xf4, 0x00, 0x00, 0x00, 0x3f, 0x50,
    0x6f, 0x20, 0x00, 0x00, 0x01, 0xf7, 0x06, 0xf2, 0x00, 0x00, 0x00, 0x1f, 0x70, 0x4f,
    0x40, 0x00, 0x00, 0x03, 0xf5, 0x00, 0xe8, 0x00, 0x00, 0x00, 0x7f, 0x10, 0x07, 0xe2,
    0x00, 0x00, 0x2e, 0x90, 0x00, 0x0a, 0xe5, 0x11, 0x5d, 0xb1, 0x00, 0x00, 0x06, 0xbe,
    0xec, 0x60, 0x00, 0xeb, 0x6f, 0x40, 0x05, 0xbe, 0xec, 0x71, 0x00, 0x4a, 0x08, 0xc0,
    0x9e, 0x61, 0x14, 0xcc, 0x10, 0xa3, 0x00, 0x06, 0xf3, 0x00, 0x00, 0x1d, 0xa0, 0x00,
    0x00, 0x0d, 0xa0, 0x00, 0x00, 0x06, 0xf3, 0x00, 0x00, 0x2f, 0x60, 0x00, 0x00, 0x01,
    0xf7, 0x00, 0x00, 0x4f, 0x40, 0x00, 0x00, 0x00, 0xf9, 0x00, 0x00, 0x4f, 0x40, 0x00,
    0x00, 0x00, 0xe9, 0x00, 0x00, 0x2f, 0x60, 0x00, 0x00, 0x01, 0xf7, 0x00, 0x00, 0x0d,
    0xa0, 0x00, 0x00, 0x05, 0xf3, 0x00, 0x00, 0x05, 0xf4, 0x00, 0x00, 0x1d, 0xb0, 0x00,
    0x00, 0x00, 0x9e, 0x61, 0x04, 0xcc, 0x10, 0x00, 0x00, 0x00, 0x05, 0xbe, 0xec, 0x71,
    0x00, 0xf9, 0x6f, 0x40, 0x05, 0xbe, 0xec, 0x71, 0x00, 0xd0, 0x08, 0xc0, 0x9e, 0x61,
    0x14, 0xcc, 0x10, 0x67, 0x00, 0x06, 0xf3, 0x00, 0x00, 0x1d, 0xa0, 0x00, 0x00, 0x0d,
    0xa0, 0x00, 0x00, 0x06, 0xf3, 0x00, 0x00, 0x2f, 0x60, 0x00, 0x00, 0x01, 0xf7, 0x00,
    0x00, 0x4f, 0x40, 0x00, 0x00, 0x00, 0xf9, 0x00, 0x00, 0x4f, 0x40, 0x00, 0x00, 0x00,
    0xe9, 0x00, 0x00, 0x2f, 0x60, 0x00, 0x00, 0x01, 0xf7, 0x00, 0x00, 0x0d, 0xa0, 0x00,
    0x00, 0x05, 0xf3, 0x00, 0x00, 0x05, 0xf4, 0x00, 0x00, 0x1d, 0xb0, 0x00, 0x00, 0x00,
    0x9e, 0x61, 0x04, 0xcc, 0x10, 0x00, 0x00, 0x00, 0x05, 0xbe, 0xec, 0x71, 0x00, 0xeb,
    0x2f, 0x90, 0x3a, 0xef, 0xd8, 0x20, 0x00, 0x4a, 0x9a, 0x06, 0xf8, 0x21, 0x3b, 0xe3,
    0x00, 0xa3, 0x00, 0x3f, 0x60, 0x00, 0x00, 0xbd, 0x10, 0x00, 0x00, 0xad, 0x00, 0x00,
    0x00, 0x2f, 0x60, 0x00, 0x00, 0xe9, 0x00, 0x00, 0x00, 0x0d, 0xa0, 0x00, 0x01, 0xf8,
    0x00, 0x00, 0x00, 0x0b, 0xc0, 0x00, 0x01, 0xf7, 0x00, 0x00, 0x00, 0x0b, 0xc0, 0x00,
    0x00, 0xe9, 0x00, 0x00, 0x00, 0x0d, 0xa0, 0x00, 0x00, 0xad, 0x00, 0x00, 0x00, 0x2f,
    0x60, 0x00, 0x00, 0x3f, 0x70, 0x00, 0x00, 0xad, 0x10, 0x00, 0x00, 0x06, 0xf8, 0x20,
    0x3a, 0xe3, 0x00, 0x00, 0x00, 0x00, 0x3a, 0xdf, 0xd8, 0x10, 0x00, 0xf9, 0x2f, 0x90,
    0x3a, 0xef, 0xd8, 0x20, 0x00, 0xd0, 0x9a, 0x06, 0xf8, 0x21, 0x3b, 0xe3, 0x00, 0x67,
    0x00, 0x3f, 0x60, 0x00, 0x00, 0xbd, 0x10, 0x00, 0x00, 0xad, 0x00, 0x00, 0x00, 0x2f,
    0x60, 0x00, 0x00, 0xe9, 0x00, 0x00, 0x00, 0x0d, 0xa0, 0x00, 0x01, 0xf8, 0x00, 0x00,
    0x00, 0x0b, 0xc0, 0x00, 0x01, 0xf7, 0x00, 0x00, 0x00, 0x0b, 0xc0, 0x00, 0x00, 0xe9,
    0x00, 0x00, 0x00, 0x0d, 0xa0, 0x00, 0x00, 0xad, 0x00, 0x00, 0x00, 0x2f, 0x60, 0x00,
    0x00, 0x3f, 0x70, 0x00, 0x00, 0xad, 0x10, 0x00, 0x00, 0x06, 0xf8, 0x20, 0x3a, 0xe3,
    0x00, 0x00, 0x00, 0x00, 0x3a, 0xdf, 0xd8, 0x10, 0x00, 0x00, 0xff, 0xff, 0xff, 0xff,
    0x00, 0x00, 0x40, 0x00, 0x00, 0x04, 0x00, 0x00, 0x40, 0x00, 0x00, 0x04, 0x00, 0x00,
    0x40, 0x00, 0x00, 0x04, 0x00, 0x00, 0x40, 0x00, 0x00, 0x04, 0x00, 0x00, 0x40, 0x00,
    0x00, 0x04, 0x00, 0x00, 0x40, 0x00, 0x00, 0x04, 0x00, 0x00, 0x40, 0x00, 0x00, 0x04,
    0x00, 0x00, 0x40, 0x00, 0x00, 0x04, 0x00, 0x00, 0x40, 0x00, 0x00, 0x04, 0x00, 0x00,
    0xff, 0xff, 0xff, 0xff, 0x00, 0x00, 0xff, 0xff, 0xff, 0xff, 0x00, 0x00, 0x40, 0x00,
    0x00, 0x04, 0x00, 0x00, 0x40, 0x00, 0x00, 0x04, 0x00, 0x00, 0x40, 0x00, 0x00, 0x04,
    0x00, 0x00, 0x40, 0x00, 0x00, 0x04, 0x00, 0x00, 0x40, 0x00, 0x00, 0x04, 0x00, 0x00,
    0x40, 0x00, 0x00, 0x04, 0x00, 0x00, 0x40, 0x00, 0x00, 0x04, 0x00, 0x00, 0x40, 0x00,
    0x00, 0x04, 0x00, 0x00, 0x40, 0x00, 0x00, 0x04, 0x00, 0x00, 0xff, 0xff, 0xff, 0xff,
    0x00, 0x00, 0x06, 0xf3, 0x00, 0x00, 0x00, 0x0c, 0x20, 0x00, 0x00, 0x05, 0x90, 0x00,
    0x00, 0x00, 0x00, 0x00, 0x00, 0x0e, 0x70, 0x00, 0xab, 0x00, 0xe7, 0x00, 0x0a, 0xb0,
    0x0e, 0x70, 0x00, 0xab, 0x00, 0xe7, 0x00, 0x0a, 0xb0, 0x0e, 0x70, 0x00, 0xab, 0x00,
    0xe7, 0x00, 0x0b, 0xa0, 0x0c, 0xa0, 0x00, 0xd8, 0x00, 0x6f, 0x51, 0x7f, 0x30, 0x00,
    0x7d, 0xec, 0x40, 0x00, 0x00, 0x08, 0xf1, 0x00, 0x00, 0x00, 0x76, 0x00, 0x00, 0x00,
    0x02, 0xb1, 0x00, 0x00, 0x00, 0x00, 0x00, 0x00, 0x0e, 0x70, 0x00, 0xab, 0x00, 0xe7,
    0x00, 0x0a, 0xb0, 0x0e, 0x70, 0x00, 0xab, 0x00, 0xe7, 0x00, 0x0a, 0xb0, 0x0e, 0x70,
    0x00, 0xab, 0x00, 0xe7, 0x00, 0x0b, 0xa0, 0x0c, 0xa0, 0x00, 0xd8, 0x00, 0x6f, 0x51,
    0x7f, 0x30, 0x00, 0x7d, 0xec, 0x40, 0x00, 0x03, 0xf7, 0xae, 0x10, 0x00, 0x08, 0x61,
    0xc8, 0x00, 0x01, 0xb1, 0x00, 0x00, 0x00, 0x00, 0x00, 0x00, 0x00, 0x0e, 0x70, 0x00,
    0xab, 0x00, 0xe7, 0x00, 0x0a, 0xb0, 0x0e, 0x70, 0x00, 0xab, 0x00, 0xe7, 0x00, 0x0a,
    0xb0, 0x0e, 0x70, 0x00, 0xab, 0x00, 0xe7, 0x00, 0x0b, 0xa0, 0x0c, 0xa0, 0x00, 0xd8,
    0x00, 0x6f, 0x51, 0x7f, 0x30, 0x00, 0x7d, 0xec, 0x40, 0x00, 0x04, 0xf5, 0xae, 0x10,
    0x00, 0x3a, 0x01, 0xc8, 0x00, 0x00, 0xa4, 0x00, 0x00, 0x00, 0x00, 0x00, 0x00, 0x00,
    0x0e, 0x70, 0x00, 0xab, 0x00, 0xe7, 0x00, 0x0a, 0xb0, 0x0e, 0x70, 0x00, 0xab, 0x00,
    0xe7, 0x00, 0x0a, 0xb0, 0x0e, 0x70, 0x00, 0xab, 0x00, 0xe7, 0x00, 0x0b, 0xa0, 0x0c,
    0xa0, 0x00, 0xd8, 0x00, 0x6f, 0x51, 0x7f, 0x30, 0x00, 0x7d, 0xec, 0x40, 0x00, 0x00,
    0x6f, 0x39, 0xe3, 0x00, 0x00, 0xb5, 0xe4, 0x00, 0x00, 0x49, 0x00, 0x00, 0x00, 0x00,
    0x00, 0x00, 0x00, 0x0e, 0x70, 0x00, 0xab, 0x00, 0xe7, 0x00, 0x0a, 0xb0, 0x0e, 0x70,
    0x00, 0xab, 0x00, 0xe7, 0x00, 0x0a, 0xb0, 0x0e, 0x70, 0x00, 0xab, 0x00, 0xe7, 0x00,
    0x0b, 0xa0, 0x0c, 0xa0, 0x00, 0xd8, 0x00, 0x6f, 0x51, 0x7f, 0x30, 0x00, 0x7d, 0xec,
    0x40, 0x00, 0x00, 0x8f, 0x29, 0xe3, 0x00, 0x07, 0x72, 0xe4, 0x00, 0x00, 0x1b, 0x10,
    0x00, 0x00, 0x00, 0x00, 0x00, 0x00, 0x0e, 0x70, 0x00, 0xab, 0x00, 0xe7, 0x00, 0x0a,
    0xb0, 0x0e, 0x70, 0x00, 0xab, 0x00, 0xe7, 0x00, 0x0a, 0xb0, 0x0e, 0x70, 0x00, 0xab,
    0x00, 0xe7, 0x00, 0x0b, 0xa0, 0x0c, 0xa0, 0x00, 0xd8, 0x00, 0x6f, 0x51, 0x7f, 0x30,
    0x00, 0x7d, 0xec, 0x40, 0x00, 0x00, 0xae, 0x74, 0xe0, 0x00, 0x3d, 0x29, 0xe7, 0x00,
    0x00, 0x06, 0xf3, 0x00, 0x00, 0x00, 0x0c, 0x20, 0x00, 0x00, 0x05, 0x90, 0x00, 0x00,
    0x00, 0x00, 0x00, 0x00, 0x0e, 0x70, 0x00, 0xab, 0x00, 0xe7, 0x00, 0x0a, 0xb0, 0x0e,
    0x70, 0x00, 0xab, 0x00, 0xe7, 0x00, 0x0a, 0xb0, 0x0e, 0x70, 0x00, 0xab, 0x00, 0xe7,
    0x00, 0x0b, 0xa0, 0x0c, 0xa0, 0x00, 0xd8, 0x00, 0x6f, 0x51, 0x7f, 0x30, 0x00, 0x7d,
    0xec, 0x40, 0x00, 0x00, 0xae, 0x64, 0xd0, 0x00, 0x3d, 0x2a, 0xe6, 0x00, 0x00, 0x08,
    0xf1, 0x00, 0x00, 0x00, 0x76, 0x00, 0x00, 0x00, 0x02, 0xb1, 0x00, 0x00, 0x00, 0x00,
    0x00, 0x00, 0x0e, 0x70, 0x00, 0xab, 0x00, 0xe7, 0x00, 0x0a, 0xb0, 0x0e, 0x70, 0x00,
    0xab, 0x00, 0xe7, 0x00, 0x0a, 0xb0, 0x0e, 0x70, 0x00, 0xab, 0x00, 0xe7, 0x00, 0x0b,
    0xa0, 0x0c, 0xa0, 0x00, 0xd8, 0x00, 0x6f, 0x51, 0x7f, 0x30, 0x00, 0x7d, 0xec, 0x40,
    0x00, 0x00, 0xff, 0xff, 0xff, 0xff, 0x00, 0x00, 0x40, 0x00, 0x00, 0x04, 0x00, 0x00,
    0x40, 0x00, 0x00, 0x04, 0x00, 0x00, 0x40, 0x00, 0x00, 0x04, 0x00, 0x00, 0x40, 0x00,
    0x00, 0x04, 0x00, 0x00, 0x40, 0x00, 0x00, 0x04, 0x00, 0x00, 0x40, 0x00, 0x00, 0x04,
    0x00, 0x00, 0x40, 0x00, 0x00, 0x04, 0x00, 0x00, 0x40, 0x00, 0x00, 0x04, 0x00, 0x00,
    0x40, 0x00, 0x00, 0x04, 0x00, 0x00, 0xff, 0xff, 0xff, 0xff, 0x00, 0xf9, 0x4f, 0x80,
    0x00, 0x00, 0x3f, 0x8d, 0x00, 0xaf, 0x20, 0x00, 0x0b, 0xd1, 0x67, 0x01, 0xea, 0x00,
    0x05, 0xf4, 0x00, 0x00, 0x06, 0xf4, 0x01, 0xd9, 0x00, 0x00, 0x00, 0x0b, 0xd1, 0x9d,
    0x10, 0x00, 0x00, 0x00, 0x2e, 0xdf, 0x40, 0x00, 0x00, 0x00, 0x00, 0x7f, 0x90, 0x00,
    0x00, 0x00, 0x00, 0x03, 0xf5, 0x00, 0x00, 0x00, 0x00, 0x00, 0x3f, 0x50, 0x00, 0x00,
    0x00, 0x00, 0x03, 0xf5, 0x00, 0x00, 0x00, 0x00, 0x00, 0x3f, 0x50, 0x00, 0x00, 0x00,
    0x00, 0x03, 0xf5, 0x00, 0x00, 0x00, 0xff, 0xff, 0xff, 0xff, 0x00, 0x00, 0x40, 0x00,
    0x00, 0x04, 0x00, 0x00, 0x40, 0x00, 0x00, 0x04, 0x00, 0x00, 0x40, 0x00, 0x00, 0x04,
    0x00, 0x00, 0x40, 0x00, 0x00, 0x04, 0x00, 0x00, 0x40, 0x00, 0x00, 0x04, 0x00, 0x00,
    0x40, 0x00, 0x00, 0x04, 0x00, 0x00, 0x40, 0x00, 0x00, 0x04, 0x00, 0x00, 0x40, 0x00,
    0x00, 0x04, 0x00, 0x00, 0x40, 0x00, 0x00, 0x04, 0x00, 0x00, 0xff, 0xff, 0xff, 0xff,
    0x00, 0xf9, 0x6f, 0x5d, 0xd0, 0x00, 0x00, 0x0c, 0xd1, 0xd0, 0x08, 0xc5, 0xf7, 0x00,
    0x00, 0x6f, 0x40, 0x67, 0x00, 0x00, 0xae, 0x10, 0x01, 0xe9, 0x00, 0x00, 0x00, 0x00,
    0x1e, 0x90, 0x09, 0xd1, 0x00, 0x00, 0x00, 0x00, 0x06, 0xf4, 0x4f, 0x40, 0x00, 0x00,
    0x00, 0x00, 0x00, 0xbe, 0xe9, 0x00, 0x00, 0x00, 0x00, 0x00, 0x00, 0x2f, 0xd1, 0x00,
    0x00, 0x00, 0x00, 0x00, 0x00, 0x0d, 0xa0, 0x00, 0x00, 0x00, 0x00, 0x00, 0x00, 0x0d,
    0xa0, 0x00, 0x00, 0x00, 0x00, 0x00, 0x00, 0x0d, 0xa0, 0x00, 0x00, 0x00, 0x00, 0x00,
    0x00, 0x0d, 0xa0, 0x00, 0x00, 0x00, 0x00, 0x00, 0x00, 0x0d, 0xa0, 0x00, 0x00, 0x00,
    0xff, 0xff, 0xff, 0xff, 0x00, 0x00, 0x40, 0x00, 0x00, 0x04, 0x00, 0x00, 0x40, 0x00,
    0x00, 0x04, 0x00, 0x00, 0x40, 0x00, 0x00, 0x04, 0x00, 0x00, 0x40, 0x00, 0x00, 0x04,
    0x00, 0x00, 0x40, 0x00, 0x00, 0x04, 0x00, 0x00, 0x40, 0x00, 0x00, 0x04, 0x00, 0x00,
    0x40, 0x00, 0x00, 0x04, 0x00, 0x00, 0x40, 0x00, 0x00, 0x04, 0x00, 0x00, 0x40, 0x00,
    0x00, 0x04, 0x00, 0x00, 0xff, 0xff, 0xff, 0xff, 0x00, 0xf9, 0x2f, 0x93, 0xfa, 0x00,
    0x00, 0x01, 0xea, 0x0d, 0x09, 0xa0, 0x08, 0xf4, 0x00, 0x00, 0xae, 0x10, 0x67, 0x00,
    0x00, 0x0d, 0xc0, 0x00, 0x3f, 0x50, 0x00, 0x00, 0x00, 0x00, 0x4f, 0x60, 0x0c, 0xb0,
    0x00, 0x00, 0x00, 0x00, 0x00, 0x9e, 0x27, 0xe2, 0x00, 0x00, 0x00, 0x00, 0x00, 0x01,
    0xed, 0xf6, 0x00, 0x00, 0x00, 0x00, 0x00, 0x00, 0x05, 0xfb, 0x00, 0x00, 0x00, 0x00,
    0x00, 0x00, 0x00, 0x1f, 0x70, 0x00, 0x00, 0x00, 0x00, 0x00, 0x00, 0x01, 0xf7, 0x00,
    0x00, 0x00, 0x00, 0x00, 0x00, 0x00, 0x1f, 0x70, 0x00, 0x00, 0x00, 0x00, 0x00, 0x00,
    0x01, 0xf7, 0x00, 0x00, 0x00, 0x00, 0x00, 0x00, 0x00, 0x1f, 0x70, 0x00, 0x00, 0x00,
    0xff, 0xff, 0xff, 0xff, 0x00, 0x00, 0x40, 0x00, 0x00, 0x04, 0x00, 0x00, 0x40, 0x00,
    0x00, 0x04, 0x00, 0x00, 0x40, 0x00, 0x00, 0x04, 0x00, 0x00, 0x40, 0x00, 0x00, 0x04,
    0x00, 0x00, 0x40, 0x00, 0x00, 0x04, 0x00, 0x00, 0x40, 0x00, 0x00, 0x04, 0x00, 0x00,
    0x40, 0x00, 0x00, 0x04, 0x00, 0x00, 0x40, 0x00, 0x00, 0x04, 0x00, 0x00, 0x40, 0x00,
    0x00, 0x04, 0x00, 0x00, 0xff, 0xff, 0xff, 0xff, 0x00, 0x6e, 0x92, 0xd3, 0x00, 0x00,
    0x00, 0x00, 0x00, 0xd4, 0x6e, 0xb0, 0x00, 0x00, 0x00, 0x00, 0x00, 0x03, 0xf6, 0x1d,
    0xd0, 0x00, 0x00, 0x0c, 0xd1, 0x02, 0xc0, 0x05, 0xf7, 0x00, 0x00, 0x6f, 0x40, 0x00,
    0x95, 0x00, 0xae, 0x10, 0x01, 0xe9, 0x00, 0x00, 0x00, 0x00, 0x1e, 0x90, 0x09, 0xd1,
    0x00, 0x00, 0x00, 0x00, 0x06, 0xf4, 0x4f, 0x40, 0x00, 0x00, 0x00, 0x00, 0x00, 0xbe,
    0xe9, 0x00, 0x00, 0x00, 0x00, 0x00, 0x00, 0x2f, 0xd1, 0x00, 0x00, 0x00, 0x00, 0x00,
    0x00, 0x0d, 0xa0, 0x00, 0x00, 0x00, 0x00, 0x00, 0x00, 0x0d, 0xa0, 0x00, 0x00, 0x00,
    0x00, 0x00, 0x00, 0x0d, 0xa0, 0x00, 0x00, 0x00, 0x00, 0x00, 0x00, 0x0d, 0xa0, 0x00,
    0x00, 0x00, 0x00, 0x00, 0x00, 0x0d, 0xa0, 0x00, 0x00, 0x00, 0x00, 0x09, 0xf1, 0x00,
    0x00, 0x00, 0x00, 0x00, 0x0d, 0x00, 0x00, 0x00, 0x00, 0x00, 0x07, 0x70, 0x00, 0x00,
    0x00, 0x00, 0x00, 0x00, 0x00, 0x00, 0x00, 0x05, 0xf2, 0x00, 0x00, 0x09, 0xc0, 0x00,
    0xbb, 0x00, 0x00, 0x00, 0x3f, 0x30, 0x1f, 0x60, 0x07, 0xe0, 0x00, 0xe8, 0x03, 0xf3,
    0x00, 0x7e, 0x00, 0x0b, 0xb0, 0x4f, 0x20, 0x07, 0xe0, 0x00, 0xac, 0x03, 0xf3, 0x00,
    0x7f, 0x00, 0x0a, 0xb0, 0x1f, 0x60, 0x09, 0xf2, 0x00, 0xd8, 0x00, 0x9d, 0x24, 0xe9,
    0xa1, 0x7f, 0x30, 0x01, 0xaf, 0xd4, 0x09, 0xed, 0x50, 0x00, 0x00, 0x00, 0x0d, 0xc0,
    0x00, 0x00, 0x00, 0x00, 0x00, 0xc2, 0x00, 0x00, 0x00, 0x00, 0x00, 0x04, 0x90, 0x00,
    0x00, 0x00, 0x00, 0x00, 0x00, 0x00, 0x00, 0x00, 0x05, 0xf2, 0x00, 0x00, 0x09, 0xc0,
    0x00, 0xbb, 0x00, 0x00, 0x00, 0x3f, 0x30, 0x1f, 0x60, 0x07, 0xe0, 0x00, 0xe8, 0x03,
    0xf3, 0x00, 0x7e, 0x00, 0x0b, 0xb0, 0x4f, 0x20, 0x07, 0xe0, 0x00, 0xac, 0x03, 0xf3,
    0x00, 0x7f, 0x00, 0x0a, 0xb0, 0x1f, 0x60, 0x09, 0xf2, 0x00, 0xd8, 0x00, 0x9d, 0x24,
    0xe9, 0xa1, 0x7f, 0x30, 0x01, 0xaf, 0xd4, 0x09, 0xed, 0x50, 0x00, 0x00, 0x04, 0xf6,
    0xbd, 0x10, 0x00, 0x00, 0x00, 0x09, 0x51, 0xc7, 0x00, 0x00, 0x00, 0x02, 0xb1, 0x00,
    0x00, 0x00, 0x00, 0x00, 0x00, 0x00, 0x00, 0x00, 0x00, 0x05, 0xf2, 0x00, 0x00, 0x09,
    0xc0, 0x00, 0xbb, 0x00, 0x00, 0x00, 0x3f, 0x30, 0x1f, 0x60, 0x07, 0xe0, 0x00, 0xe8,
    0x03, 0xf3, 0x00, 0x7e, 0x00, 0x0b, 0xb0, 0x4f, 0x20, 0x07, 0xe0, 0x00, 0xac, 0x03,
    0xf3, 0x00, 0x7f, 0x00, 0x0a, 0xb0, 0x1f, 0x60, 0x09, 0xf2, 0x00, 0xd8, 0x00, 0x9d,
    0x24, 0xe9, 0xa1, 0x7f, 0x30, 0x01, 0xaf, 0xd4, 0x09, 0xed, 0x50, 0x00, 0x00, 0x05,
    0xf5, 0xbd, 0x10, 0x00, 0x00, 0x00, 0x4a, 0x01, 0xc7, 0x00, 0x00, 0x00, 0x00, 0xa3,
    0x00, 0x00, 0x00, 0x00, 0x00, 0x00, 0x00, 0x00, 0x00, 0x00, 0x05, 0xf2, 0x00, 0x00,
    0x09, 0xc0, 0x00, 0xbb, 0x00, 0x00, 0x00, 0x3f, 0x30, 0x1f, 0x60, 0x07, 0xe0, 0x00,
    0xe8, 0x03, 0xf3, 0x00, 0x7e, 0x00, 0x0b, 0xb0, 0x4f, 0x20, 0x07, 0xe0, 0x00, 0xac,
    0x03, 0xf3, 0x00, 0x7f, 0x00, 0x0a, 0xb0, 0x1f, 0x60, 0x09, 0xf2, 0x00, 0xd8, 0x00,
    0x9d, 0x24, 0xe9, 0xa1, 0x7f, 0x30, 0x01, 0xaf, 0xd4, 0x09, 0xed, 0x50, 0x00, 0x00,
    0x00, 0xdc, 0x1e, 0xa0, 0x00, 0x00, 0x00, 0x03, 0xb8, 0xb0, 0x00, 0x00, 0x00, 0x00,
    0xa4, 0x00, 0x00, 0x00, 0x00, 0x00, 0x00, 0x00, 0x00, 0x00, 0x00, 0x05, 0xf2, 0x00,
    0x00, 0x09, 0xc0, 0x00, 0xbb, 0x00, 0x00, 0x00, 0x3f, 0x30, 0x1f, 0x60, 0x07, 0xe0,
    0x00, 0xe8, 0x03, 0xf3, 0x00, 0x7e, 0x00, 0x0b, 0xb0, 0x4f, 0x20, 0x07, 0xe0, 0x00,
    0xac, 0x03, 0xf3, 0x00, 0x7f, 0x00, 0x0a, 0xb0, 0x1f, 0x60, 0x09, 0xf2, 0x00, 0xd8,
    0x00, 0x9d, 0x24, 0xe9, 0xa1, 0x7f, 0x30, 0x01, 0xaf, 0xd4, 0x09, 0xed, 0x50, 0x00,
    0x00, 0x00, 0xea, 0x1e, 0xa0, 0x00, 0x00, 0x00, 0x0d, 0x18, 0xb0, 0x00, 0x00, 0x00,
    0x00, 0x58, 0x00, 0x00, 0x00, 0x00, 0x00, 0x00, 0x00, 0x00, 0x00, 0x00, 0x05, 0xf2,
    0x00, 0x00, 0x09, 0xc0, 0x00, 0xbb, 0x00, 0x00, 0x00, 0x3f, 0x30, 0x1f, 0x60, 0x07,
    0xe0, 0x00, 0xe8, 0x03, 0xf3, 0x00, 0x7e, 0x00, 0x0b, 0xb0, 0x4f, 0x20, 0x07, 0xe0,
    0x00, 0xac, 0x03, 0xf3, 0x00, 0x7f, 0x00, 0x0a, 0xb0, 0x1f, 0x60, 0x09, 0xf2, 0x00,
    0xd8, 0x00, 0x9d, 0x24, 0xe9, 0xa1, 0x7f, 0x30, 0x01, 0xaf, 0xd4, 0x09, 0xed, 0x50,
    0x00, 0x00, 0x01, 0xcd, 0x56, 0xb0, 0x00, 0x00, 0x00, 0x5b, 0x2b, 0xe5, 0x00, 0x00,
    0x00, 0x00, 0x09, 0xf1, 0x00, 0x00, 0x00, 0x00, 0x00, 0x0d, 0x00, 0x00, 0x00, 0x00,
    0x00, 0x07, 0x70, 0x00, 0x00, 0x00, 0x00, 0x00, 0x00, 0x00, 0x00, 0x00, 0x05, 0xf2,
    0x00, 0x00, 0x09, 0xc0, 0x00, 0xbb, 0x00, 0x00, 0x00, 0x3f, 0x30, 0x1f, 0x60, 0x07,
    0xe0, 0x00, 0xe8, 0x03, 0xf3, 0x00, 0x7e, 0x00, 0x0b, 0xb0, 0x4f, 0x20, 0x07, 0xe0,
    0x00, 0xac, 0x03, 0xf3, 0x00, 0x7f, 0x00, 0x0a, 0xb0, 0x1f, 0x60, 0x09, 0xf2, 0x00,
    0xd8, 0x00, 0x9d, 0x24, 0xe9, 0xa1, 0x7f, 0x30, 0x01, 0xaf, 0xd4, 0x09, 0xed, 0x50,
    0x00, 0x00, 0x02, 0xdc, 0x48, 0x90, 0x00, 0x00, 0x00, 0x89, 0x3c, 0xe3, 0x00, 0x00,
    0x00, 0x00, 0x0d, 0xc0, 0x00, 0x00, 0x00, 0x00, 0x00, 0xc2, 0x00, 0x00, 0x00, 0x00,
    0x00, 0x04, 0x90, 0x00, 0x00, 0x00, 0x00, 0x00, 0x00, 0x00, 0x00, 0x00, 0x05, 0xf2,
    0x00, 0x00, 0x09, 0xc0, 0x00, 0xbb, 0x00, 0x00, 0x00, 0x3f, 0x30, 0x1f, 0x60, 0x07,
    0xe0, 0x00, 0xe8, 0x03, 0xf3, 0x00, 0x7e, 0x00, 0x0b, 0xb0, 0x4f, 0x20, 0x07, 0xe0,
    0x00, 0xac, 0x03, 0xf3, 0x00, 0x7f, 0x00, 0x0a, 0xb0, 0x1f, 0x60, 0x09, 0xf2, 0x00,
    0xd8, 0x00, 0x9d, 0x24, 0xe9, 0xa1, 0x7f, 0x30, 0x01, 0xaf, 0xd4, 0x09, 0xed, 0x50,
    0x00, 0xeb, 0x00, 0x6c, 0xee, 0xb3, 0x00, 0x04, 0xa0, 0xbd, 0x51, 0x28, 0xf5, 0x00,
    0xa3, 0x7f, 0x30, 0x00, 0x09, 0xe1, 0x00, 0x0e, 0xa0, 0x00, 0x00, 0x2f, 0x70, 0x03,
    0xf6, 0x00, 0x00, 0x00, 0xdb, 0x00, 0x4f, 0x40, 0x00, 0x00, 0x0b, 0xd0, 0x04, 0xf5,
    0x00, 0x00, 0x00, 0xbc, 0x00, 0x2f, 0x70, 0x00, 0x00, 0x0d, 0xa0, 0x00, 0xcb, 0x00,
    0x00, 0x03, 0xf5, 0x00, 0x03, 0xf5, 0x00, 0x00, 0xbb, 0x00, 0x00, 0x06, 0xe5, 0x01,
    0xad, 0x10, 0x00, 0x7f, 0xff, 0xf0, 0x7f, 0xff, 0xf0, 0xf9, 0x00, 0x6c, 0xee, 0xb3,
    0x00, 0x0d, 0x00, 0xbd, 0x51, 0x28, 0xf5, 0x00, 0x67, 0x7f, 0x30, 0x00, 0x09, 0xe1,
    0x00, 0x0e, 0xa0, 0x00, 0x00, 0x2f, 0x70, 0x03, 0xf6, 0x00, 0x00, 0x00, 0xdb, 0x00,
    0x4f, 0x40, 0x00, 0x00, 0x0b, 0xd0, 0x04, 0xf5, 0x00, 0x00, 0x00, 0xbc, 0x00, 0x2f,
    0x70, 0x00, 0x00, 0x0d, 0xa0, 0x00, 0xcb, 0x00, 0x00, 0x03, 0xf5, 0x00, 0x03, 0xf5,
    0x00, 0x00, 0xbb, 0x00, 0x00, 0x06, 0xe5, 0x01, 0xad, 0x10, 0x00, 0x7f, 0xff, 0xf0,
    0x7f, 0xff, 0xf0, 0xeb, 0x6f, 0x40, 0x06, 0xce, 0xeb, 0x40, 0x00, 0x4a, 0x08, 0xc0,
    0x9e, 0x51, 0x17, 0xf7, 0x00, 0xa3, 0x00, 0x05, 0xf4, 0x00, 0x00, 0x7f, 0x30, 0x00,
    0x00, 0x0c, 0xc0, 0x00, 0x00, 0x1e, 0x90, 0x00, 0x00, 0x1f, 0x80, 0x00, 0x00, 0x0b,
    0xd0, 0x00, 0x00, 0x2f, 0x60, 0x00, 0x00, 0x09, 0xe0, 0x00, 0x00, 0x2f, 0x60, 0x00,
    0x00, 0x09, 0xe0, 0x00, 0x00, 0x0e, 0x80, 0x00, 0x00, 0x0b, 0xc0, 0x00, 0x00, 0x0a,
    0xd0, 0x00, 0x00, 0x1f, 0x70, 0x00, 0x00, 0x02, 0xe7, 0x00, 0x00, 0x9d, 0x00, 0x00,
    0x00, 0x00, 0x5f, 0x70, 0x19, 0xe2, 0x00, 0x00, 0x00, 0x5f, 0xff, 0xf2, 0x5f, 0xff,
    0xf2, 0xf9, 0x6f, 0x40, 0x06, 0xce, 0xeb, 0x40, 0x00, 0xd0, 0x08, 0xc0, 0x9e, 0x51,
    0x17, 0xf7, 0x00, 0x67, 0x00, 0x05, 0xf4, 0x00, 0x00, 0x7f, 0x30, 0x00, 0x00, 0x0c,
    0xc0, 0x00, 0x00, 0x1e, 0x90, 0x00, 0x00, 0x1f, 0x80, 0x00, 0x00, 0x0b, 0xd0, 0x00,
    0x00, 0x2f, 0x60, 0x00, 0x00, 0x09, 0xe0, 0x00, 0x00, 0x2f, 0x60, 0x00, 0x00, 0x09,
    0xe0, 0x00, 0x00, 0x0e, 0x80, 0x00, 0x00, 0x0b, 0xc0, 0x00, 0x00, 0x0a, 0xd0, 0x00,
    0x00, 0x1f, 0x70, 0x00, 0x00, 0x02, 0xe7, 0x00, 0x00, 0x9d, 0x00, 0x00, 0x00, 0x00,
    0x5f, 0x70, 0x19, 0xe2, 0x00, 0x00, 0x00, 0x5f, 0xff, 0xf2, 0x5f, 0xff, 0xf2, 0xeb,
    0x2f, 0x90, 0x4b, 0xee, 0xc6, 0x00, 0x04, 0xa9, 0xa0, 0x6f, 0x71, 0x15, 0xea, 0x00,
    0xa3, 0x00, 0x2f, 0x80, 0x00, 0x04, 0xf6, 0x00, 0x00, 0x09, 0xe1, 0x00, 0x00, 0x0c,
    0xc0, 0x00, 0x00, 0xdb, 0x00, 0x00, 0x00, 0x8f, 0x10, 0x00, 0x0e, 0x90, 0x00, 0x00,
    0x06, 0xf3, 0x00, 0x00, 0xea, 0x00, 0x00, 0x00, 0x6f, 0x20, 0x00, 0x0b, 0xc0, 0x00,
    0x00, 0x08, 0xe0, 0x00, 0x00, 0x6f, 0x20, 0x00, 0x00, 0xda, 0x00, 0x00, 0x00, 0xda,
    0x00, 0x00, 0x6f, 0x20, 0x00, 0x00, 0x02, 0xe9, 0x10, 0x6e, 0x50, 0x00, 0x00, 0x2f,
    0xff, 0xf5, 0x2f, 0xff, 0xf5, 0xf9, 0x2f, 0x90, 0x4b, 0xee, 0xc6, 0x00, 0x0d, 0x09,
    0xa0, 0x6f, 0x71, 0x15, 0xea, 0x00, 0x67, 0x00, 0x2f, 0x80, 0x00, 0x04, 0xf6, 0x00,
    0x00, 0x09, 0xe1, 0x00, 0x00, 0x0c, 0xc0, 0x00, 0x00, 0xdb, 0x00, 0x00, 0x00, 0x8f,
    0x10, 0x00, 0x0e, 0x90, 0x00, 0x00, 0x06, 0xf3, 0x00, 0x00, 0xea, 0x00, 0x00, 0x00,
    0x6f, 0x20, 0x00, 0x0b, 0xc0, 0x00, 0x00, 0x08, 0xe0, 0x00, 0x00, 0x6f, 0x20, 0x00,
    0x00, 0xda, 0x00, 0x00, 0x00, 0xda, 0x00, 0x00, 0x6f, 0x20, 0x00, 0x00, 0x02, 0xe9,
    0x10, 0x6e, 0x50, 0x00, 0x00, 0x2f, 0xff, 0xf5, 0x2f, 0xff, 0xf5, 0x06, 0xe9, 0x2e,
    0x20, 0x00, 0x00, 0x00, 0x00, 0x0e, 0x37, 0xea, 0x00, 0x00, 0x00, 0x00, 0x00, 0x00,
    0x3f, 0x70, 0x04, 0xbe, 0xec, 0x60, 0x00, 0x00, 0x08, 0x60, 0x6f, 0x71, 0x15, 0xea,
    0x00, 0x00, 0x1b, 0x12, 0xf8, 0x00, 0x00, 0x4f, 0x60, 0x00, 0x00, 0x09, 0xe1, 0x00,
    0x00, 0x0c, 0xc0, 0x00, 0x00, 0x0d, 0xb0, 0x00, 0x00, 0x08, 0xf1, 0x00, 0x00, 0x0e,
    0x90, 0x00, 0x00, 0x06, 0xf3, 0x00, 0x00, 0x0e, 0xa0, 0x00, 0x00, 0x06, 0xf2, 0x00,
    0x00, 0x0b, 0xc0, 0x00, 0x00, 0x08, 0xe0, 0x00, 0x00, 0x06, 0xf2, 0x00, 0x00, 0x0d,
    0xa0, 0x00, 0x00, 0x00, 0xda, 0x00, 0x00, 0x6f, 0x20, 0x00, 0x00, 0x00, 0x2e, 0x91,
    0x06, 0xe5, 0x00, 0x00, 0x00, 0x2f, 0xff, 0xf5, 0x2f, 0xff, 0xf5, 0x06, 0xe9, 0x2e,
    0x20, 0x00, 0x00, 0x00, 0x00, 0x0e, 0x37, 0xea, 0x00, 0x00, 0x00, 0x00, 0x00, 0x00,
    0x4f, 0x50, 0x04, 0xbe, 0xec, 0x60, 0x00, 0x00, 0x3b, 0x00, 0x6f, 0x71, 0x15, 0xea,
    0x00, 0x00, 0x09, 0x42, 0xf8, 0x00, 0x00, 0x4f, 0x60, 0x00, 0x00, 0x09, 0xe1, 0x00,
    0x00, 0x0c, 0xc0, 0x00, 0x00, 0x0d, 0xb0, 0x00, 0x00, 0x08, 0xf1, 0x00, 0x00, 0x0e,
    0x90, 0x00, 0x00, 0x06, 0xf3, 0x00, 0x00, 0x0e, 0xa0, 0x00, 0x00, 0x06, 0xf2, 0x00,
    0x00, 0x0b, 0xc0, 0x00, 0x00, 0x08, 0xe0, 0x00, 0x00, 0x06, 0xf2, 0x00, 0x00, 0x0d,
    0xa0, 0x00, 0x00, 0x00, 0xda, 0x00, 0x00, 0x6f, 0x20, 0x00, 0x00, 0x00, 0x2e, 0x91,
    0x06, 0xe5, 0x00, 0x00, 0x00, 0x2f, 0xff, 0xf5, 0x2f, 0xff, 0xf5, 0x00, 0x5f, 0x60,
    0x00, 0x00, 0x00, 0x6d, 0x10, 0x00, 0x00, 0x00, 0x00, 0x00, 0x00, 0x19, 0xee, 0x91,
    0xe8, 0x0a, 0xe4, 0x18, 0xcf, 0x42, 0xf7, 0x00, 0x0d, 0xf1, 0x5f, 0x30, 0x00, 0x9d,
    0x06, 0xf2, 0x00, 0x08, 0xa0, 0x5f, 0x30, 0x00, 0x9c, 0x02, 0xf7, 0x00, 0x0d, 0xf0,
    0x09, 0xe3, 0x19, 0xdf, 0x30, 0x19, 0xee, 0xa1, 0xe7, 0x00, 0x05, 0xf5, 0x00, 0x00,
    0x00, 0xd7, 0x00, 0x00, 0x00, 0x00, 0x00, 0x00, 0x00, 0x19, 0xee, 0x91, 0xe8, 0x0a,
    0xe4, 0x18, 0xcf, 0x42, 0xf7, 0x00, 0x0d, 0xf1, 0x5f, 0x30, 0x00, 0x9d, 0x06, 0xf2,
    0x00, 0x08, 0xa0, 0x5f, 0x30, 0x00, 0x9c, 0x02, 0xf7, 0x00, 0x0d, 0xf0, 0x09, 0xe3,
    0x19, 0xdf, 0x30, 0x19, 0xee, 0xa1, 0xe7, 0x00, 0xbe, 0x10, 0x00, 0x01, 0xc7, 0x00,
    0x00, 0x00, 0x00, 0x00, 0x2b, 0xee, 0x80, 0x0b, 0xb1, 0x4c, 0x20, 0xe6, 0x00, 0x00,
    0x0b, 0xc2, 0x00, 0x00, 0x4f, 0xf9, 0x00, 0x1e, 0xb1, 0x00, 0x03, 0xf4, 0x00, 0x00,
    0x1e, 0xa1, 0x3b, 0x50, 0x3c, 0xee, 0xa2, 0x00, 0x09, 0xe2, 0x00, 0x02, 0xe3, 0x00,
    0x00, 0x00, 0x00, 0x00, 0x2b, 0xee, 0x80, 0x0b, 0xb1, 0x4c, 0x20, 0xe6, 0x00, 0x00,
    0x0b, 0xc2, 0x00, 0x00, 0x4f, 0xf9, 0x00, 0x1e, 0xb1, 0x00, 0x03, 0xf4, 0x00, 0x00,
    0x1e, 0xa1, 0x3b, 0x50, 0x3c, 0xee, 0xa2, 0x00, 0x1d, 0xb0, 0x00, 0x00, 0x00, 0x2e,
    0x40, 0x00, 0x00, 0x00, 0x00, 0x00, 0x00, 0xe7, 0xae, 0xe9, 0x10, 0x0e, 0xf9, 0x13,
    0xe8, 0x00, 0xed, 0x00, 0x0a, 0xc0, 0x0e, 0x90, 0x00, 0x9c, 0x00, 0xe8, 0x00, 0x09,
    0xc0, 0x0e, 0x80, 0x00, 0x9c, 0x00, 0xe8, 0x00, 0x09, 0xc0, 0x0e, 0x80, 0x00, 0x9c,
    0x00, 0xe8, 0x00, 0x09, 0xc0, 0x00, 0x00, 0x00, 0x9c, 0x00, 0x00, 0x00, 0x09, 0xc0,
    0x00, 0x00, 0x00, 0x9c, 0x00, 0x00, 0x00, 0xbd, 0x10, 0x00, 0x00, 0x3e, 0x30, 0x00,
    0x00, 0x00, 0x00, 0x00, 0x00, 0xe7, 0xae, 0xe9, 0x10, 0x0e, 0xf9, 0x13, 0xe8, 0x00,
    0xed, 0x00, 0x0a, 0xc0, 0x0e, 0x90, 0x00, 0x9c, 0x00, 0xe8, 0x00, 0x09, 0xc0, 0x0e,
    0x80, 0x00, 0x9c, 0x00, 0xe8, 0x00, 0x09, 0xc0, 0x0e, 0x80, 0x00, 0x9c, 0x00, 0xe8,
    0x00, 0x09, 0xc0, 0x00, 0x00, 0x00, 0x9c, 0x00, 0x00, 0x00, 0x09, 0xc0, 0x00, 0x00,
    0x00, 0x9c, 0x00, 0x0b, 0xd1, 0x00, 0x1c, 0x70, 0x00, 0x00, 0x00, 0x0e, 0x70, 0x00,
    0xe7, 0x00, 0x0e, 0x70, 0x00, 0xe7, 0x00, 0x0e, 0x70, 0x00, 0xe7, 0x00, 0x0e, 0x70,
    0x00, 0xe7, 0x00, 0x0e, 0x70, 0x06, 0xf4, 0x0d, 0x60, 0x00, 0x00, 0x0e, 0x70, 0x0e,
    0x70, 0x0e, 0x70, 0x0e, 0x70, 0x0e, 0x70, 0x0e, 0x70, 0x0e, 0x70, 0x0e, 0x70, 0x0e,
    0x70, 0x00, 0x3e, 0x90, 0x00, 0x00, 0x00, 0x4e, 0x20, 0x00, 0x00, 0x00, 0x00, 0x00,
    0x00, 0x07, 0xdf, 0xd6, 0x00, 0x09, 0xe4, 0x15, 0xf7, 0x02, 0xf6, 0x00, 0x08, 0xe1,
    0x6f, 0x10, 0x00, 0x4f, 0x47, 0xf0, 0x00, 0x03, 0xf4, 0x6f, 0x10, 0x00, 0x4f, 0x32,
    0xf6, 0x00, 0x08, 0xe0, 0x0a, 0xe4, 0x15, 0xf7, 0x00, 0x08, 0xdf, 0xc6, 0x00, 0x00,
    0x00, 0x9e, 0x20, 0x00, 0x00, 0x2e, 0x40, 0x00, 0x00, 0x00, 0x00, 0x00, 0x00, 0x07,
    0xdf, 0xd6, 0x00, 0x09, 0xe4, 0x15, 0xf7, 0x02, 0xf6, 0x00, 0x08, 0xe1, 0x6f, 0x10,
    0x00, 0x4f, 0x47, 0xf0, 0x00, 0x03, 0xf4, 0x6f, 0x10, 0x00, 0x4f, 0x32, 0xf6, 0x00,
    0x08, 0xe0, 0x0a, 0xe4, 0x15, 0xf7, 0x00, 0x08, 0xdf, 0xc6, 0x00, 0x00, 0x4f, 0x70,
    0x00, 0x00, 0x00, 0x5e, 0x10, 0x00, 0x00, 0x00, 0x00, 0x00, 0x00, 0xe7, 0x00, 0x0a,
    0xb0, 0x0e, 0x70, 0x00, 0xab, 0x00, 0xe7, 0x00, 0x0a, 0xb0, 0x0e, 0x70, 0x00, 0xab,
    0x00, 0xe7, 0x00, 0x0a, 0xb0, 0x0e, 0x70, 0x00, 0xba, 0x00, 0xca, 0x00, 0x0d, 0x80,
    0x06, 0xf5, 0x17, 0xf3, 0x00, 0x07, 0xde, 0xc4, 0x00, 0x00, 0x00, 0xdb, 0x00, 0x00,
    0x00, 0x7d, 0x10, 0x00, 0x00, 0x00, 0x00, 0x00, 0x00, 0xe7, 0x00, 0x0a, 0xb0, 0x0e,
    0x70, 0x00, 0xab, 0x00, 0xe7, 0x00, 0x0a, 0xb0, 0x0e, 0x70, 0x00, 0xab, 0x00, 0xe7,
    0x00, 0x0a, 0xb0, 0x0e, 0x70, 0x00, 0xba, 0x00, 0xca, 0x00, 0x0d, 0x80, 0x06, 0xf5,
    0x17, 0xf3, 0x00, 0x07, 0xde, 0xc4, 0x00, 0x00, 0x00, 0x6f, 0x40, 0x00, 0x00, 0x00,
    0x00, 0x00, 0x8c, 0x00, 0x00, 0x00, 0x00, 0x00, 0x00, 0x00, 0x00, 0x00, 0x00, 0x5f,
    0x20, 0x00, 0x00, 0x9c, 0x00, 0x0b, 0xb0, 0x00, 0x00, 0x03, 0xf3, 0x01, 0xf6, 0x00,
    0x7e, 0x00, 0x0e, 0x80, 0x3f, 0x30, 0x07, 0xe0, 0x00, 0xbb, 0x04, 0xf2, 0x00, 0x7e,
    0x00, 0x0a, 0xc0, 0x3f, 0x30, 0x07, 0xf0, 0x00, 0xab, 0x01, 0xf6, 0x00, 0x9f, 0x20,
    0x0d, 0x80, 0x09, 0xd2, 0x4e, 0x9a, 0x17, 0xf3, 0x00, 0x1a, 0xfd, 0x40, 0x9e, 0xd5,
    0x00, 0x00, 0x00, 0x00, 0xcc, 0x10, 0x00, 0x00, 0x00, 0x00, 0x5d, 0x20, 0x00, 0x00,
    0x00, 0x00, 0x00, 0x00, 0x00, 0x00, 0x00, 0x5f, 0x20, 0x00, 0x00, 0x9c, 0x00, 0x0b,
    0xb0, 0x00, 0x00, 0x03, 0xf3, 0x01, 0xf6, 0x00, 0x7e, 0x00, 0x0e, 0x80, 0x3f, 0x30,
    0x07, 0xe0, 0x00, 0xbb, 0x04, 0xf2, 0x00, 0x7e, 0x00, 0x0a, 0xc0, 0x3f, 0x30, 0x07,
    0xf0, 0x00, 0xab, 0x01, 0xf6, 0x00, 0x9f, 0x20, 0x0d, 0x80, 0x09, 0xd2, 0x4e, 0x9a,
    0x17, 0xf3, 0x00, 0x1a, 0xfd, 0x40, 0x9e, 0xd5, 0x00, 0x00, 0xff, 0xff, 0xff, 0xff,
    0x00, 0x00, 0x40, 0x00, 0x00, 0x04, 0x00, 0x00, 0x40, 0x00, 0x00, 0x04, 0x00, 0x00,
    0x40, 0x00, 0x00, 0x04, 0x00, 0x00, 0x40, 0x00, 0x00, 0x04, 0x00, 0x00, 0x40, 0x00,
    0x00, 0x04, 0x00, 0x00, 0x40, 0x00, 0x00, 0x04, 0x00, 0x00, 0x40, 0x00, 0x00, 0x04,
    0x00, 0x00, 0x40, 0x00, 0x00, 0x04, 0x00, 0x00, 0x40, 0x00, 0x00, 0x04, 0x00, 0x00,
    0xff, 0xff, 0xff, 0xff, 0x00, 0x00, 0xff, 0xff, 0xff, 0xff, 0x00, 0x00, 0x40, 0x00,
    0x00, 0x04, 0x00, 0x00, 0x40, 0x00, 0x00, 0x04, 0x00, 0x00, 0x40, 0x00, 0x00, 0x04,
    0x00, 0x00, 0x40, 0x00, 0x00, 0x04, 0x00, 0x00, 0x40, 0x00, 0x00, 0x04, 0x00, 0x00,
    0x40, 0x00, 0x00, 0x04, 0x00, 0x00, 0x40, 0x00, 0x00, 0x04, 0x00, 0x00, 0x40, 0x00,
    0x00, 0x04, 0x00, 0x00, 0x40, 0x00, 0x00, 0x04, 0x00, 0x00, 0xff, 0xff, 0xff, 0xff,
    0x00, 0x00, 0x08, 0xf1, 0x00, 0x00, 0x00, 0x0d, 0x10, 0x00, 0x00, 0x06, 0x70, 0x00,
    0x00, 0x00, 0x00, 0x00, 0x00, 0x01, 0x9e, 0xe9, 0x1e, 0x80, 0xae, 0x41, 0x8c, 0xf4,
    0x2f, 0x70, 0x00, 0xdf, 0x15, 0xf3, 0x00, 0x09, 0xd0, 0x6f, 0x20, 0x00, 0x8a, 0x05,
    0xf3, 0x00, 0x09, 0xc0, 0x2f, 0x70, 0x00, 0xdf, 0x00, 0x9e, 0x31, 0x9d, 0xf3, 0x01,
    0x9e, 0xea, 0x1e, 0x70, 0x00, 0x00, 0x00, 0x00, 0x00, 0x04, 0xa0, 0x00, 0x00, 0x00,
    0x6d, 0x00, 0x00, 0x00, 0x0b, 0xd0, 0x00, 0x00, 0x00, 0xa3, 0x00, 0x00, 0x00, 0x03,
    0xa0, 0x00, 0x00, 0x00, 0x00, 0x00, 0x00, 0x01, 0x9e, 0xe9, 0x1e, 0x80, 0xae, 0x41,
    0x8c, 0xf4, 0x2f, 0x70, 0x00, 0xdf, 0x15, 0xf3, 0x00, 0x09, 0xd0, 0x6f, 0x20, 0x00,
    0x8a, 0x05, 0xf3, 0x00, 0x09, 0xc0, 0x2f, 0x70, 0x00, 0xdf, 0x00, 0x9e, 0x31, 0x9d,
    0xf3, 0x01, 0x9e, 0xea, 0x1e, 0x70, 0x00, 0x00, 0x00, 0x00, 0x00, 0x04, 0xa0, 0x00,
    0x00, 0x00, 0x6d, 0x00, 0x00, 0x03, 0xf7, 0xae, 0x10, 0x00, 0x08, 0x61, 0xc8, 0x00,
    0x01, 0xb1, 0x00, 0x00, 0x00, 0x00, 0x00, 0x00, 0x00, 0x01, 0x9e, 0xe9, 0x1e, 0x80,
    0xae, 0x41, 0x8c, 0xf4, 0x2f, 0x70, 0x00, 0xdf, 0x15, 0xf3, 0x00, 0x09, 0xd0, 0x6f,
    0x20, 0x00, 0x8a, 0x05, 0xf3, 0x00, 0x09, 0xc0, 0x2f, 0x70, 0x00, 0xdf, 0x00, 0x9e,
    0x31, 0x9d, 0xf3, 0x01, 0x9e, 0xea, 0x1e, 0x70, 0x00, 0x00, 0x00, 0x00, 0x00, 0x04,
    0xa0, 0x00, 0x00, 0x00, 0x6d, 0x00, 0x00, 0x04, 0xf5, 0xae, 0x10, 0x00, 0x3a, 0x01,
    0xc8, 0x00, 0x00, 0xa4, 0x00, 0x00, 0x00, 0x00, 0x00, 0x00, 0x00, 0x01, 0x9e, 0xe9,
    0x1e, 0x80, 0xae, 0x41, 0x8c, 0xf4, 0x2f, 0x70, 0x00, 0xdf, 0x15, 0xf3, 0x00, 0x09,
    0xd0, 0x6f, 0x20, 0x00, 0x8a, 0x05, 0xf3, 0x00, 0x09, 0xc0, 0x2f, 0x70, 0x00, 0xdf,
    0x00, 0x9e, 0x31, 0x9d, 0xf3, 0x01, 0x9e, 0xea, 0x1e, 0x70, 0x00, 0x00, 0x00, 0x00,
    0x00, 0x04, 0xa0, 0x00, 0x00, 0x00, 0x6d, 0x00, 0x00, 0x00, 0x6f, 0x39, 0xe3, 0x00,
    0x00, 0xb5, 0xe4, 0x00, 0x00, 0x49, 0x00, 0x00, 0x00, 0x00, 0x00, 0x00, 0x00, 0x01,
    0x9e, 0xe9, 0x1e, 0x80, 0xae, 0x41, 0x8c, 0xf4, 0x2f, 0x70, 0x00, 0xdf, 0x15, 0xf3,
    0x00, 0x09, 0xd0, 0x6f, 0x20, 0x00, 0x8a, 0x05, 0xf3, 0x00, 0x09, 0xc0, 0x2f, 0x70,
    0x00, 0xdf, 0x00, 0x9e, 0x31, 0x9d, 0xf3, 0x01, 0x9e, 0xea, 0x1e, 0x70, 0x00, 0x00,
    0x00, 0x00, 0x00, 0x04, 0xa0, 0x00, 0x00, 0x00, 0x6d, 0x00, 0x00, 0x00, 0x8f, 0x29,
    0xe3, 0x00, 0x07, 0x72, 0xe4, 0x00, 0x00, 0x1b, 0x10, 0x00, 0x00, 0x00, 0x00, 0x00,
    0x00, 0x01, 0x9e, 0xe9, 0x1e, 0x80, 0xae, 0x41, 0x8c, 0xf4, 0x2f, 0x70, 0x00, 0xdf,
    0x15, 0xf3, 0x00, 0x09, 0xd0, 0x6f, 0x20, 0x00, 0x8a, 0x05, 0xf3, 0x00, 0x09, 0xc0,
    0x2f, 0x70, 0x00, 0xdf, 0x00, 0x9e, 0x31, 0x9d, 0xf3, 0x01, 0x9e, 0xea, 0x1e, 0x70,
    0x00, 0x00, 0x00, 0x00, 0x00, 0x04, 0xa0, 0x00, 0x00, 0x00, 0x6d, 0x00, 0x00, 0x00,
    0xbd, 0x55, 0xc0, 0x00, 0x5c, 0x2a, 0xe5, 0x00, 0x00, 0x08, 0xf1, 0x00, 0x00, 0x00,
    0x0d, 0x10, 0x00, 0x00, 0x06, 0x70, 0x00, 0x00, 0x00, 0x00, 0x00, 0x00, 0x01, 0x9e,
    0xe9, 0x1e, 0x80, 0xae, 0x41, 0x8c, 0xf4, 0x2f, 0x70, 0x00, 0xdf, 0x15, 0xf3, 0x00,
    0x09, 0xd0, 0x6f, 0x20, 0x00, 0x8a, 0x05, 0xf3, 0x00, 0x09, 0xc0, 0x2f, 0x70, 0x00,
    0xdf, 0x00, 0x9e, 0x31, 0x9d, 0xf3, 0x01, 0x9e, 0xea, 0x1e, 0x70, 0x00, 0x00, 0x00,
    0x00, 0x00, 0x04, 0xa0, 0x00, 0x00, 0x00, 0x6d, 0x00, 0x00, 0x00, 0xbd, 0x55, 0xc0,
    0x00, 0x5c, 0x2a, 0xe5, 0x00, 0x00, 0x0a, 0xf0, 0x00, 0x00, 0x00, 0x95, 0x00, 0x00,
    0x00, 0x02, 0xb0, 0x00, 0x00, 0x00, 0x00, 0x00, 0x00, 0x01, 0x9e, 0xe9, 0x1e, 0x80,
    0xae, 0x41, 0x8c, 0xf4, 0x2f, 0x70, 0x00, 0xdf, 0x15, 0xf3, 0x00, 0x09, 0xd0, 0x6f,
    0x20, 0x00, 0x8a, 0x05, 0xf3, 0x00, 0x09, 0xc0, 0x2f, 0x70, 0x00, 0xdf, 0x00, 0x9e,
    0x31, 0x9d, 0xf3, 0x01, 0x9e, 0xea, 0x1e, 0x70, 0x00, 0x00, 0x00, 0x00, 0x00, 0x04,
    0xa0, 0x00, 0x00, 0x00, 0x6d, 0x00, 0x00, 0x00, 0xdb, 0x0c, 0xf3, 0x00, 0x00, 0x00,
    0x4a, 0x3f, 0xc9, 0x00, 0x00, 0x00, 0xa3, 0x8d, 0x8e, 0x10, 0x00, 0x00, 0x00, 0xea,
    0x3f, 0x60, 0x00, 0x00, 0x04, 0xf4, 0x0d, 0xc0, 0x00, 0x00, 0x0a, 0xd0, 0x07, 0xf2,
    0x00, 0x00, 0x1e, 0x70, 0x01, 0xe8, 0x00, 0x00, 0x6f, 0xff, 0xff, 0xfe, 0x00, 0x00,
    0xba, 0x00, 0x00, 0x3f, 0x50, 0x02, 0xf6, 0x00, 0x00, 0x0d, 0xb0, 0x07, 0xf1, 0x00,
    0x00, 0x08, 0xf2, 0x0d, 0xb0, 0x00, 0x00, 0x03, 0xf8, 0x00, 0x00, 0x00, 0x00, 0x00,
    0x00, 0x00, 0x00, 0x06, 0x80, 0x00, 0x00, 0x00, 0x00, 0x08, 0xb0, 0x00, 0x00, 0x00,
    0xfa, 0x0c, 0xf3, 0x00, 0x00, 0x00, 0xd1, 0x3f, 0xc9, 0x00, 0x00, 0x00, 0x68, 0x8d,
    0x8e, 0x10, 0x00, 0x00, 0x00, 0xea, 0x3f, 0x60, 0x00, 0x00, 0x04, 0xf4, 0x0d, 0xc0,
    0x00, 0x00, 0x0a, 0xd0, 0x07, 0xf2, 0x00, 0x00, 0x1e, 0x70, 0x01, 0xe8, 0x00, 0x00,
    0x6f, 0xff, 0xff, 0xfe, 0x00, 0x00, 0xba, 0x00, 0x00, 0x3f, 0x50, 0x02, 0xf6, 0x00,
    0x00, 0x0d, 0xb0, 0x07, 0xf1, 0x00, 0x00, 0x08, 0xf2, 0x0d, 0xb0, 0x00, 0x00, 0x03,
    0xf8, 0x00, 0x00, 0x00, 0x00, 0x00, 0x00, 0x00, 0x00, 0x06, 0x80, 0x00, 0x00, 0x00,
    0x00, 0x08, 0xb0, 0x00, 0x00, 0xbd, 0x4f, 0x60, 0x7f, 0x80, 0x00, 0x00, 0x1c, 0x06,
    0xe1, 0xdc, 0xe0, 0x00, 0x00, 0x95, 0x00, 0x03, 0xf6, 0xf5, 0x00, 0x00, 0x00, 0x00,
    0x09, 0xe0, 0xdb, 0x00, 0x00, 0x00, 0x00, 0x0e, 0x90, 0x8f, 0x20, 0x00, 0x00, 0x00,
    0x5f, 0x30, 0x2f, 0x80, 0x00, 0x00, 0x00, 0xac, 0x00, 0x0a, 0xd0, 0x00, 0x00, 0x01,
    0xff, 0xff, 0xff, 0xf4, 0x00, 0x00, 0x06, 0xf1, 0x00, 0x00, 0xda, 0x00, 0x00, 0x0c,
    0xb0, 0x00, 0x00, 0x8f, 0x10, 0x00, 0x2f, 0x60, 0x00, 0x00, 0x3f, 0x70, 0x00, 0x8f,
    0x10, 0x00, 0x00, 0x0d, 0xd0, 0x00, 0x00, 0x00, 0x00, 0x00, 0x00, 0x00, 0x00, 0x00,
    0x00, 0x1d, 0x00, 0x00, 0x00, 0x00, 0x00, 0x00, 0x3f, 0x10, 0x00, 0x00, 0xdc, 0x4f,
    0x60, 0x7f, 0x80, 0x00, 0x00, 0xc2, 0x06, 0xe1, 0xdc, 0xe0, 0x00, 0x00, 0x49, 0x00,
    0x03, 0xf6, 0xf5, 0x00, 0x00, 0x00, 0x00, 0x09, 0xe0, 0xdb, 0x00, 0x00, 0x00, 0x00,
    0x0e, 0x90, 0x8f, 0x20, 0x00, 0x00, 0x00, 0x5f, 0x30, 0x2f, 0x80, 0x00, 0x00, 0x00,
    0xac, 0x00, 0x0a, 0xd0, 0x00, 0x00, 0x01, 0xff, 0xff, 0xff, 0xf4, 0x00, 0x00, 0x06,
    0xf1, 0x00, 0x00, 0xda, 0x00, 0x00, 0x0c, 0xb0, 0x00, 0x00, 0x8f, 0x10, 0x00, 0x2f,
    0x60, 0x00, 0x00, 0x3f, 0x70, 0x00, 0x8f, 0x10, 0x00, 0x00, 0x0d, 0xd0, 0x00, 0x00,
    0x00, 0x00, 0x00, 0x00, 0x00, 0x00, 0x00, 0x00, 0x1d, 0x00, 0x00, 0x00, 0x00, 0x00,
    0x00, 0x3f, 0x10, 0x00, 0x00, 0xbd, 0x1d, 0xb0, 0x7f, 0x80, 0x00, 0x00, 0x1c, 0x7c,
    0x10, 0xdc, 0xe0, 0x00, 0x00, 0x95, 0x00, 0x03, 0xf6, 0xf5, 0x00, 0x00, 0x00, 0x00,
    0x09, 0xe0, 0xdb, 0x00, 0x00, 0x00, 0x00, 0x0e, 0x90, 0x8f, 0x20, 0x00, 0x00, 0x00,
    0x5f, 0x30, 0x2f, 0x80, 0x00, 0x00, 0x00, 0xac, 0x00, 0x0a, 0xd0, 0x00, 0x00, 0x01,
    0xff, 0xff, 0xff, 0xf4, 0x00, 0x00, 0x06, 0xf1, 0x00, 0x00, 0xda, 0x00, 0x00, 0x0c,
    0xb0, 0x00, 0x00, 0x8f, 0x10, 0x00, 0x2f, 0x60, 0x00, 0x00, 0x3f, 0x70, 0x00, 0x8f,
    0x10, 0x00, 0x00, 0x0d, 0xd0, 0x00, 0x00, 0x00, 0x00, 0x00, 0x00, 0x00, 0x00, 0x00,
    0x00, 0x1d, 0x00, 0x00, 0x00, 0x00, 0x00, 0x00, 0x3f, 0x10, 0x00, 0x00, 0xdc, 0x1d,
    0xb0, 0x7f, 0x80, 0x00, 0x00, 0xc2, 0x7c, 0x10, 0xdc, 0xe0, 0x00, 0x00, 0x49, 0x00,
    0x03, 0xf6, 0xf5, 0x00, 0x00, 0x00, 0x00, 0x09, 0xe0, 0xdb, 0x00, 0x00, 0x00, 0x00,
    0x0e, 0x90, 0x8f, 0x20, 0x00, 0x00, 0x00, 0x5f, 0x30, 0x2f, 0x80, 0x00, 0x00, 0x00,
    0xac, 0x00, 0x0a, 0xd0, 0x00, 0x00, 0x01, 0xff, 0xff, 0xff, 0xf4, 0x00, 0x00, 0x06,
    0xf1, 0x00, 0x00, 0xda, 0x00, 0x00, 0x0c, 0xb0, 0x00, 0x00, 0x8f, 0x10, 0x00, 0x2f,
    0x60, 0x00, 0x00, 0x3f, 0x70, 0x00, 0x8f, 0x10, 0x00, 0x00, 0x0d, 0xd0, 0x00, 0x00,
    0x00, 0x00, 0x00, 0x00, 0x00, 0x00, 0x00, 0x00, 0x1d, 0x00, 0x00, 0x00, 0x00, 0x00,
    0x00, 0x3f, 0x10, 0x00, 0x00, 0x0b, 0xe6, 0x4d, 0x00, 0x00, 0x00, 0x00, 0x4d, 0x2a,
    0xe6, 0x00, 0x00, 0x00, 0x00, 0x00, 0x7f, 0x20, 0x7f, 0x80, 0x00, 0x00, 0x00, 0x0c,
    0x10, 0xdc, 0xe0, 0x00, 0x00, 0x00, 0x58, 0x03, 0xf6, 0xf5, 0x00, 0x00, 0x00, 0x00,
    0x09, 0xe0, 0xdb, 0x00, 0x00, 0x00, 0x00, 0x0e, 0x90, 0x8f, 0x20, 0x00, 0x00, 0x00,
    0x5f, 0x30, 0x2f, 0x80, 0x00, 0x00, 0x00, 0xac, 0x00, 0x0a, 0xd0, 0x00, 0x00, 0x01,
    0xff, 0xff, 0xff, 0xf4, 0x00, 0x00, 0x06, 0xf1, 0x00, 0x00, 0xda, 0x00, 0x00, 0x0c,
    0xb0, 0x00, 0x00, 0x8f, 0x10, 0x00, 0x2f, 0x60, 0x00, 0x00, 0x3f, 0x70, 0x00, 0x8f,
    0x10, 0x00, 0x00, 0x0d, 0xd0, 0x00, 0x00, 0x00, 0x00, 0x00, 0x00, 0x00, 0x00, 0x00,
    0x00, 0x1d, 0x00, 0x00, 0x00, 0x00, 0x00, 0x00, 0x3f, 0x10, 0x00, 0x00, 0x0b, 0xe6,
    0x4d, 0x00, 0x00, 0x00, 0x00, 0x4d, 0x2a, 0xe6, 0x00, 0x00, 0x00, 0x00, 0x00, 0x9f,
    0x10, 0x7f, 0x80, 0x00, 0x00, 0x00, 0x86, 0x00, 0xdc, 0xe0, 0x00, 0x00, 0x00, 0x2b,
    0x03, 0xf6, 0xf5, 0x00, 0x00, 0x00, 0x00, 0x09, 0xe0, 0xdb, 0x00, 0x00, 0x00, 0x00,
    0x0e, 0x90, 0x8f, 0x20, 0x00, 0x00, 0x00, 0x5f, 0x30, 0x2f, 0x80, 0x00, 0x00, 0x00,
    0xac, 0x00, 0x0a, 0xd0, 0x00, 0x00, 0x01, 0xff, 0xff, 0xff, 0xf4, 0x00, 0x00, 0x06,
    0xf1, 0x00, 0x00, 0xda, 0x00, 0x00, 0x0c, 0xb0, 0x00, 0x00, 0x8f, 0x10, 0x00, 0x2f,
    0x60, 0x00, 0x00, 0x3f, 0x70, 0x00, 0x8f, 0x10, 0x00, 0x00, 0x0d, 0xd0, 0x00, 0x00,
    0x00, 0x00, 0x00, 0x00, 0x00, 0x00, 0x00, 0x00, 0x1d, 0x00, 0x00, 0x00, 0x00, 0x00,
    0x00, 0x3f, 0x10, 0x00, 0x00, 0x00, 0x05, 0xf4, 0x00, 0x00, 0x00, 0x0a, 0x40, 0x00,
    0x00, 0x03, 0xa0, 0x00, 0x00, 0x00, 0x00, 0x00, 0x00, 0x0e, 0x7a, 0xee, 0x91, 0x00,
    0xef, 0x91, 0x3e, 0x80, 0x0e, 0xd0, 0x00, 0xac, 0x00, 0xe9, 0x00, 0x09, 0xc0, 0x0e,
    0x80, 0x00, 0x9c, 0x00, 0xe8, 0x00, 0x09, 0xc0, 0x0e, 0x80, 0x00, 0x9c, 0x00, 0xe8,
    0x00, 0x09, 0xc0, 0x0e, 0x80, 0x00, 0x9c, 0x00, 0x00, 0x00, 0x09, 0xc0, 0x0a, 0x40,
    0x00, 0x9c, 0x00, 0xc6, 0x00, 0x09, 0xc0, 0x00, 0x05, 0xf4, 0x00, 0x00, 0x00, 0x49,
    0x00, 0x00, 0x00, 0x00, 0xa3, 0x00, 0x00, 0x00, 0x00, 0x00, 0x00, 0x0e, 0x7a, 0xee,
    0x91, 0x00, 0xef, 0x91, 0x3e, 0x80, 0x0e, 0xd0, 0x00, 0xac, 0x00, 0xe9, 0x00, 0x09,
    0xc0, 0x0e, 0x80, 0x00, 0x9c, 0x00, 0xe8, 0x00, 0x09, 0xc0, 0x0e, 0x80, 0x00, 0x9c,
    0x00, 0xe8, 0x00, 0x09, 0xc0, 0x0e, 0x80, 0x00, 0x9c, 0x00, 0x00, 0x00, 0x09, 0xc0,
    0x0a, 0x40, 0x00, 0x9c, 0x00, 0xc6, 0x00, 0x09, 0xc0, 0x03, 0xf7, 0xae, 0x10, 0x00,
    0x08, 0x61, 0xc8, 0x00, 0x01, 0xb1, 0x00, 0x00, 0x00, 0x00, 0x00, 0x00, 0x00, 0x0e,
    0x7a, 0xee, 0x91, 0x00, 0xef, 0x91, 0x3e, 0x80, 0x0e, 0xd0, 0x00, 0xac, 0x00, 0xe9,
    0x00, 0x09, 0xc0, 0x0e, 0x80, 0x00, 0x9c, 0x00, 0xe8, 0x00, 0x09, 0xc0, 0x0e, 0x80,
    0x00, 0x9c, 0x00, 0xe8, 0x00, 0x09, 0xc0, 0x0e, 0x80, 0x00, 0x9c, 0x00, 0x00, 0x00,
    0x09, 0xc0, 0x0a, 0x40, 0x00, 0x9c, 0x00, 0xc6, 0x00, 0x09, 0xc0, 0x04, 0xf5, 0xae,
    0x10, 0x00, 0x3a, 0x01, 0xc8, 0x00, 0x00, 0xa4, 0x00, 0x00, 0x00, 0x00, 0x00, 0x00,
    0x00, 0x0e, 0x7a, 0xee, 0x91, 0x00, 0xef, 0x91, 0x3e, 0x80, 0x0e, 0xd0, 0x00, 0xac,
    0x00, 0xe9, 0x00, 0x09, 0xc0, 0x0e, 0x80, 0x00, 0x9c, 0x00, 0xe8, 0x00, 0x09, 0xc0,
    0x0e, 0x80, 0x00, 0x9c, 0x00, 0xe8, 0x00, 0x09, 0xc0, 0x0e, 0x80, 0x00, 0x9c, 0x00,
    0x00, 0x00, 0x09, 0xc0, 0x0a, 0x40, 0x00, 0x9c, 0x00, 0xc6, 0x00, 0x09, 0xc0, 0x00,
    0x5f, 0x58, 0xe3, 0x00, 0x00, 0xa5, 0xe4, 0x00, 0x00, 0x3a, 0x00, 0x00, 0x00, 0x00,
    0x00, 0x00, 0x00, 0x0e, 0x7a, 0xee, 0x91, 0x00, 0xef, 0x91, 0x3e, 0x80, 0x0e, 0xd0,
    0x00, 0xac, 0x00, 0xe9, 0x00, 0x09, 0xc0, 0x0e, 0x80, 0x00, 0x9c, 0x00, 0xe8, 0x00,
    0x09, 0xc0, 0x0e, 0x80, 0x00, 0x9c, 0x00, 0xe8, 0x00, 0x09, 0xc0, 0x0e, 0x80, 0x00,
    0x9c, 0x00, 0x00, 0x00, 0x09, 0xc0, 0x0a, 0x40, 0x00, 0x9c, 0x00, 0xc6, 0x00, 0x09,
    0xc0, 0x00, 0x6f, 0x38, 0xe3, 0x00, 0x05, 0x81, 0xe4, 0x00, 0x00, 0x1b, 0x20, 0x00,
    0x00, 0x00, 0x00, 0x00, 0x00, 0x0e, 0x7a, 0xee, 0x91, 0x00, 0xef, 0x91, 0x3e, 0x80,
    0x0e, 0xd0, 0x00, 0xac, 0x00, 0xe9, 0x00, 0x09, 0xc0, 0x0e, 0x80, 0x00, 0x9c, 0x00,
    0xe8, 0x00, 0x09, 0xc0, 0x0e, 0x80, 0x00, 0x9c, 0x00, 0xe8, 0x00, 0x09, 0xc0, 0x0e,
    0x80, 0x00, 0x9c, 0x00, 0x00, 0x00, 0x09, 0xc0, 0x0a, 0x40, 0x00, 0x9c, 0x00, 0xc6,
    0x00, 0x09, 0xc0, 0x00, 0x9e, 0x73, 0xf0, 0x00, 0x2e, 0x28, 0xe8, 0x00, 0x00, 0x05,
    0xf4, 0x00, 0x00, 0x00, 0x0a, 0x40, 0x00, 0x00, 0x03, 0xa0, 0x00, 0x00, 0x00, 0x00,
    0x00, 0x00, 0x0e, 0x7a, 0xee, 0x91, 0x00, 0xef, 0x91, 0x3e, 0x80, 0x0e, 0xd0, 0x00,
    0xac, 0x00, 0xe9, 0x00, 0x09, 0xc0, 0x0e, 0x80, 0x00, 0x9c, 0x00, 0xe8, 0x00, 0x09,
    0xc0, 0x0e, 0x80, 0x00, 0x9c, 0x00, 0xe8, 0x00, 0x09, 0xc0, 0x0e, 0x80, 0x00, 0x9c,
    0x00, 0x00, 0x00, 0x09, 0xc0, 0x0a, 0x40, 0x00, 0x9c, 0x00, 0xc6, 0x00, 0x09, 0xc0,
    0x00, 0x8e, 0x82, 0xf1, 0x00, 0x0f, 0x28, 0xe9, 0x00, 0x00, 0x05, 0xf4, 0x00, 0x00,
    0x00, 0x49, 0x00, 0x00, 0x00, 0x00, 0xa3, 0x00, 0x00, 0x00, 0x00, 0x00, 0x00, 0x0e,
    0x7a, 0xee, 0x91, 0x00, 0xef, 0x91, 0x3e, 0x80, 0x0e, 0xd0, 0x00, 0xac, 0x00, 0xe9,
    0x00, 0x09, 0xc0, 0x0e, 0x80, 0x00, 0x9c, 0x00, 0xe8, 0x00, 0x09, 0xc0, 0x0e, 0x80,
    0x00, 0x9c, 0x00, 0xe8, 0x00, 0x09, 0xc0, 0x0e, 0x80, 0x00, 0x9c, 0x00, 0x00, 0x00,
    0x09, 0xc0, 0x0a, 0x40, 0x00, 0x9c, 0x00, 0xc6, 0x00, 0x09, 0xc0, 0xeb, 0x2f, 0x50,
    0x00, 0x00, 0xac, 0x04, 0xa2, 0xf5, 0x00, 0x00, 0x0a, 0xc0, 0xa3, 0x2f, 0x50, 0x00,
    0x00, 0xac, 0x00, 0x02, 0xf5, 0x00, 0x00, 0x0a, 0xc0, 0x00, 0x2f, 0x50, 0x00, 0x00,
    0xac, 0x00, 0x02, 0xff, 0xff, 0xff, 0xff, 0xc0, 0x00, 0x2f, 0x50, 0x00, 0x00, 0xac,
    0x00, 0x02, 0xf5, 0x00, 0x00, 0x0a, 0xc0, 0x00, 0x2f, 0x50, 0x00, 0x00, 0xac, 0x00,
    0x02, 0xf5, 0x00, 0x00, 0x0a, 0xc0, 0x00, 0x2f, 0x50, 0x00, 0x00, 0xac, 0x00, 0x02,
    0xf5, 0x00, 0x00, 0x0a, 0xc0, 0x00, 0x00, 0x00, 0x00, 0x00, 0x00, 0x00, 0x00, 0x00,
    0x02, 0xc0, 0x00, 0x00, 0x00, 0x00, 0x00, 0x4e, 0x00, 0x00, 0x00, 0xf9, 0x2f, 0x50,
    0x00, 0x00, 0xac, 0x0d, 0x02, 0xf5, 0x00, 0x00, 0x0a, 0xc0, 0x67, 0x2f, 0x50, 0x00,
    0x00, 0xac, 0x00, 0x02, 0xf5, 0x00, 0x00, 0x0a, 0xc0, 0x00, 0x2f, 0x50, 0x00, 0x00,
    0xac, 0x00, 0x02, 0xff, 0xff, 0xff, 0xff, 0xc0, 0x00, 0x2f, 0x50, 0x00, 0x00, 0xac,
    0x00, 0x02, 0xf5, 0x00, 0x00, 0x0a, 0xc0, 0x00, 0x2f, 0x50, 0x00, 0x00, 0xac, 0x00,
    0x02, 0xf5, 0x00, 0x00, 0x0a, 0xc0, 0x00, 0x2f, 0x50, 0x00, 0x00, 0xac, 0x00, 0x02,
    0xf5, 0x00, 0x00, 0x0a, 0xc0, 0x00, 0x00, 0x00, 0x00, 0x00, 0x00, 0x00, 0x00, 0x00,
    0x02, 0xc0, 0x00, 0x00, 0x00, 0x00, 0x00, 0x4e, 0x00, 0x00, 0x00, 0xeb, 0x6f, 0x40,
    0xf7, 0x00, 0x00, 0x08, 0xe0, 0x4a, 0x08, 0xc0, 0xf7, 0x00, 0x00, 0x08, 0xe0, 0xa3,
    0x00, 0x00, 0xf7, 0x00, 0x00, 0x08, 0xe0, 0x00, 0x00, 0x00, 0xf7, 0x00, 0x00, 0x08,
    0xe0, 0x00, 0x00, 0x00, 0xf7, 0x00, 0x00, 0x08, 0xe0, 0x00, 0x00, 0x00, 0xff, 0xff,
    0xff, 0xff, 0xe0, 0x00, 0x00, 0x00, 0xf7, 0x00, 0x00, 0x08, 0xe0, 0x00, 0x00, 0x00,
    0xf7, 0x00, 0x00, 0x08, 0xe0, 0x00, 0x00, 0x00, 0xf7, 0x00, 0x00, 0x08, 0xe0, 0x00,
    0x00, 0x00, 0xf7, 0x00, 0x00, 0x08, 0xe0, 0x00, 0x00, 0x00, 0xf7, 0x00, 0x00, 0x08,
    0xe0, 0x00, 0x00, 0x00, 0xf7, 0x00, 0x00, 0x08, 0xe0, 0x00, 0x00, 0x00, 0x00, 0x00,
    0x00, 0x00, 0x00, 0x00, 0x00, 0x00, 0x00, 0x00, 0xe0, 0x00, 0x00, 0x00, 0x00, 0x00,
    0x00, 0x02, 0xf1, 0x00, 0x00, 0xf9, 0x6f, 0x40, 0xf7, 0x00, 0x00, 0x08, 0xe0, 0xd0,
    0x08, 0xc0, 0xf7, 0x00, 0x00, 0x08, 0xe0, 0x67, 0x00, 0x00, 0xf7, 0x00, 0x00, 0x08,
    0xe0, 0x00, 0x00, 0x00, 0xf7, 0x00, 0x00, 0x08, 0xe0, 0x00, 0x00, 0x00, 0xf7, 0x00,
    0x00, 0x08, 0xe0, 0x00, 0x00, 0x00, 0xff, 0xff, 0xff, 0xff, 0xe0, 0x00, 0x00, 0x00,
    0xf7, 0x00, 0x00, 0x08, 0xe0, 0x00, 0x00, 0x00, 0xf7, 0x00, 0x00, 0x08, 0xe0, 0x00,
    0x00, 0x00, 0xf7, 0x00, 0x00, 0x08, 0xe0, 0x00, 0x00, 0x00, 0xf7, 0x00, 0x00, 0x08,
    0xe0, 0x00, 0x00, 0x00, 0xf7, 0x00, 0x00, 0x08, 0xe0, 0x00, 0x00, 0x00, 0xf7, 0x00,
    0x00, 0x08, 0xe0, 0x00, 0x00, 0x00, 0x00, 0x00, 0x00, 0x00, 0x00, 0x00, 0x00, 0x00,
    0x00, 0x00, 0xe0, 0x00, 0x00, 0x00, 0x00, 0x00, 0x00, 0x02, 0xf1, 0x00, 0x00, 0xeb,
    0x2f, 0x90, 0xf7, 0x00, 0x00, 0x08, 0xe0, 0x4a, 0x9a, 0x00, 0xf7, 0x00, 0x00, 0x08,
    0xe0, 0xa3, 0x00, 0x00, 0xf7, 0x00, 0x00, 0x08, 0xe0, 0x00, 0x00, 0x00, 0xf7, 0x00,
    0x00, 0x08, 0xe0, 0x00, 0x00, 0x00, 0xf7, 0x00, 0x00, 0x08, 0xe0, 0x00, 0x00, 0x00,
    0xff, 0xff, 0xff, 0xff, 0xe0, 0x00, 0x00, 0x00, 0xf7, 0x00, 0x00, 0x08, 0xe0, 0x00,
    0x00, 0x00, 0xf7, 0x00, 0x00, 0x08, 0xe0, 0x00, 0x00, 0x00, 0xf7, 0x00, 0x00, 0x08,
    0xe0, 0x00, 0x00, 0x00, 0xf7, 0x00, 0x00, 0x08, 0xe0, 0x00, 0x00, 0x00, 0xf7, 0x00,
    0x00, 0x08, 0xe0, 0x00, 0x00, 0x00, 0xf7, 0x00, 0x00, 0x08, 0xe0, 0x00, 0x00, 0x00,
    0x00, 0x00, 0x00, 0x00, 0x00, 0x00, 0x00, 0x00, 0x00, 0x00, 0xe0, 0x00, 0x00, 0x00,
    0x00, 0x00, 0x00, 0x02, 0xf1, 0x00, 0x00, 0xf9, 0x2f, 0x90, 0xf7, 0x00, 0x00, 0x08,
    0xe0, 0xd0, 0x9a, 0x00, 0xf7, 0x00, 0x00, 0x08, 0xe0, 0x67, 0x00, 0x00, 0xf7, 0x00,
    0x00, 0x08, 0xe0, 0x00, 0x00, 0x00, 0xf7, 0x00, 0x00, 0x08, 0xe0, 0x00, 0x00, 0x00,
    0xf7, 0x00, 0x00, 0x08, 0xe0, 0x00, 0x00, 0x00, 0xff, 0xff, 0xff, 0xff, 0xe0, 0x00,
    0x00, 0x00, 0xf7, 0x00, 0x00, 0x08, 0xe0, 0x00, 0x00, 0x00, 0xf7, 0x00, 0x00, 0x08,
    0xe0, 0x00, 0x00, 0x00, 0xf7, 0x00, 0x00, 0x08, 0xe0, 0x00, 0x00, 0x00, 0xf7, 0x00,
    0x00, 0x08, 0xe0, 0x00, 0x00, 0x00, 0xf7, 0x00, 0x00, 0x08, 0xe0, 0x00, 0x00, 0x00,
    0xf7, 0x00, 0x00, 0x08, 0xe0, 0x00, 0x00, 0x00, 0x00, 0x00, 0x00, 0x00, 0x00, 0x00,
    0x00, 0x00, 0x00, 0x00, 0xe0, 0x00, 0x00, 0x00, 0x00, 0x00, 0x00, 0x02, 0xf1, 0x00,
    0x00, 0x08, 0xe8, 0x2f, 0x10, 0x00, 0x00, 0x00, 0x00, 0x01, 0xf2, 0x8e, 0x90, 0x00,
    0x00, 0x00, 0x00, 0x00, 0x00, 0x4f, 0x60, 0x0f, 0x70, 0x00, 0x00, 0x8e, 0x00, 0x00,
    0x95, 0x00, 0xf7, 0x00, 0x00, 0x08, 0xe0, 0x00, 0x2a, 0x10, 0x0f, 0x70, 0x00, 0x00,
    0x8e, 0x00, 0x00, 0x00, 0x00, 0xf7, 0x00, 0x00, 0x08, 0xe0, 0x00, 0x00, 0x00, 0x0f,
    0x70, 0x00, 0x00, 0x8e, 0x00, 0x00, 0x00, 0x00, 0xff, 0xff, 0xff, 0xff, 0xe0, 0x00,
    0x00, 0x00, 0x0f, 0x70, 0x00, 0x00, 0x8e, 0x00, 0x00, 0x00, 0x00, 0xf7, 0x00, 0x00,
    0x08, 0xe0, 0x00, 0x00, 0x00, 0x0f, 0x70, 0x00, 0x00, 0x8e, 0x00, 0x00, 0x00, 0x00,
    0xf7, 0x00, 0x00, 0x08, 0xe0, 0x00, 0x00, 0x00, 0x0f, 0x70, 0x00, 0x00, 0x8e, 0x00,
    0x00, 0x00, 0x00, 0xf7, 0x00, 0x00, 0x08, 0xe0, 0x00, 0x00, 0x00, 0x00, 0x00, 0x00,
    0x00, 0x00, 0x00, 0x00, 0x00, 0x00, 0x00, 0x00, 0xe0, 0x00, 0x00, 0x00, 0x00, 0x00,
    0x00, 0x00, 0x2f, 0x10, 0x00, 0x00, 0x08, 0xe8, 0x2f, 0x10, 0x00, 0x00, 0x00, 0x00,
    0x01, 0xf2, 0x8e, 0x90, 0x00, 0x00, 0x00, 0x00, 0x00, 0x00, 0x5f, 0x40, 0x0f, 0x70,
    0x00, 0x00, 0x8e, 0x00, 0x04, 0x90, 0x00, 0xf7, 0x00, 0x00, 0x08, 0xe0, 0x00, 0x0a,
    0x30, 0x0f, 0x70, 0x00, 0x00, 0x8e, 0x00, 0x00, 0x00, 0x00, 0xf7, 0x00, 0x00, 0x08,
    0xe0, 0x00, 0x00, 0x00, 0x0f, 0x70, 0x00, 0x00, 0x8e, 0x00, 0x00, 0x00, 0x00, 0xff,
    0xff, 0xff, 0xff, 0xe0, 0x00, 0x00, 0x00, 0x0f, 0x70, 0x00, 0x00, 0x8e, 0x00, 0x00,
    0x00, 0x00, 0xf7, 0x00, 0x00, 0x08, 0xe0, 0x00, 0x00, 0x00, 0x0f, 0x70, 0x00, 0x00,
    0x8e, 0x00, 0x00, 0x00, 0x00, 0xf7, 0x00, 0x00, 0x08, 0xe0, 0x00, 0x00, 0x00, 0x0f,
    0x70, 0x00, 0x00, 0x8e, 0x00, 0x00, 0x00, 0x00, 0xf7, 0x00, 0x00, 0x08, 0xe0, 0x00,
    0x00, 0x00, 0x00, 0x00, 0x00, 0x00, 0x00, 0x00, 0x00, 0x00, 0x00, 0x00, 0x00, 0xe0,
    0x00, 0x00, 0x00, 0x00, 0x00, 0x00, 0x00, 0x2f, 0x10, 0x00, 0x00, 0x00, 0x00, 0x09,
    0xf1, 0x00, 0x00, 0x00, 0x00, 0x00, 0x0d, 0x00, 0x00, 0x00, 0x00, 0x00, 0x07, 0x70,
    0x00, 0x00, 0x00, 0x00, 0x00, 0x00, 0x00, 0x00, 0x00, 0x05, 0xf2, 0x00, 0x00, 0x09,
    0xc0, 0x00, 0xbb, 0x00, 0x00, 0x00, 0x3f, 0x30, 0x1f, 0x60, 0x07, 0xe0, 0x00, 0xe8,
    0x03, 0xf3, 0x00, 0x7e, 0x00, 0x0b, 0xb0, 0x4f, 0x20, 0x07, 0xe0, 0x00, 0xac, 0x03,
    0xf3, 0x00, 0x7f, 0x00, 0x0a, 0xb0, 0x1f, 0x60, 0x09, 0xf2, 0x00, 0xd8, 0x00, 0x9d,
    0x24, 0xe9, 0xa1, 0x7f, 0x30, 0x01, 0xaf, 0xd4, 0x09, 0xed, 0x50, 0x00, 0x00, 0x00,
    0x00, 0x00, 0x00, 0x00, 0x00, 0x00, 0x03, 0xb0, 0x00, 0x00, 0x00, 0x00, 0x00, 0x6d,
    0x00, 0x00, 0x00, 0x00, 0x00, 0x0d, 0xc0, 0x00, 0x00, 0x00, 0x00, 0x00, 0xc2, 0x00,
    0x00, 0x00, 0x00, 0x00, 0x04, 0x90, 0x00, 0x00, 0x00, 0x00, 0x00, 0x00, 0x00, 0x00,
    0x00, 0x05, 0xf2, 0x00, 0x00, 0x09, 0xc0, 0x00, 0xbb, 0x00, 0x00, 0x00, 0x3f, 0x30,
    0x1f, 0x60, 0x07, 0xe0, 0x00, 0xe8, 0x03, 0xf3, 0x00, 0x7e, 0x00, 0x0b, 0xb0, 0x4f,
    0x20, 0x07, 0xe0, 0x00, 0xac, 0x03, 0xf3, 0x00, 0x7f, 0x00, 0x0a, 0xb0, 0x1f, 0x60,
    0x09, 0xf2, 0x00, 0xd8, 0x00, 0x9d, 0x24, 0xe9, 0xa1, 0x7f, 0x30, 0x01, 0xaf, 0xd4,
    0x09, 0xed, 0x50, 0x00, 0x00, 0x00, 0x00, 0x00, 0x00, 0x00, 0x00, 0x00, 0x03, 0xb0,
    0x00, 0x00, 0x00, 0x00, 0x00, 0x6d, 0x00, 0x00, 0x00, 0x00, 0x04, 0xf6, 0xbd, 0x10,
    0x00, 0x00, 0x00, 0x09, 0x51, 0xc7, 0x00, 0x00, 0x00, 0x02, 0xb1, 0x00, 0x00, 0x00,
    0x00, 0x00, 0x00, 0x00, 0x00, 0x00, 0x00, 0x05, 0xf2, 0x00, 0x00, 0x09, 0xc0, 0x00,
    0xbb, 0x00, 0x00, 0x00, 0x3f, 0x30, 0x1f, 0x60, 0x07, 0xe0, 0x00, 0xe8, 0x03, 0xf3,
    0x00, 0x7e, 0x00, 0x0b, 0xb0, 0x4f, 0x20, 0x07, 0xe0, 0x00, 0xac, 0x03, 0xf3, 0x00,
    0x7f, 0x00, 0x0a, 0xb0, 0x1f, 0x60, 0x09, 0xf2, 0x00, 0xd8, 0x00, 0x9d, 0x24, 0xe9,
    0xa1, 0x7f, 0x30, 0x01, 0xaf, 0xd4, 0x09, 0xed, 0x50, 0x00, 0x00, 0x00, 0x00, 0x00,
    0x00, 0x00, 0x00, 0x00, 0x03, 0xb0, 0x00, 0x00, 0x00, 0x00, 0x00, 0x6d, 0x00, 0x00,
    0x00, 0x00, 0x05, 0xf5, 0xbd, 0x10, 0x00, 0x00, 0x00, 0x4a, 0x01, 0xc7, 0x00, 0x00,
    0x00, 0x00, 0xa3, 0x00, 0x00, 0x00, 0x00, 0x00, 0x00, 0x00, 0x00, 0x00, 0x00, 0x05,
    0xf2, 0x00, 0x00, 0x09, 0xc0, 0x00, 0xbb, 0x00, 0x00, 0x00, 0x3f, 0x30, 0x1f, 0x60,
    0x07, 0xe0, 0x00, 0xe8, 0x03, 0xf3, 0x00, 0x7e, 0x00, 0x0b, 0xb0, 0x4f, 0x20, 0x07,
    0xe0, 0x00, 0xac, 0x03, 0xf3, 0x00, 0x7f, 0x00, 0x0a, 0xb0, 0x1f, 0x60, 0x09, 0xf2,
    0x00, 0xd8, 0x00, 0x9d, 0x24, 0xe9, 0xa1, 0x7f, 0x30, 0x01, 0xaf, 0xd4, 0x09, 0xed,
    0x50, 0x00, 0x00, 0x00, 0x00, 0x00, 0x00, 0x00, 0x00, 0x00, 0x03, 0xb0, 0x00, 0x00,
    0x00, 0x00, 0x00, 0x6d, 0x00, 0x00, 0x00, 0x00, 0x00, 0xdc, 0x1e, 0xa0, 0x00, 0x00,
    0x00, 0x03, 0xb8, 0xb0, 0x00, 0x00, 0x00, 0x00, 0xa4, 0x00, 0x00, 0x00, 0x00, 0x00,
    0x00, 0x00, 0x00, 0x00, 0x00, 0x05, 0xf2, 0x00, 0x00, 0x09, 0xc0, 0x00, 0xbb, 0x00,
    0x00, 0x00, 0x3f, 0x30, 0x1f, 0x60, 0x07, 0xe0, 0x00, 0xe8, 0x03, 0xf3, 0x00, 0x7e,
    0x00, 0x0b, 0xb0, 0x4f, 0x20, 0x07, 0xe0, 0x00, 0xac, 0x03, 0xf3, 0x00, 0x7f, 0x00,
    0x0a, 0xb0, 0x1f, 0x60, 0x09, 0xf2, 0x00, 0xd8, 0x00, 0x9d, 0x24, 0xe9, 0xa1, 0x7f,
    0x30, 0x01, 0xaf, 0xd4, 0x09, 0xed, 0x50, 0x00, 0x00, 0x00, 0x00, 0x00, 0x00, 0x00,
    0x00, 0x00, 0x03, 0xb0, 0x00, 0x00, 0x00, 0x00, 0x00, 0x6d, 0x00, 0x00, 0x00, 0x00,
    0x00, 0xea, 0x1e, 0xa0, 0x00, 0x00, 0x00, 0x0d, 0x18, 0xb0, 0x00, 0x00, 0x00, 0x00,
    0x58, 0x00, 0x00, 0x00, 0x00, 0x00, 0x00, 0x00, 0x00, 0x00, 0x00, 0x05, 0xf2, 0x00,
    0x00, 0x09, 0xc0, 0x00, 0xbb, 0x00, 0x00, 0x00, 0x3f, 0x30, 0x1f, 0x60, 0x07, 0xe0,
    0x00, 0xe8, 0x03, 0xf3, 0x00, 0x7e, 0x00, 0x0b, 0xb0, 0x4f, 0x20, 0x07, 0xe0, 0x00,
    0xac, 0x03, 0xf3, 0x00, 0x7f, 0x00, 0x0a, 0xb0, 0x1f, 0x60, 0x09, 0xf2, 0x00, 0xd8,
    0x00, 0x9d, 0x24, 0xe9, 0xa1, 0x7f, 0x30, 0x01, 0xaf, 0xd4, 0x09, 0xed, 0x50, 0x00,
    0x00, 0x00, 0x00, 0x00, 0x00, 0x00, 0x00, 0x00, 0x03, 0xb0, 0x00, 0x00, 0x00, 0x00,
    0x00, 0x6d, 0x00, 0x00, 0x00, 0x00, 0x01, 0xcd, 0x56, 0xb0, 0x00, 0x00, 0x00, 0x5b,
    0x2b, 0xe5, 0x00, 0x00, 0x00, 0x00, 0x09, 0xf1, 0x00, 0x00, 0x00, 0x00, 0x00, 0x0d,
    0x00, 0x00, 0x00, 0x00, 0x00, 0x07, 0x70, 0x00, 0x00, 0x00, 0x00, 0x00, 0x00, 0x00,
    0x00, 0x00, 0x05, 0xf2, 0x00, 0x00, 0x09, 0xc0, 0x00, 0xbb, 0x00, 0x00, 0x00, 0x3f,
    0x30, 0x1f, 0x60, 0x07, 0xe0, 0x00, 0xe8, 0x03, 0xf3, 0x00, 0x7e, 0x00, 0x0b, 0xb0,
    0x4f, 0x20, 0x07, 0xe0, 0x00, 0xac, 0x03, 0xf3, 0x00, 0x7f, 0x00, 0x0a, 0xb0, 0x1f,
    0x60, 0x09, 0xf2, 0x00, 0xd8, 0x00, 0x9d, 0x24, 0xe9, 0xa1, 0x7f, 0x30, 0x01, 0xaf,
    0xd4, 0x09, 0xed, 0x50, 0x00, 0x00, 0x00, 0x00, 0x00, 0x00, 0x00, 0x00, 0x00, 0x03,
    0xb0, 0x00, 0x00, 0x00, 0x00, 0x00, 0x6d, 0x00, 0x00, 0x00, 0x00, 0x02, 0xdc, 0x48,
    0x90, 0x00, 0x00, 0x00, 0x89, 0x3c, 0xe3, 0x00, 0x00, 0x00, 0x00, 0x0d, 0xc0, 0x00,
    0x00, 0x00, 0x00, 0x00, 0xc2, 0x00, 0x00, 0x00, 0x00, 0x00, 0x04, 0x90, 0x00, 0x00,
    0x00, 0x00, 0x00, 0x00, 0x00, 0x00, 0x00, 0x05, 0xf2, 0x00, 0x00, 0x09, 0xc0, 0x00,
    0xbb, 0x00, 0x00, 0x00, 0x3f, 0x30, 0x1f, 0x60, 0x07, 0xe0, 0x00, 0xe8, 0x03, 0xf3,
    0x00, 0x7e, 0x00, 0x0b, 0xb0, 0x4f, 0x20, 0x07, 0xe0, 0x00, 0xac, 0x03, 0xf3, 0x00,
    0x7f, 0x00, 0x0a, 0xb0, 0x1f, 0x60, 0x09, 0xf2, 0x00, 0xd8, 0x00, 0x9d, 0x24, 0xe9,
    0xa1, 0x7f, 0x30, 0x01, 0xaf, 0xd4, 0x09, 0xed, 0x50, 0x00, 0x00, 0x00, 0x00, 0x00,
    0x00, 0x00, 0x00, 0x00, 0x03, 0xb0, 0x00, 0x00, 0x00, 0x00, 0x00, 0x6d, 0x00, 0x00,
    0x00, 0xeb, 0x00, 0x6c, 0xee, 0xb3, 0x00, 0x04, 0xa0, 0xbd, 0x51, 0x28, 0xf5, 0x00,
    0xa3, 0x7f, 0x30, 0x00, 0x09, 0xe1, 0x00, 0x0e, 0xa0, 0x00, 0x00, 0x2f, 0x70, 0x03,
    0xf6, 0x00, 0x00, 0x00, 0xdb, 0x00, 0x4f, 0x40, 0x00, 0x00, 0x0b, 0xd0, 0x04, 0xf5,
    0x00, 0x00, 0x00, 0xbc, 0x00, 0x2f, 0x70, 0x00, 0x00, 0x0d, 0xa0, 0x00, 0xcb, 0x00,
    0x00, 0x03, 0xf5, 0x00, 0x03, 0xf5, 0x00, 0x00, 0xbb, 0x00, 0x00, 0x06, 0xe5, 0x01,
    0xad, 0x10, 0x00, 0x7f, 0xff, 0xf0, 0x7f, 0xff, 0xf0, 0x00, 0x00, 0x00, 0x00, 0x00,
    0x00, 0x00, 0x00, 0x00, 0x0b, 0x30, 0x00, 0x00, 0x00, 0x00, 0x00, 0xe5, 0x00, 0x00,
    0x00, 0xf9, 0x00, 0x6c, 0xee, 0xb3, 0x00, 0x0d, 0x00, 0xbd, 0x51, 0x28, 0xf5, 0x00,
    0x67, 0x7f, 0x30, 0x00, 0x09, 0xe1, 0x00, 0x0e, 0xa0, 0x00, 0x00, 0x2f, 0x70, 0x03,
    0xf6, 0x00, 0x00, 0x00, 0xdb, 0x00, 0x4f, 0x40, 0x00, 0x00, 0x0b, 0xd0, 0x04, 0xf5,
    0x00, 0x00, 0x00, 0xbc, 0x00, 0x2f, 0x70, 0x00, 0x00, 0x0d, 0xa0, 0x00, 0xcb, 0x00,
    0x00, 0x03, 0xf5, 0x00, 0x03, 0xf5, 0x00, 0x00, 0xbb, 0x00, 0x00, 0x06, 0xe5, 0x01,
    0xad, 0x10, 0x00, 0x7f, 0xff, 0xf0, 0x7f, 0xff, 0xf0, 0x00, 0x00, 0x00, 0x00, 0x00,
    0x00, 0x00, 0x00, 0x00, 0x0b, 0x30, 0x00, 0x00, 0x00, 0x00, 0x00, 0xe5, 0x00, 0x00,
    0x00, 0xeb, 0x6f, 0x40, 0x06, 0xce, 0xeb, 0x40, 0x00, 0x4a, 0x08, 0xc0, 0x9e, 0x51,
    0x17, 0xf7, 0x00, 0xa3, 0x00, 0x05, 0xf4, 0x00, 0x00, 0x7f, 0x30, 0x00, 0x00, 0x0c,
    0xc0, 0x00, 0x00, 0x1e, 0x90, 0x00, 0x00, 0x1f, 0x80, 0x00, 0x00, 0x0b, 0xd0, 0x00,
    0x00, 0x2f, 0x60, 0x00, 0x00, 0x09, 0xe0, 0x00, 0x00, 0x2f, 0x60, 0x00, 0x00, 0x09,
    0xe0, 0x00, 0x00, 0x0e, 0x80, 0x00, 0x00, 0x0b, 0xc0, 0x00, 0x00, 0x0a, 0xd0, 0x00,
    0x00, 0x1f, 0x70, 0x00, 0x00, 0x02, 0xe7, 0x00, 0x00, 0x9d, 0x00, 0x00, 0x00, 0x00,
    0x5f, 0x70, 0x19, 0xe2, 0x00, 0x00, 0x00, 0x5f, 0xff, 0xf2, 0x5f, 0xff, 0xf2, 0x00,
    0x00, 0x00, 0x00, 0x00, 0x00, 0x00, 0x00, 0x00, 0x00, 0x00, 0x00, 0x09, 0x50, 0x00,
    0x00, 0x00, 0x00, 0x00, 0x00, 0x0c, 0x70, 0x00, 0x00, 0xf9, 0x6f, 0x40, 0x06, 0xce,
    0xeb, 0x40, 0x00, 0xd0, 0x08, 0xc0, 0x9e, 0x51, 0x17, 0xf7, 0x00, 0x67, 0x00, 0x05,
    0xf4, 0x00, 0x00, 0x7f, 0x30, 0x00, 0x00, 0x0c, 0xc0, 0x00, 0x00, 0x1e, 0x90, 0x00,
    0x00, 0x1f, 0x80, 0x00, 0x00, 0x0b, 0xd0, 0x00, 0x00, 0x2f, 0x60, 0x00, 0x00, 0x09,
    0xe0, 0x00, 0x00, 0x2f, 0x60, 0x00, 0x00, 0x09, 0xe0, 0x00, 0x00, 0x0e, 0x80, 0x00,
    0x00, 0x0b, 0xc0, 0x00, 0x00, 0x0a, 0xd0, 0x00, 0x00, 0x1f, 0x70, 0x00, 0x00, 0x02,
    0xe7, 0x00, 0x00, 0x9d, 0x00, 0x00, 0x00, 0x00, 0x5f, 0x70, 0x19, 0xe2, 0x00, 0x00,
    0x00, 0x5f, 0xff, 0xf2, 0x5f, 0xff, 0xf2, 0x00, 0x00, 0x00, 0x00, 0x00, 0x00, 0x00,
    0x00, 0x00, 0x00, 0x00, 0x00, 0x09, 0x50, 0x00, 0x00, 0x00, 0x00, 0x00, 0x00, 0x0c,
    0x70, 0x00, 0x00, 0xeb, 0x2f, 0x90, 0x4b, 0xee, 0xc6, 0x00, 0x04, 0xa9, 0xa0, 0x6f,
    0x71, 0x15, 0xea, 0x00, 0xa3, 0x00, 0x2f, 0x80, 0x00, 0x04, 0xf6, 0x00, 0x00, 0x09,
    0xe1, 0x00, 0x00, 0x0c, 0xc0, 0x00, 0x00, 0xdb, 0x00, 0x00, 0x00, 0x8f, 0x10, 0x00,
    0x0e, 0x90, 0x00, 0x00, 0x06, 0xf3, 0x00, 0x00, 0xea, 0x00, 0x00, 0x00, 0x6f, 0x20,
    0x00, 0x0b, 0xc0, 0x00, 0x00, 0x08, 0xe0, 0x00, 0x00, 0x6f, 0x20, 0x00, 0x00, 0xda,
    0x00, 0x00, 0x00, 0xda, 0x00, 0x00, 0x6f, 0x20, 0x00, 0x00, 0x02, 0xe9, 0x10, 0x6e,
    0x50, 0x00, 0x00, 0x2f, 0xff, 0xf5, 0x2f, 0xff, 0xf5, 0x00, 0x00, 0x00, 0x00, 0x00,
    0x00, 0x00, 0x00, 0x00, 0x00, 0x00, 0x06, 0x80, 0x00, 0x00, 0x00, 0x00, 0x00, 0x00,
    0x8a, 0x00, 0x00, 0x00, 0xf9, 0x2f, 0x90, 0x4b, 0xee, 0xc6, 0x00, 0x0d, 0x09, 0xa0,
    0x6f, 0x71, 0x15, 0xea, 0x00, 0x67, 0x00, 0x2f, 0x80, 0x00, 0x04, 0xf6, 0x00, 0x00,
    0x09, 0xe1, 0x00, 0x00, 0x0c, 0xc0, 0x00, 0x00, 0xdb, 0x00, 0x00, 0x00, 0x8f, 0x10,
    0x00, 0x0e, 0x90, 0x00, 0x00, 0x06, 0xf3, 0x00, 0x00, 0xea, 0x00, 0x00, 0x00, 0x6f,
    0x20, 0x00, 0x0b, 0xc0, 0x00, 0x00, 0x08, 0xe0, 0x00, 0x00, 0x6f, 0x20, 0x00, 0x00,
    0xda, 0x00, 0x00, 0x00, 0xda, 0x00, 0x00, 0x6f, 0x20, 0x00, 0x00, 0x02, 0xe9, 0x10,
    0x6e, 0x50, 0x00, 0x00, 0x2f, 0xff, 0xf5, 0x2f, 0xff, 0xf5, 0x00, 0x00, 0x00, 0x00,
    0x00, 0x00, 0x00, 0x00, 0x00, 0x00, 0x00, 0x06, 0x80, 0x00, 0x00, 0x00, 0x00, 0x00,
    0x00, 0x8a, 0x00, 0x00, 0x00, 0x06, 0xe9, 0x2e, 0x20, 0x00, 0x00, 0x00, 0x00, 0x0e,
    0x37, 0xea, 0x00, 0x00, 0x00, 0x00, 0x00, 0x00, 0x3f, 0x70, 0x04, 0xbe, 0xec, 0x60,
    0x00, 0x00, 0x08, 0x60, 0x6f, 0x71, 0x15, 0xea, 0x00, 0x00, 0x1b, 0x12, 0xf8, 0x00,
    0x00, 0x4f, 0x60, 0x00, 0x00, 0x09, 0xe1, 0x00, 0x00, 0x0c, 0xc0, 0x00, 0x00, 0x0d,
    0xb0, 0x00, 0x00, 0x08, 0xf1, 0x00, 0x00, 0x0e, 0x90, 0x00, 0x00, 0x06, 0xf3, 0x00,
    0x00, 0x0e, 0xa0, 0x00, 0x00, 0x06, 0xf2, 0x00, 0x00, 0x0b, 0xc0, 0x00, 0x00, 0x08,
    0xe0, 0x00, 0x00, 0x06, 0xf2, 0x00, 0x00, 0x0d, 0xa0, 0x00, 0x00, 0x00, 0xda, 0x00,
    0x00, 0x6f, 0x20, 0x00, 0x00, 0x00, 0x2e, 0x91, 0x06, 0xe5, 0x00, 0x00, 0x00, 0x2f,
    0xff, 0xf5, 0x2f, 0xff, 0xf5, 0x00, 0x00, 0x00, 0x00, 0x00, 0x00, 0x00, 0x00, 0x00,
    0x00, 0x00, 0x00, 0x06, 0x80, 0x00, 0x00, 0x00, 0x00, 0x00, 0x00, 0x08, 0xa0, 0x00,
    0x00, 0x06, 0xe9, 0x2e, 0x20, 0x00, 0x00, 0x00, 0x00, 0x0e, 0x37, 0xea, 0x00, 0x00,
    0x00, 0x00, 0x00, 0x00, 0x4f, 0x50, 0x04, 0xbe, 0xec, 0x60, 0x00, 0x00, 0x3b, 0x00,
    0x6f, 0x71, 0x15, 0xea, 0x00, 0x00, 0x09, 0x42, 0xf8, 0x00, 0x00, 0x4f, 0x60, 0x00,
    0x00, 0x09, 0xe1, 0x00, 0x00, 0x0c, 0xc0, 0x00, 0x00, 0x0d, 0xb0, 0x00, 0x00, 0x08,
    0xf1, 0x00, 0x00, 0x0e, 0x90, 0x00, 0x00, 0x06, 0xf3, 0x00, 0x00, 0x0e, 0xa0, 0x00,
    0x00, 0x06, 0xf2, 0x00, 0x00, 0x0b, 0xc0, 0x00, 0x00, 0x08, 0xe0, 0x00, 0x00, 0x06,
    0xf2, 0x00, 0x00, 0x0d, 0xa0, 0x00, 0x00, 0x00, 0xda, 0x00, 0x00, 0x6f, 0x20, 0x00,
    0x00, 0x00, 0x2e, 0x91, 0x06, 0xe5, 0x00, 0x00, 0x00, 0x2f, 0xff, 0xf5, 0x2f, 0xff,
    0xf5, 0x00, 0x00, 0x00, 0x00, 0x00, 0x00, 0x00, 0x00, 0x00, 0x00, 0x00, 0x00, 0x06,
    0x80, 0x00, 0x00, 0x00, 0x00, 0x00, 0x00, 0x08, 0xa0, 0x00, 0x00, 0x00, 0xe4, 0x1a,
    0x60, 0x00, 0x04, 0xde, 0xa0, 0x00, 0x00, 0x00, 0x00, 0x00, 0x00, 0x19, 0xee, 0x91,
    0xe8, 0x0a, 0xe4, 0x18, 0xcf, 0x42, 0xf7, 0x00, 0x0d, 0xf1, 0x5f, 0x30, 0x00, 0x9d,
    0x06, 0xf2, 0x00, 0x08, 0xa0, 0x5f, 0x30, 0x00, 0x9c, 0x02, 0xf7, 0x00, 0x0d, 0xf0,
    0x09, 0xe3, 0x19, 0xdf, 0x30, 0x19, 0xee, 0xa1, 0xe7, 0x03, 0xff, 0xff, 0xa0, 0x00,
    0x00, 0x00, 0x00, 0x00, 0x01, 0x9e, 0xe9, 0x1e, 0x80, 0xae, 0x41, 0x8c, 0xf4, 0x2f,
    0x70, 0x00, 0xdf, 0x15, 0xf3, 0x00, 0x09, 0xd0, 0x6f, 0x20, 0x00, 0x8a, 0x05, 0xf3,
    0x00, 0x09, 0xc0, 0x2f, 0x70, 0x00, 0xdf, 0x00, 0x9e, 0x31, 0x9d, 0xf3, 0x01, 0x9e,
    0xea, 0x1e, 0x70, 0x00, 0x5f, 0x60, 0x00, 0x00, 0x00, 0x6d, 0x10, 0x00, 0x00, 0x00,
    0x00, 0x00, 0x00, 0x19, 0xee, 0x91, 0xe8, 0x0a, 0xe4, 0x18, 0xcf, 0x42, 0xf7, 0x00,
    0x0d, 0xf1, 0x5f, 0x30, 0x00, 0x9d, 0x06, 0xf2, 0x00, 0x08, 0xa0, 0x5f, 0x30, 0x00,
    0x9c, 0x02, 0xf7, 0x00, 0x0d, 0xf0, 0x09, 0xe3, 0x19, 0xdf, 0x30, 0x19, 0xee, 0xa1,
    0xe7, 0x00, 0x00, 0x00, 0x00, 0x00, 0x00, 0x4a, 0x00, 0x00, 0x00, 0x06, 0xd0, 0x00,
    0x00, 0x01, 0x9e, 0xe9, 0x1e, 0x80, 0xae, 0x41, 0x8c, 0xf4, 0x2f, 0x70, 0x00, 0xdf,
    0x15, 0xf3, 0x00, 0x09, 0xd0, 0x6f, 0x20, 0x00, 0x8a, 0x05, 0xf3, 0x00, 0x09, 0xc0,
    0x2f, 0x70, 0x00, 0xdf, 0x00, 0x9e, 0x31, 0x9d, 0xf3, 0x01, 0x9e, 0xea, 0x1e, 0x70,
    0x00, 0x00, 0x00, 0x00, 0x00, 0x04, 0xa0, 0x00, 0x00, 0x00, 0x6d, 0x00, 0x00, 0x00,
    0x05, 0xf5, 0x00, 0x00, 0x00, 0xd7, 0x00, 0x00, 0x00, 0x00, 0x00, 0x00, 0x00, 0x19,
    0xee, 0x91, 0xe8, 0x0a, 0xe4, 0x18, 0xcf, 0x42, 0xf7, 0x00, 0x0d, 0xf1, 0x5f, 0x30,
    0x00, 0x9d, 0x06, 0xf2, 0x00, 0x08, 0xa0, 0x5f, 0x30, 0x00, 0x9c, 0x02, 0xf7, 0x00,
    0x0d, 0xf0, 0x09, 0xe3, 0x19, 0xdf, 0x30, 0x19, 0xee, 0xa1, 0xe7, 0x00, 0x00, 0x00,
    0x00, 0x00, 0x00, 0x4a, 0x00, 0x00, 0x00, 0x06, 0xd0, 0x00, 0x00, 0x00, 0xff, 0xff,
    0xff, 0xff, 0x00, 0x00, 0x40, 0x00, 0x00, 0x04, 0x00, 0x00, 0x40, 0x00, 0x00, 0x04,
    0x00, 0x00, 0x40, 0x00, 0x00, 0x04, 0x00, 0x00, 0x40, 0x00, 0x00, 0x04, 0x00, 0x00,
    0x40, 0x00, 0x00, 0x04, 0x00, 0x00, 0x40, 0x00, 0x00, 0x04, 0x00, 0x00, 0x40, 0x00,
    0x00, 0x04, 0x00, 0x00, 0x40, 0x00, 0x00, 0x04, 0x00, 0x00, 0x40, 0x00, 0x00, 0x04,
    0x00, 0x00, 0xff, 0xff, 0xff, 0xff, 0x00, 0x00, 0xbd, 0x65, 0xc0, 0x00, 0x5c, 0x2a,
    0xe5, 0x00, 0x00, 0x00, 0x00, 0x00, 0x00, 0x19, 0xee, 0x91, 0xe8, 0x0a, 0xe4, 0x18,
    0xcf, 0x42, 0xf7, 0x00, 0x0d, 0xf1, 0x5f, 0x30, 0x00, 0x9d, 0x06, 0xf2, 0x00, 0x08,
    0xa0, 0x5f, 0x30, 0x00, 0x9c, 0x02, 0xf7, 0x00, 0x0d, 0xf0, 0x09, 0xe3, 0x19, 0xdf,
    0x30, 0x19, 0xee, 0xa1, 0xe7, 0x00, 0xbd, 0x65, 0xc0, 0x00, 0x5c, 0x2a, 0xe5, 0x00,
    0x00, 0x00, 0x00, 0x00, 0x00, 0x19, 0xee, 0x91, 0xe8, 0x0a, 0xe4, 0x18, 0xcf, 0x42,
    0xf7, 0x00, 0x0d, 0xf1, 0x5f, 0x30, 0x00, 0x9d, 0x06, 0xf2, 0x00, 0x08, 0xa0, 0x5f,
    0x30, 0x00, 0x9c, 0x02, 0xf7, 0x00, 0x0d, 0xf0, 0x09, 0xe3, 0x19, 0xdf, 0x30, 0x19,
    0xee, 0xa1, 0xe7, 0x00, 0x00, 0x00, 0x00, 0x00, 0x00, 0x4a, 0x00, 0x00, 0x00, 0x06,
    0xd0, 0x00, 0x00, 0x00, 0x00, 0xd5, 0x19, 0x70, 0x00, 0x00, 0x00, 0x4d, 0xeb, 0x10,
    0x00, 0x00, 0x00, 0x00, 0x00, 0x00, 0x00, 0x00, 0x00, 0x0c, 0xf3, 0x00, 0x00, 0x00,
    0x00, 0x3f, 0xc9, 0x00, 0x00, 0x00, 0x00, 0x8d, 0x8e, 0x10, 0x00, 0x00, 0x00, 0xea,
    0x3f, 0x60, 0x00, 0x00, 0x04, 0xf4, 0x0d, 0xc0, 0x00, 0x00, 0x0a, 0xd0, 0x07, 0xf2,
    0x00, 0x00, 0x1e, 0x70, 0x01, 0xe8, 0x00, 0x00, 0x6f, 0xff, 0xff, 0xfe, 0x00, 0x00,
    0xba, 0x00, 0x00, 0x3f, 0x50, 0x02, 0xf6, 0x00, 0x00, 0x0d, 0xb0, 0x07, 0xf1, 0x00,
    0x00, 0x08, 0xf2, 0x0d, 0xb0, 0x00, 0x00, 0x03, 0xf8, 0x00, 0x03, 0xff, 0xff, 0xb0,
    0x00, 0x00, 0x00, 0x00, 0x00, 0x00, 0x00, 0x00, 0x00, 0x0c, 0xf3, 0x00, 0x00, 0x00,
    0x00, 0x3f, 0xc9, 0x00, 0x00, 0x00, 0x00, 0x8d, 0x8e, 0x10, 0x00, 0x00, 0x00, 0xea,
    0x3f, 0x60, 0x00, 0x00, 0x04, 0xf4, 0x0d, 0xc0, 0x00, 0x00, 0x0a, 0xd0, 0x07, 0xf2,
    0x00, 0x00, 0x1e, 0x70, 0x01, 0xe8, 0x00, 0x00, 0x6f, 0xff, 0xff, 0xfe, 0x00, 0x00,
    0xba, 0x00, 0x00, 0x3f, 0x50, 0x02, 0xf6, 0x00, 0x00, 0x0d, 0xb0, 0x07, 0xf1, 0x00,
    0x00, 0x08, 0xf2, 0x0d, 0xb0, 0x00, 0x00, 0x03, 0xf8, 0x08, 0xf2, 0x0c, 0xf3, 0x00,
    0x00, 0x00, 0xaa, 0x3f, 0xc9, 0x00, 0x00, 0x00, 0x00, 0x8d, 0x8e, 0x10, 0x00, 0x00,
    0x00, 0xea, 0x3f, 0x60, 0x00, 0x00, 0x04, 0xf4, 0x0d, 0xc0, 0x00, 0x00, 0x0a, 0xd0,
    0x07, 0xf2, 0x00, 0x00, 0x1e, 0x70, 0x01, 0xe8, 0x00, 0x00, 0x6f, 0xff, 0xff, 0xfe,
    0x00, 0x00, 0xba, 0x00, 0x00, 0x3f, 0x50, 0x02, 0xf6, 0x00, 0x00, 0x0d, 0xb0, 0x07,
    0xf1, 0x00, 0x00, 0x08, 0xf2, 0x0d, 0xb0, 0x00, 0x00, 0x03, 0xf8, 0x03, 0xf7, 0x0c,
    0xf3, 0x00, 0x00, 0x0b, 0x90, 0x3f, 0xc9, 0x00, 0x00, 0x00, 0x00, 0x8d, 0x8e, 0x10,
    0x00, 0x00, 0x00, 0xea, 0x3f, 0x60, 0x00, 0x00, 0x04, 0xf4, 0x0d, 0xc0, 0x00, 0x00,
    0x0a, 0xd0, 0x07, 0xf2, 0x00, 0x00, 0x1e, 0x70, 0x01, 0xe8, 0x00, 0x00, 0x6f, 0xff,
    0xff, 0xfe, 0x00, 0x00, 0xba, 0x00, 0x00, 0x3f, 0x50, 0x02, 0xf6, 0x00, 0x00, 0x0d,
    0xb0, 0x07, 0xf1, 0x00, 0x00, 0x08, 0xf2, 0x0d, 0xb0, 0x00, 0x00, 0x03, 0xf8, 0x00,
    0x00, 0x0c, 0xf3, 0x00, 0x00, 0x00, 0x00, 0x3f, 0xc9, 0x00, 0x00, 0x00, 0x00, 0x8d,
    0x8e, 0x10, 0x00, 0x00, 0x00, 0xea, 0x3f, 0x60, 0x00, 0x00, 0x04, 0xf4, 0x0d, 0xc0,
    0x00, 0x00, 0x0a, 0xd0, 0x07, 0xf2, 0x00, 0x00, 0x1e, 0x70, 0x01, 0xe8, 0x00, 0x00,
    0x6f, 0xff, 0xff, 0xfe, 0x00, 0x00, 0xba, 0x00, 0x00, 0x3f, 0x50, 0x02, 0xf6, 0x00,
    0x00, 0x0d, 0xb0, 0x07, 0xf1, 0x00, 0x00, 0x08, 0xf2, 0x0d, 0xb0, 0x00, 0x00, 0x03,
    0xf8, 0x00, 0x00, 0x00, 0x00, 0x00, 0x00, 0x00, 0x00, 0x06, 0x80, 0x00, 0x00, 0x00,
    0x00, 0x08, 0xb0, 0x00, 0x00, 0x02, 0xf8, 0x00, 0x07, 0x70, 0x01, 0xb1, 0x00, 0x00,
    0x00, 0x00, 0x00, 0x00, 0x00, 0x00, 0x00, 0x00, 0x00, 0x00, 0x00, 0x00, 0x00, 0x00,
    0x00, 0x00, 0x00, 0x00, 0x00, 0x00, 0x00, 0x00, 0x00, 0x00, 0x0c, 0x20, 0x00, 0xe5,
    0x00, 0x02, 0xf8, 0x00, 0x07, 0x70, 0x01, 0xb1, 0x00, 0x00, 0x00, 0x00, 0x00, 0x00,
    0x00, 0x00, 0x00, 0x00, 0x00, 0x00, 0x00, 0x00, 0x00, 0x00, 0x00, 0x00, 0x00, 0x00,
    0x00, 0x00, 0x00, 0x6e, 0x92, 0xd3, 0xd4, 0x6e, 0xb0, 0x00, 0x00, 0x00, 0x00, 0x00,
    0x00, 0x00, 0x00, 0x00, 0x00, 0x00, 0x00, 0x00, 0x00, 0x00, 0x00, 0x00, 0x00, 0x00,
    0x00, 0x00, 0x00, 0x00, 0x00, 0x00, 0x00, 0x00, 0x00, 0x00, 0x00, 0x6e, 0x92, 0xd3,
    0xd4, 0x6e, 0xb0, 0x00, 0x00, 0x00, 0x8e, 0x09, 0xd0, 0x00, 0x00, 0x00, 0x00, 0x00,
    0x00, 0x00, 0x00, 0x00, 0x00, 0x00, 0x00, 0x00, 0x00, 0x00, 0x00, 0x00, 0x00, 0x00,
    0x00, 0x00, 0x00, 0x00, 0x00, 0x00, 0x00, 0x00, 0x00, 0x00, 0x00, 0x00, 0x00, 0x00,
    0x00, 0x1d, 0xb0, 0x00, 0x00, 0x00, 0x2e, 0x40, 0x00, 0x00, 0x00, 0x00, 0x00, 0x00,
    0xe7, 0xae, 0xe9, 0x10, 0x0e, 0xf9, 0x13, 0xe8, 0x00, 0xed, 0x00, 0x0a, 0xc0, 0x0e,
    0x90, 0x00, 0x9c, 0x00, 0xe8, 0x00, 0x09, 0xc0, 0x0e, 0x80, 0x00, 0x9c, 0x00, 0xe8,
    0x00, 0x09, 0xc0, 0x0e, 0x80, 0x00, 0x9c, 0x00, 0xe8, 0x00, 0x09, 0xc0, 0x00, 0x00,
    0x00, 0x9c, 0x00, 0xa4, 0x00, 0x09, 0xc0, 0x0c, 0x60, 0x00, 0x9c, 0x00, 0x0e, 0x7a,
    0xee, 0x91, 0x00, 0xef, 0x91, 0x3e, 0x80, 0x0e, 0xd0, 0x00, 0xac, 0x00, 0xe9, 0x00,
    0x09, 0xc0, 0x0e, 0x80, 0x00, 0x9c, 0x00, 0xe8, 0x00, 0x09, 0xc0, 0x0e, 0x80, 0x00,
    0x9c, 0x00, 0xe8, 0x00, 0x09, 0xc0, 0x0e, 0x80, 0x00, 0x9c, 0x00, 0x00, 0x00, 0x09,
    0xc0, 0x0a, 0x40, 0x00, 0x9c, 0x00, 0xc6, 0x00, 0x09, 0xc0, 0x00, 0x00, 0xbd, 0x10,
    0x00, 0x00, 0x3e, 0x30, 0x00, 0x00, 0x00, 0x00, 0x00, 0x00, 0xe7, 0xae, 0xe9, 0x10,
    0x0e, 0xf9, 0x13, 0xe8, 0x00, 0xed, 0x00, 0x0a, 0xc0, 0x0e, 0x90, 0x00, 0x9c, 0x00,
    0xe8, 0x00, 0x09, 0xc0, 0x0e, 0x80, 0x00, 0x9c, 0x00, 0xe8, 0x00, 0x09, 0xc0, 0x0e,
    0x80, 0x00, 0x9c, 0x00, 0xe8, 0x00, 0x09, 0xc0, 0x00, 0x00, 0x00, 0x9c, 0x00, 0xa4,
    0x00, 0x09, 0xc0, 0x0c, 0x60, 0x00, 0x9c, 0x00, 0x00, 0xff, 0xff, 0xff, 0xff, 0x00,
    0x00, 0x40, 0x00, 0x00, 0x04, 0x00, 0x00, 0x40, 0x00, 0x00, 0x04, 0x00, 0x00, 0x40,
    0x00, 0x00, 0x04, 0x00, 0x00, 0x40, 0x00, 0x00, 0x04, 0x00, 0x00, 0x40, 0x00, 0x00,
    0x04, 0x00, 0x00, 0x40, 0x00, 0x00, 0x04, 0x00, 0x00, 0x40, 0x00, 0x00, 0x04, 0x00,
    0x00, 0x40, 0x00, 0x00, 0x04, 0x00, 0x00, 0x40, 0x00, 0x00, 0x04, 0x00, 0x00, 0xff,
    0xff, 0xff, 0xff, 0x00, 0x00, 0x9e, 0x82, 0xf0, 0x00, 0x1e, 0x28, 0xe8, 0x00, 0x00,
    0x00, 0x00, 0x00, 0x00, 0xe7, 0xae, 0xe9, 0x10, 0x0e, 0xf9, 0x13, 0xe8, 0x00, 0xed,
    0x00, 0x0a, 0xc0, 0x0e, 0x90, 0x00, 0x9c, 0x00, 0xe8, 0x00, 0x09, 0xc0, 0x0e, 0x80,
    0x00, 0x9c, 0x00, 0xe8, 0x00, 0x09, 0xc0, 0x0e, 0x80, 0x00, 0x9c, 0x00, 0xe8, 0x00,
    0x09, 0xc0, 0x00, 0x00, 0x00, 0x9c, 0x00, 0x00, 0x00, 0x09, 0xc0, 0x00, 0x00, 0x00,
    0x9c, 0x00, 0x00, 0x9e, 0x82, 0xf0, 0x00, 0x1e, 0x28, 0xe8, 0x00, 0x00, 0x00, 0x00,
    0x00, 0x00, 0xe7, 0xae, 0xe9, 0x10, 0x0e, 0xf9, 0x13, 0xe8, 0x00, 0xed, 0x00, 0x0a,
    0xc0, 0x0e, 0x90, 0x00, 0x9c, 0x00, 0xe8, 0x00, 0x09, 0xc0, 0x0e, 0x80, 0x00, 0x9c,
    0x00, 0xe8, 0x00, 0x09, 0xc0, 0x0e, 0x80, 0x00, 0x9c, 0x00, 0xe8, 0x00, 0x09, 0xc0,
    0x00, 0x00, 0x00, 0x9c, 0x00, 0xa4, 0x00, 0x09, 0xc0, 0x0c, 0x60, 0x00, 0x9c, 0x00,
    0x8f, 0x26, 0xff, 0xff, 0xff, 0xfd, 0x00, 0xaa, 0x6f, 0x20, 0x00, 0x00, 0x00, 0x00,
    0x06, 0xf2, 0x00, 0x00, 0x00, 0x00, 0x00, 0x6f, 0x20, 0x00, 0x00, 0x00, 0x00, 0x06,
    0xf2, 0x00, 0x00, 0x00, 0x00, 0x00, 0x6f, 0xff, 0xff, 0xff, 0x70, 0x00, 0x06, 0xf2,
    0x00, 0x00, 0x00, 0x00, 0x00, 0x6f, 0x20, 0x00, 0x00, 0x00, 0x00, 0x06, 0xf2, 0x00,
    0x00, 0x00, 0x00, 0x00, 0x6f, 0x20, 0x00, 0x00, 0x00, 0x00, 0x06, 0xf2, 0x00, 0x00,
    0x00, 0x00, 0x00, 0x6f, 0xff, 0xff, 0xff, 0xf2, 0x3f, 0x76, 0xff, 0xff, 0xff, 0xfd,
    0x0b, 0x90, 0x6f, 0x20, 0x00, 0x00, 0x00, 0x00, 0x06, 0xf2, 0x00, 0x00, 0x00, 0x00,
    0x00, 0x6f, 0x20, 0x00, 0x00, 0x00, 0x00, 0x06, 0xf2, 0x00, 0x00, 0x00, 0x00, 0x00,
    0x6f, 0xff, 0xff, 0xff, 0x70, 0x00, 0x06, 0xf2, 0x00, 0x00, 0x00, 0x00, 0x00, 0x6f,
    0x20, 0x00, 0x00, 0x00, 0x00, 0x06, 0xf2, 0x00, 0x00, 0x00, 0x00, 0x00, 0x6f, 0x20,
    0x00, 0x00, 0x00, 0x00, 0x06, 0xf2, 0x00, 0x00, 0x00, 0x00, 0x00, 0x6f, 0xff, 0xff,
    0xff, 0xf2, 0x8f, 0x26, 0xf2, 0x00, 0x00, 0x0e, 0x90, 0x0a, 0xa6, 0xf2, 0x00, 0x00,
    0x0e, 0x90, 0x00, 0x06, 0xf2, 0x00, 0x00, 0x0e, 0x90, 0x00, 0x06, 0xf2, 0x00, 0x00,
    0x0e, 0x90, 0x00, 0x06, 0xf2, 0x00, 0x00, 0x0e, 0x90, 0x00, 0x06, 0xff, 0xff, 0xff,
    0xff, 0x90, 0x00, 0x06, 0xf2, 0x00, 0x00, 0x0e, 0x90, 0x00, 0x06, 0xf2, 0x00, 0x00,
    0x0e, 0x90, 0x00, 0x06, 0xf2, 0x00, 0x00, 0x0e, 0x90, 0x00, 0x06, 0xf2, 0x00, 0x00,
    0x0e, 0x90, 0x00, 0x06, 0xf2, 0x00, 0x00, 0x0e, 0x90, 0x00, 0x06, 0xf2, 0x00, 0x00,
    0x0e, 0x90, 0x3f, 0x76, 0xf2, 0x00, 0x00, 0x0e, 0x90, 0xb9, 0x06, 0xf2, 0x00, 0x00,
    0x0e, 0x90, 0x00, 0x06, 0xf2, 0x00, 0x00, 0x0e, 0x90, 0x00, 0x06, 0xf2, 0x00, 0x00,
    0x0e, 0x90, 0x00, 0x06, 0xf2, 0x00, 0x00, 0x0e, 0x90, 0x00, 0x06, 0xff, 0xff, 0xff,
    0xff, 0x90, 0x00, 0x06, 0xf2, 0x00, 0x00, 0x0e, 0x90, 0x00, 0x06, 0xf2, 0x00, 0x00,
    0x0e, 0x90, 0x00, 0x06, 0xf2, 0x00, 0x00, 0x0e, 0x90, 0x00, 0x06, 0xf2, 0x00, 0x00,
    0x0e, 0x90, 0x00, 0x06, 0xf2, 0x00, 0x00, 0x0e, 0x90, 0x00, 0x06, 0xf2, 0x00, 0x00,
    0x0e, 0x90, 0x0b, 0xc0, 0x00, 0x00, 0x4f, 0x40, 0x0b, 0xc0, 0x00, 0x00, 0x4f, 0x40,
    0x0b, 0xc0, 0x00, 0x00, 0x4f, 0x40, 0x0b, 0xc0, 0x00, 0x00, 0x4f, 0x40, 0x0b, 0xc0,
    0x00, 0x00, 0x4f, 0x40, 0x0b, 0xff, 0xff, 0xff, 0xff, 0x40, 0x0b, 0xc0, 0x00, 0x00,
    0x4f, 0x40, 0x0b, 0xc0, 0x00, 0x00, 0x4f, 0x40, 0x0b, 0xc0, 0x00, 0x00, 0x4f, 0x40,
    0x0b, 0xc0, 0x00, 0x00, 0x4f, 0x40, 0x0b, 0xc0, 0x00, 0x00, 0x4f, 0x40, 0x0b, 0xc0,
    0x00, 0x00, 0x4f, 0x40, 0x00, 0x00, 0x00, 0x00, 0x00, 0x00, 0x00, 0x00, 0x0a, 0x40,
    0x00, 0x00, 0x00, 0x00, 0x0d, 0x60, 0x00, 0x00, 0xbd, 0x4f, 0x60, 0x1c, 0x06, 0xe1,
    0x95, 0x00, 0x00, 0x00, 0x00, 0x00, 0x00, 0x00, 0x00, 0x00, 0x00, 0x00, 0x00, 0x00,
    0x00, 0x00, 0x00, 0x00, 0x00, 0x00, 0x00, 0x00, 0x00, 0x00, 0x00, 0x00, 0x00, 0x00,
    0x00, 0x00, 0xbd, 0x1d, 0xb0, 0x1c, 0x7c, 0x10, 0x95, 0x00, 0x00, 0x00, 0x00, 0x00,
    0x00, 0x00, 0x00, 0x00, 0x00, 0x00, 0x00, 0x00, 0x00, 0x00, 0x00, 0x00, 0x00, 0x00,
    0x00, 0x00, 0x00, 0x00, 0x00, 0x00, 0x00, 0x00, 0x00, 0x00, 0x6e, 0x92, 0xd3, 0xd4,
    0x6e, 0xb0, 0x02, 0xf8, 0x00, 0x00, 0x77, 0x00, 0x01, 0xb1, 0x00, 0x00, 0x00, 0x00,
    0x00, 0x00, 0x00, 0x00, 0x00, 0x00, 0x00, 0x00, 0x00, 0x00, 0x00, 0x00, 0x00, 0x00,
    0x00, 0x00, 0x00, 0x00, 0x00, 0x00, 0x00, 0x00, 0x00, 0x00, 0x6b, 0x13, 0xe0, 0x0a,
    0xed, 0x40, 0x00, 0x00, 0x00, 0x00, 0xe7, 0x00, 0x00, 0xe7, 0x00, 0x00, 0xe7, 0x00,
    0x00, 0xe7, 0x00, 0x00, 0xe7, 0x00, 0x00, 0xe7, 0x00, 0x00, 0xe7, 0x00, 0x00, 0xe7,
    0x00, 0x00, 0xe7, 0x00, 0xaf, 0xff, 0xf3, 0x00, 0x00, 0x00, 0x00, 0xe7, 0x00, 0x00,
    0xe7, 0x00, 0x00, 0xe7, 0x00, 0x00, 0xe7, 0x00, 0x00, 0xe7, 0x00, 0x00, 0xe7, 0x00,
    0x00, 0xe7, 0x00, 0x00, 0xe7, 0x00, 0x00, 0xe7, 0x00, 0x0b, 0xd1, 0x00, 0x1c, 0x70,
    0x00, 0x00, 0x06, 0xf1, 0x8e, 0x00, 0x00, 0x00, 0x0e, 0x70, 0x00, 0xe7, 0x00, 0x0e,
    0x70, 0x00, 0xe7, 0x00, 0x0e, 0x70, 0x00, 0xe7, 0x00, 0x0e, 0x70, 0x00, 0xe7, 0x00,
    0x0e, 0x70, 0x00, 0x4f, 0x60, 0x0c, 0x80, 0x00, 0x00, 0x06, 0xf1, 0x8e, 0x00, 0x00,
    0x00, 0x0e, 0x70, 0x00, 0xe7, 0x00, 0x0e, 0x70, 0x00, 0xe7, 0x00, 0x0e, 0x70, 0x00,
    0xe7, 0x00, 0x0e, 0x70, 0x00, 0xe7, 0x00, 0x0e, 0x70, 0x00, 0xff, 0xff, 0xff, 0xff,
    0x00, 0x00, 0x40, 0x00, 0x00, 0x04, 0x00, 0x00, 0x40, 0x00, 0x00, 0x04, 0x00, 0x00,
    0x40, 0x00, 0x00, 0x04, 0x00, 0x00, 0x40, 0x00, 0x00, 0x04, 0x00, 0x00, 0x40, 0x00,
    0x00, 0x04, 0x00, 0x00, 0x40, 0x00, 0x00, 0x04, 0x00, 0x00, 0x40, 0x00, 0x00, 0x04,
    0x00, 0x00, 0x40, 0x00, 0x00, 0x04, 0x00, 0x00, 0x40, 0x00, 0x00, 0x04, 0x00, 0x00,
    0xff, 0xff, 0xff, 0xff, 0x00, 0x00, 0xff, 0xff, 0xff, 0xff, 0x00, 0x00, 0x40, 0x00,
    0x00, 0x04, 0x00, 0x00, 0x40, 0x00, 0x00, 0x04, 0x00, 0x00, 0x40, 0x00, 0x00, 0x04,
    0x00, 0x00, 0x40, 0x00, 0x00, 0x04, 0x00, 0x00, 0x40, 0x00, 0x00, 0x04, 0x00, 0x00,
    0x40, 0x00, 0x00, 0x04, 0x00, 0x00, 0x40, 0x00, 0x00, 0x04, 0x00, 0x00, 0x40, 0x00,
    0x00, 0x04, 0x00, 0x00, 0x40, 0x00, 0x00, 0x04, 0x00, 0x00, 0xff, 0xff, 0xff, 0xff,
    0x00, 0x5e, 0xb2, 0xb5, 0xc5, 0x5d, 0xc0, 0x00, 0x00, 0x00, 0x00, 0xe7, 0x00, 0x00,
    0xe7, 0x00, 0x00, 0xe7, 0x00, 0x00, 0xe7, 0x00, 0x00, 0xe7, 0x00, 0x00, 0xe7, 0x00,
    0x00, 0xe7, 0x00, 0x00, 0xe7, 0x00, 0x00, 0xe7, 0x00, 0x5e, 0xb2, 0xb5, 0xc5, 0x5d,
    0xc0, 0x00, 0x00, 0x00, 0x6f, 0x18, 0xe0, 0x00, 0x00, 0x00, 0x00, 0xe7, 0x00, 0x00,
    0xe7, 0x00, 0x00, 0xe7, 0x00, 0x00, 0xe7, 0x00, 0x00, 0xe7, 0x00, 0x00, 0xe7, 0x00,
    0x00, 0xe7, 0x00, 0x00, 0xe7, 0x00, 0x00, 0xe7, 0x00, 0xa8, 0x17, 0xa2, 0xcf, 0xc2,
    0x00, 0x00, 0x00, 0x8f, 0x00, 0x08, 0xf0, 0x00, 0x8f, 0x00, 0x08, 0xf0, 0x00, 0x8f,
    0x00, 0x08, 0xf0, 0x00, 0x8f, 0x00, 0x08, 0xf0, 0x00, 0x8f, 0x00, 0x08, 0xf0, 0x00,
    0x8f, 0x00, 0x08, 0xf0, 0x00, 0x1f, 0xff, 0xfc, 0x00, 0x00, 0x00, 0x00, 0x8f, 0x00,
    0x00, 0x8f, 0x00, 0x00, 0x8f, 0x00, 0x00, 0x8f, 0x00, 0x00, 0x8f, 0x00, 0x00, 0x8f,
    0x00, 0x00, 0x8f, 0x00, 0x00, 0x8f, 0x00, 0x00, 0x8f, 0x00, 0x00, 0x8f, 0x00, 0x00,
    0x8f, 0x00, 0x00, 0x8f, 0x00, 0x8f, 0x22, 0xf5, 0x00, 0xaa, 0x2f, 0x50, 0x00, 0x02,
    0xf5, 0x00, 0x00, 0x2f, 0x50, 0x00, 0x02, 0xf5, 0x00, 0x00, 0x2f, 0x50, 0x00, 0x02,
    0xf5, 0x00, 0x00, 0x2f, 0x50, 0x00, 0x02, 0xf5, 0x00, 0x00, 0x2f, 0x50, 0x00, 0x02,
    0xf5, 0x00, 0x00, 0x2f, 0x50, 0x3f, 0x72, 0xf5, 0x0b, 0x90, 0x2f, 0x50, 0x00, 0x02,
    0xf5, 0x00, 0x00, 0x2f, 0x50, 0x00, 0x02, 0xf5, 0x00, 0x00, 0x2f, 0x50, 0x00, 0x02,
    0xf5, 0x00, 0x00, 0x2f, 0x50, 0x00, 0x02, 0xf5, 0x00, 0x00, 0x2f, 0x50, 0x00, 0x02,
    0xf5, 0x00, 0x00, 0x2f, 0x50, 0x00, 0xff, 0xff, 0xff, 0xff, 0x00, 0x00, 0x40, 0x00,
    0x00, 0x04, 0x00, 0x00, 0x40, 0x00, 0x00, 0x04, 0x00, 0x00, 0x40, 0x00, 0x00, 0x04,
    0x00, 0x00, 0x40, 0x00, 0x00, 0x04, 0x00, 0x00, 0x40, 0x00, 0x00, 0x04, 0x00, 0x00,
    0x40, 0x00, 0x00, 0x04, 0x00, 0x00, 0x40, 0x00, 0x00, 0x04, 0x00, 0x00, 0x40, 0x00,
    0x00, 0x04, 0x00, 0x00, 0x40, 0x00, 0x00, 0x04, 0x00, 0x00, 0xff, 0xff, 0xff, 0xff,
    0x00, 0xdc, 0x4f, 0x60, 0xc2, 0x06, 0xe1, 0x49, 0x00, 0x00, 0x00, 0x00, 0x00, 0x00,
    0x00, 0x00, 0x00, 0x00, 0x00, 0x00, 0x00, 0x00, 0x00, 0x00, 0x00, 0x00, 0x00, 0x00,
    0x00, 0x00, 0x00, 0x00, 0x00, 0x00, 0x00, 0x00, 0x00, 0xdc, 0x1d, 0xb0, 0xc2, 0x7c,
    0x10, 0x49, 0x00, 0x00, 0x00, 0x00, 0x00, 0x00, 0x00, 0x00, 0x00, 0x00, 0x00, 0x00,
    0x00, 0x00, 0x00, 0x00, 0x00, 0x00, 0x00, 0x00, 0x00, 0x00, 0x00, 0x00, 0x00, 0x00,
    0x00, 0x00, 0x00, 0x6e, 0x92, 0xd3, 0xd4, 0x6e, 0xb0, 0x03, 0xf6, 0x00, 0x02, 0xc0,
    0x00, 0x00, 0x95, 0x00, 0x00, 0x00, 0x00, 0x00, 0x00, 0x00, 0x00, 0x00, 0x00, 0x00,
    0x00, 0x00, 0x00, 0x00, 0x00, 0x00, 0x00, 0x00, 0x00, 0x00, 0x00, 0x00, 0x00, 0x00,
    0x00, 0x00, 0x00, 0x00, 0xc6, 0x18, 0x80, 0x00, 0x03, 0xce, 0xb1, 0x00, 0x00, 0x00,
    0x00, 0x00, 0x00, 0xe7, 0x00, 0x0a, 0xb0, 0x0e, 0x70, 0x00, 0xab, 0x00, 0xe7, 0x00,
    0x0a, 0xb0, 0x0e, 0x70, 0x00, 0xab, 0x00, 0xe7, 0x00, 0x0a, 0xb0, 0x0e, 0x70, 0x00,
    0xba, 0x00, 0xca, 0x00, 0x0d, 0x80, 0x06, 0xf5, 0x17, 0xf3, 0x00, 0x07, 0xde, 0xc4,
    0x00, 0x01, 0xff, 0xff, 0xc0, 0x00, 0x00, 0x00, 0x00, 0x00, 0x0e, 0x70, 0x00, 0xab,
    0x00, 0xe7, 0x00, 0x0a, 0xb0, 0x0e, 0x70, 0x00, 0xab, 0x00, 0xe7, 0x00, 0x0a, 0xb0,
    0x0e, 0x70, 0x00, 0xab, 0x00, 0xe7, 0x00, 0x0b, 0xa0, 0x0c, 0xa0, 0x00, 0xd8, 0x00,
    0x6f, 0x51, 0x7f, 0x30, 0x00, 0x7d, 0xec, 0x40, 0x00, 0x00, 0x3e, 0x80, 0x00, 0x00,
    0x00, 0x4e, 0x20, 0x00, 0x00, 0x00, 0x00, 0x00, 0x00, 0x0c, 0xa0, 0xd9, 0x00, 0x00,
    0x00, 0x00, 0x00, 0x00, 0xe7, 0x00, 0x0a, 0xb0, 0x0e, 0x70, 0x00, 0xab, 0x00, 0xe7,
    0x00, 0x0a, 0xb0, 0x0e, 0x70, 0x00, 0xab, 0x00, 0xe7, 0x00, 0x0a, 0xb0, 0x0e, 0x70,
    0x00, 0xba, 0x00, 0xca, 0x00, 0x0d, 0x80, 0x06, 0xf5, 0x17, 0xf3, 0x00, 0x07, 0xde,
    0xc4, 0x00, 0x00, 0x00, 0xbd, 0x10, 0x00, 0x00, 0x4e, 0x20, 0x00, 0x00, 0x00, 0x00,
    0x00, 0x00, 0x0c, 0xa0, 0xd9, 0x00, 0x00, 0x00, 0x00, 0x00, 0x00, 0xe7, 0x00, 0x0a,
    0xb0, 0x0e, 0x70, 0x00, 0xab, 0x00, 0xe7, 0x00, 0x0a, 0xb0, 0x0e, 0x70, 0x00, 0xab,
    0x00, 0xe7, 0x00, 0x0a, 0xb0, 0x0e, 0x70, 0x00, 0xba, 0x00, 0xca, 0x00, 0x0d, 0x80,
    0x06, 0xf5, 0x17, 0xf3, 0x00, 0x07, 0xde, 0xc4, 0x00, 0x00, 0x04, 0xf6, 0x00, 0x00,
    0x00, 0x09, 0x50, 0x00, 0x00, 0x02, 0xb1, 0x00, 0x00, 0x00, 0x00, 0x00, 0x00, 0x00,
    0x5c, 0xfd, 0x80, 0x00, 0x4f, 0x71, 0x3d, 0xa0, 0x0a, 0xc0, 0x00, 0x4f, 0x30, 0xd8,
    0x00, 0x00, 0xf7, 0x0e, 0x70, 0x00, 0x0e, 0x80, 0xf8, 0x00, 0x00, 0xf7, 0x0f, 0xc0,
    0x00, 0x4f, 0x30, 0xff, 0x71, 0x3d, 0xa0, 0x0f, 0x9b, 0xee, 0x91, 0x00, 0xf7, 0x00,
    0x00, 0x00, 0x0f, 0x70, 0x00, 0x00, 0x00, 0xf7, 0x00, 0x00, 0x00, 0x00, 0x05, 0xf4,
    0x00, 0x00, 0x00, 0x4a, 0x00, 0x00, 0x00, 0x00, 0xa3, 0x00, 0x00, 0x00, 0x00, 0x00,
    0x00, 0x00, 0x5c, 0xfd, 0x80, 0x00, 0x4f, 0x71, 0x3d, 0xa0, 0x0a, 0xc0, 0x00, 0x4f,
    0x30, 0xd8, 0x00, 0x00, 0xf7, 0x0e, 0x70, 0x00, 0x0e, 0x80, 0xf8, 0x00, 0x00, 0xf7,
    0x0f, 0xc0, 0x00, 0x4f, 0x30, 0xff, 0x71, 0x3d, 0xa0, 0x0f, 0x9b, 0xee, 0x91, 0x00,
    0xf7, 0x00, 0x00, 0x00, 0x0f, 0x70, 0x00, 0x00, 0x00, 0xf7, 0x00, 0x00, 0x00, 0x00,
    0x9e, 0x73, 0xe0, 0x00, 0x2e, 0x29, 0xe7, 0x00, 0x00, 0x00, 0x00, 0x00, 0x00, 0xe7,
    0x00, 0x0a, 0xb0, 0x0e, 0x70, 0x00, 0xab, 0x00, 0xe7, 0x00, 0x0a, 0xb0, 0x0e, 0x70,
    0x00, 0xab, 0x00, 0xe7, 0x00, 0x0a, 0xb0, 0x0e, 0x70, 0x00, 0xba, 0x00, 0xca, 0x00,
    0x0d, 0x80, 0x06, 0xf5, 0x17, 0xf3, 0x00, 0x07, 0xde, 0xc4, 0x00, 0x00, 0x9e, 0x73,
    0xe0, 0x00, 0x2e, 0x29, 0xe7, 0x00, 0x00, 0x00, 0x00, 0x00, 0x00, 0x0c, 0xa0, 0xd9,
    0x00, 0x00, 0x00, 0x00, 0x00, 0x00, 0xe7, 0x00, 0x0a, 0xb0, 0x0e, 0x70, 0x00, 0xab,
    0x00, 0xe7, 0x00, 0x0a, 0xb0, 0x0e, 0x70, 0x00, 0xab, 0x00, 0xe7, 0x00, 0x0a, 0xb0,
    0x0e, 0x70, 0x00, 0xba, 0x00, 0xca, 0x00, 0x0d, 0x80, 0x06, 0xf5, 0x17, 0xf3, 0x00,
    0x07, 0xde, 0xc4, 0x00, 0x00, 0x0e, 0x41, 0xa6, 0x00, 0x00, 0x00, 0x4d, 0xea, 0x00,
    0x00, 0x00, 0x00, 0x00, 0x00, 0x00, 0x0a, 0xf3, 0x00, 0x00, 0x08, 0xf3, 0x1e, 0xb0,
    0x00, 0x02, 0xf8, 0x00, 0x5f, 0x50, 0x00, 0xad, 0x10, 0x00, 0xbd, 0x10, 0x4f, 0x40,
    0x00, 0x02, 0xe9, 0x1d, 0x90, 0x00, 0x00, 0x07, 0xfd, 0xd1, 0x00, 0x00, 0x00, 0x0c,
    0xf4, 0x00, 0x00, 0x00, 0x00, 0x8f, 0x00, 0x00, 0x00, 0x00, 0x08, 0xf0, 0x00, 0x00,
    0x00, 0x00, 0x8f, 0x00, 0x00, 0x00, 0x00, 0x08, 0xf0, 0x00, 0x00, 0x00, 0x00, 0x8f,
    0x00, 0x00, 0x00, 0x00, 0x3f, 0xff, 0xfa, 0x00, 0x00, 0x00, 0x00, 0x00, 0x00, 0x00,
    0xaf, 0x30, 0x00, 0x00, 0x8f, 0x31, 0xeb, 0x00, 0x00, 0x2f, 0x80, 0x05, 0xf5, 0x00,
    0x0a, 0xd1, 0x00, 0x0b, 0xd1, 0x04, 0xf4, 0x00, 0x00, 0x2e, 0x91, 0xd9, 0x00, 0x00,
    0x00, 0x7f, 0xdd, 0x10, 0x00, 0x00, 0x00, 0xcf, 0x40, 0x00, 0x00, 0x00, 0x08, 0xf0,
    0x00, 0x00, 0x00, 0x00, 0x8f, 0x00, 0x00, 0x00, 0x00, 0x08, 0xf0, 0x00, 0x00, 0x00,
    0x00, 0x8f, 0x00, 0x00, 0x00, 0x00, 0x08, 0xf0, 0x00, 0x00, 0x8f, 0x28, 0xf5, 0x00,
    0x00, 0x06, 0xf5, 0x0a, 0xa0, 0xdd, 0x00, 0x00, 0x1e, 0xa0, 0x00, 0x00, 0x4f, 0x70,
    0x00, 0x9e, 0x10, 0x00, 0x00, 0x09, 0xe2, 0x03, 0xf5, 0x00, 0x00, 0x00, 0x01, 0xdb,
    0x0c, 0xb0, 0x00, 0x00, 0x00, 0x00, 0x5f, 0xde, 0x20, 0x00, 0x00, 0x00, 0x00, 0x0a,
    0xf6, 0x00, 0x00, 0x00, 0x00, 0x00, 0x06, 0xf2, 0x00, 0x00, 0x00, 0x00, 0x00, 0x06,
    0xf2, 0x00, 0x00, 0x00, 0x00, 0x00, 0x06, 0xf2, 0x00, 0x00, 0x00, 0x00, 0x00, 0x06,
    0xf2, 0x00, 0x00, 0x00, 0x00, 0x00, 0x06, 0xf2, 0x00, 0x00, 0x3f, 0x72, 0xfa, 0x00,
    0x00, 0x01, 0xeb, 0x0b, 0x90, 0x07, 0xf4, 0x00, 0x00, 0x9e, 0x20, 0x00, 0x00, 0x0c,
    0xd0, 0x00, 0x3f, 0x60, 0x00, 0x00, 0x00, 0x3f, 0x70, 0x0b, 0xb0, 0x00, 0x00, 0x00,
    0x00, 0x8e, 0x27, 0xe2, 0x00, 0x00, 0x00, 0x00, 0x01, 0xdd, 0xf7, 0x00, 0x00, 0x00,
    0x00, 0x00, 0x04, 0xfc, 0x00, 0x00, 0x00, 0x00, 0x00, 0x00, 0x0f, 0x80, 0x00, 0x00,
    0x00, 0x00, 0x00, 0x00, 0xf8, 0x00, 0x00, 0x00, 0x00, 0x00, 0x00, 0x0f, 0x80, 0x00,
    0x00, 0x00, 0x00, 0x00, 0x00, 0xf8, 0x00, 0x00, 0x00, 0x00, 0x00, 0x00, 0x0f, 0x80,
    0x00, 0x00, 0xf9, 0x3f, 0xff, 0xff, 0xeb, 0x30, 0xd0, 0x3f, 0x50, 0x00, 0x2b, 0xe1,
    0x67, 0x3f, 0x50, 0x00, 0x03, 0xf6, 0x00, 0x3f, 0x50, 0x00, 0x01, 0xf8, 0x00, 0x3f,
    0x50, 0x00, 0x03, 0xf5, 0x00, 0x3f, 0x50, 0x00, 0x3c, 0xd0, 0x00, 0x3f, 0xff, 0xff,
    0xea, 0x20, 0x00, 0x3f, 0x50, 0x00, 0x00, 0x00, 0x00, 0x3f, 0x50, 0x00, 0x00, 0x00,
    0x00, 0x3f, 0x50, 0x00, 0x00, 0x00, 0x00, 0x3f, 0x50, 0x00, 0x00, 0x00, 0x00, 0x3f,
    0x50, 0x00, 0x00, 0x00, 0x00, 0x6d, 0x00, 0x03, 0xf3, 0xa6, 0xd8, 0x00, 0x00, 0x00,
    0x00, 0x00, 0x00, 0x00, 0x00, 0x00, 0x00, 0x00, 0x00, 0x00, 0x00, 0x00, 0x00, 0x00,
    0x00, 0x00, 0x00, 0x00, 0x00, 0x00, 0x00, 0x00, 0x00, 0x00, 0x00, 0x00, 0x00, 0x00,
    0x00, 0x00, 0x00, 0x00, 0x00, 0x08, 0xb0, 0x03, 0xf4, 0xd1, 0xd8, 0x00, 0x00, 0x00,
    0x00, 0x00, 0x00, 0x00, 0x00, 0x00, 0x00, 0x00, 0x00, 0x00, 0x00, 0x00, 0x00, 0x00,
    0x00, 0x00, 0x00, 0x00, 0x00, 0x00, 0x00, 0x00, 0x00, 0x00, 0x00, 0x00, 0x00, 0x00,
    0x00, 0x00, 0x00, 0x00, 0x1c, 0xc0, 0x00, 0x1d, 0x60, 0x00, 0x00, 0x00, 0x00, 0x00,
    0x00, 0x00, 0x00, 0x00, 0x00, 0x00, 0x00, 0x00, 0x00, 0x00, 0x00, 0x00, 0x00, 0x00,
    0x00, 0x00, 0x00, 0x00, 0x00, 0x00, 0x00, 0xff, 0xff, 0xff, 0xff, 0x00, 0x00, 0x40,
    0x00, 0x00, 0x04, 0x00, 0x00, 0x40, 0x00, 0x00, 0x04, 0x00, 0x00, 0x40, 0x00, 0x00,
    0x04, 0x00, 0x00, 0x40, 0x00, 0x00, 0x04, 0x00, 0x00, 0x40, 0x00, 0x00, 0x04, 0x00,
    0x00, 0x40, 0x00, 0x00, 0x04, 0x00, 0x00, 0x40, 0x00, 0x00, 0x04, 0x00, 0x00, 0x40,
    0x00, 0x00, 0x04, 0x00, 0x00, 0x40, 0x00, 0x00, 0x04, 0x00, 0x00, 0xff, 0xff, 0xff,
    0xff, 0x00, 0x00, 0xff, 0xff, 0xff, 0xff, 0x00, 0x00, 0x40, 0x00, 0x00, 0x04, 0x00,
    0x00, 0x40, 0x00, 0x00, 0x04, 0x00, 0x00, 0x40, 0x00, 0x00, 0x04, 0x00, 0x00, 0x40,
    0x00, 0x00, 0x04, 0x00, 0x00, 0x40, 0x00, 0x00, 0x04, 0x00, 0x00, 0x40, 0x00, 0x00,
    0x04, 0x00, 0x00, 0x40, 0x00, 0x00, 0x04, 0x00, 0x00, 0x40, 0x00, 0x00, 0x04, 0x00,
    0x00, 0x40, 0x00, 0x00, 0x04, 0x00, 0x00, 0xff, 0xff, 0xff, 0xff, 0x00, 0x00, 0x00,
    0x6f, 0x40, 0x00, 0x00, 0x00, 0x00, 0x00, 0x8c, 0x00, 0x00, 0x00, 0x00, 0x00, 0x00,
    0x00, 0x00, 0x00, 0x00, 0x5f, 0x20, 0x00, 0x00, 0x9c, 0x00, 0x0b, 0xb0, 0x00, 0x00,
    0x03, 0xf3, 0x01, 0xf6, 0x00, 0x7e, 0x00, 0x0e, 0x80, 0x3f, 0x30, 0x07, 0xe0, 0x00,
    0xbb, 0x04, 0xf2, 0x00, 0x7e, 0x00, 0x0a, 0xc0, 0x3f, 0x30, 0x07, 0xf0, 0x00, 0xab,
    0x01, 0xf6, 0x00, 0x9f, 0x20, 0x0d, 0x80, 0x09, 0xd2, 0x4e, 0x9a, 0x17, 0xf3, 0x00,
    0x1a, 0xfd, 0x40, 0x9e, 0xd5, 0x00, 0x00, 0x00, 0x00, 0x00, 0x00, 0x00, 0x00, 0x00,
    0x00, 0x3b, 0x00, 0x00, 0x00, 0x00, 0x00, 0x06, 0xd0, 0x00, 0x00, 0x00, 0x05, 0xf2,
    0x00, 0x00, 0x09, 0xc0, 0x00, 0xbb, 0x00, 0x00, 0x00, 0x3f, 0x30, 0x1f, 0x60, 0x07,
    0xe0, 0x00, 0xe8, 0x03, 0xf3, 0x00, 0x7e, 0x00, 0x0b, 0xb0, 0x4f, 0x20, 0x07, 0xe0,
    0x00, 0xac, 0x03, 0xf3, 0x00, 0x7f, 0x00, 0x0a, 0xb0, 0x1f, 0x60, 0x09, 0xf2, 0x00,
    0xd8, 0x00, 0x9d, 0x24, 0xe9, 0xa1, 0x7f, 0x30, 0x01, 0xaf, 0xd4, 0x09, 0xed, 0x50,
    0x00, 0x00, 0x00, 0x00, 0x00, 0x00, 0x00, 0x00, 0x00, 0x03, 0xb0, 0x00, 0x00, 0x00,
    0x00, 0x00, 0x6d, 0x00, 0x00, 0x00, 0x00, 0x00, 0x00, 0xcc, 0x10, 0x00, 0x00, 0x00,
    0x00, 0x5d, 0x20, 0x00, 0x00, 0x00, 0x00, 0x00, 0x00, 0x00, 0x00, 0x00, 0x5f, 0x20,
    0x00, 0x00, 0x9c, 0x00, 0x0b, 0xb0, 0x00, 0x00, 0x03, 0xf3, 0x01, 0xf6, 0x00, 0x7e,
    0x00, 0x0e, 0x80, 0x3f, 0x30, 0x07, 0xe0, 0x00, 0xbb, 0x04, 0xf2, 0x00, 0x7e, 0x00,
    0x0a, 0xc0, 0x3f, 0x30, 0x07, 0xf0, 0x00, 0xab, 0x01, 0xf6, 0x00, 0x9f, 0x20, 0x0d,
    0x80, 0x09, 0xd2, 0x4e, 0x9a, 0x17, 0xf3, 0x00, 0x1a, 0xfd, 0x40, 0x9e, 0xd5, 0x00,
    0x00, 0x00, 0x00, 0x00, 0x00, 0x00, 0x00, 0x00, 0x00, 0x3b, 0x00, 0x00, 0x00, 0x00,
    0x00, 0x06, 0xd0, 0x00, 0x00, 0x00, 0x00, 0xff, 0xff, 0xff, 0xff, 0x00, 0x00, 0x40,
    0x00, 0x00, 0x04, 0x00, 0x00, 0x40, 0x00, 0x00, 0x04, 0x00, 0x00, 0x40, 0x00, 0x00,
    0x04, 0x00, 0x00, 0x40, 0x00, 0x00, 0x04, 0x00, 0x00, 0x40, 0x00, 0x00, 0x04, 0x00,
    0x00, 0x40, 0x00, 0x00, 0x04, 0x00, 0x00, 0x40, 0x00, 0x00, 0x04, 0x00, 0x00, 0x40,
    0x00, 0x00, 0x04, 0x00, 0x00, 0x40, 0x00, 0x00, 0x04, 0x00, 0x00, 0xff, 0xff, 0xff,
    0xff, 0x00, 0x00, 0x00, 0xbe, 0x64, 0xc0, 0x00, 0x00, 0x00, 0x4c, 0x2a, 0xe5, 0x00,
    0x00, 0x00, 0x00, 0x00, 0x00, 0x00, 0x00, 0x00, 0x5f, 0x20, 0x00, 0x00, 0x9c, 0x00,
    0x0b, 0xb0, 0x00, 0x00, 0x03, 0xf3, 0x01, 0xf6, 0x00, 0x7e, 0x00, 0x0e, 0x80, 0x3f,
    0x30, 0x07, 0xe0, 0x00, 0xbb, 0x04, 0xf2, 0x00, 0x7e, 0x00, 0x0a, 0xc0, 0x3f, 0x30,
    0x07, 0xf0, 0x00, 0xab, 0x01, 0xf6, 0x00, 0x9f, 0x20, 0x0d, 0x80, 0x09, 0xd2, 0x4e,
    0x9a, 0x17, 0xf3, 0x00, 0x1a, 0xfd, 0x40, 0x9e, 0xd5, 0x00, 0x00, 0x00, 0xbe, 0x64,
    0xc0, 0x00, 0x00, 0x00, 0x4c, 0x2a, 0xe5, 0x00, 0x00, 0x00, 0x00, 0x00, 0x00, 0x00,
    0x00, 0x00, 0x5f, 0x20, 0x00, 0x00, 0x9c, 0x00, 0x0b, 0xb0, 0x00, 0x00, 0x03, 0xf3,
    0x01, 0xf6, 0x00, 0x7e, 0x00, 0x0e, 0x80, 0x3f, 0x30, 0x07, 0xe0, 0x00, 0xbb, 0x04,
    0xf2, 0x00, 0x7e, 0x00, 0x0a, 0xc0, 0x3f, 0x30, 0x07, 0xf0, 0x00, 0xab, 0x01, 0xf6,
    0x00, 0x9f, 0x20, 0x0d, 0x80, 0x09, 0xd2, 0x4e, 0x9a, 0x17, 0xf3, 0x00, 0x1a, 0xfd,
    0x40, 0x9e, 0xd5, 0x00, 0x00, 0x00, 0x00, 0x00, 0x00, 0x00, 0x00, 0x00, 0x00, 0x3b,
    0x00, 0x00, 0x00, 0x00, 0x00, 0x06, 0xd0, 0x00, 0x00, 0x00, 0x8f, 0x20, 0x02, 0x9d,
    0xfd, 0xa3, 0x00, 0x00, 0xaa, 0x03, 0xea, 0x30, 0x29, 0xf5, 0x00, 0x00, 0x01, 0xea,
    0x00, 0x00, 0x07, 0xf2, 0x00, 0x00, 0x7f, 0x20, 0x00, 0x00, 0x0e, 0x90, 0x00, 0x0b,
    0xd0, 0x00, 0x00, 0x00, 0xae, 0x00, 0x00, 0xdb, 0x00, 0x00, 0x00, 0x08, 0xf0, 0x00,
    0x0d, 0xb0, 0x00, 0x00, 0x00, 0x8f, 0x00, 0x00, 0xbc, 0x00, 0x00, 0x00, 0x09, 0xe0,
    0x00, 0x06, 0xf2, 0x00, 0x00, 0x00, 0xd9, 0x00, 0x00, 0x1d, 0xa0, 0x00, 0x00, 0x7f,
    0x30, 0x00, 0x00, 0x3e, 0xa3, 0x02, 0x8f, 0x50, 0x00, 0x00, 0x00, 0x28, 0xdf, 0xda,
    0x30, 0x00, 0x3f, 0x70, 0x6c, 0xee, 0xc6, 0x00, 0x0b, 0x90, 0xae, 0x51, 0x15, 0xdb,
    0x10, 0x00, 0x8e, 0x20, 0x00, 0x02, 0xe9, 0x00, 0x1e, 0x80, 0x00, 0x00, 0x08, 0xf1,
    0x04, 0xf4, 0x00, 0x00, 0x00, 0x3f, 0x50, 0x6f, 0x20, 0x00, 0x00, 0x01, 0xf7, 0x06,
    0xf2, 0x00, 0x00, 0x00, 0x1f, 0x70, 0x4f, 0x40, 0x00, 0x00, 0x03, 0xf5, 0x00, 0xe8,
    0x00, 0x00, 0x00, 0x7f, 0x10, 0x07, 0xe2, 0x00, 0x00, 0x2e, 0x90, 0x00, 0x0a, 0xe5,
    0x11, 0x5d, 0xb1, 0x00, 0x00, 0x06, 0xbe, 0xec, 0x60, 0x00, 0x8f, 0x20, 0x02, 0x9d,
    0xfd, 0x81, 0x00, 0x0a, 0xa0, 0x3e, 0xa2, 0x04, 0xdc, 0x10, 0x00, 0x01, 0xdb, 0x00,
    0x00, 0x1e, 0x90, 0x00, 0x05, 0xf3, 0x00, 0x00, 0x08, 0xf1, 0x00, 0x09, 0xe0, 0x00,
    0x00, 0x04, 0xf4, 0x00, 0x0b, 0xd0, 0x00, 0x00, 0x02, 0xf6, 0x00, 0x0b, 0xd0, 0x00,
    0x00, 0x03, 0xf6, 0x00, 0x08, 0xf0, 0x00, 0x00, 0x05, 0xf3, 0x00, 0x03, 0xf5, 0x00,
    0x00, 0x09, 0xd0, 0x00, 0x00, 0xad, 0x10, 0x00, 0x3f, 0x50, 0x00, 0x00, 0x1c, 0xb2,
    0x04, 0xe8, 0x00, 0x00, 0x0d, 0xff, 0xf8, 0x0d, 0xff, 0xf8, 0x3f, 0x70, 0x6c, 0xee,
    0xb3, 0x00, 0x0b, 0x90, 0xbd, 0x51, 0x28, 0xf5, 0x00, 0x00, 0x7f, 0x30, 0x00, 0x09,
    0xe1, 0x00, 0x0e, 0xa0, 0x00, 0x00, 0x2f, 0x70, 0x03, 0xf6, 0x00, 0x00, 0x00, 0xdb,
    0x00, 0x4f, 0x40, 0x00, 0x00, 0x0b, 0xd0, 0x04, 0xf5, 0x00, 0x00, 0x00, 0xbc, 0x00,
    0x2f, 0x70, 0x00, 0x00, 0x0d, 0xa0, 0x00, 0xcb, 0x00, 0x00, 0x03, 0xf5, 0x00, 0x03,
    0xf5, 0x00, 0x00, 0xbb, 0x00, 0x00, 0x06, 0xe5, 0x01, 0xad, 0x10, 0x00, 0x7f, 0xff,
    0xf0, 0x7f, 0xff, 0xf0, 0x00, 0x05, 0xbe, 0xec, 0x50, 0x00, 0x00, 0x8e, 0x61, 0x16,
    0xf8, 0x00, 0x04, 0xf6, 0x00, 0x00, 0x6f, 0x40, 0x0b, 0xd0, 0x00, 0x00, 0x0d, 0xa0,
    0x0f, 0x90, 0x00, 0x00, 0x09, 0xe0, 0x1f, 0x70, 0x00, 0x00, 0x08, 0xf1, 0x1f, 0x80,
    0x00, 0x00, 0x08, 0xf0, 0x0d, 0xa0, 0x00, 0x00, 0x0a, 0xd0, 0x08, 0xe1, 0x00, 0x00,
    0x0e, 0x80, 0x01, 0xe8, 0x00, 0x00, 0x8e, 0x10, 0x00, 0x4e, 0x80, 0x08, 0xe3, 0x00,
    0x4f, 0xff, 0xf3, 0x4f, 0xff, 0xf3, 0x00, 0x00, 0x00, 0x00, 0x00, 0x00, 0x00, 0x00,
    0x08, 0x60, 0x00, 0x00, 0x00, 0x00, 0x0a, 0x80, 0x00, 0x00, 0x00, 0x7f, 0x30, 0x1e,
    0x50, 0x00, 0x00, 0x00, 0x00, 0x00, 0x00, 0x00, 0x00, 0x00, 0x00, 0x00, 0x00, 0x00,
    0x00, 0x00, 0x00, 0x00, 0x00, 0x00, 0x00, 0x00, 0x00, 0x00, 0x00, 0x00, 0x03, 0xf6,
    0x00, 0x2c, 0x00, 0x00, 0x95, 0x00, 0x00, 0x00, 0x00, 0x00, 0x00, 0x00, 0x00, 0x00,
    0x00, 0x00, 0x00, 0x00, 0x00, 0x00, 0x00, 0x00, 0x00, 0x00, 0x00, 0x00, 0x00, 0x00,
    0x00, 0xff, 0xff, 0xff, 0xff, 0x00, 0x00, 0x40, 0x00, 0x00, 0x04, 0x00, 0x00, 0x40,
    0x00, 0x00, 0x04, 0x00, 0x00, 0x40, 0x00, 0x00, 0x04, 0x00, 0x00, 0x40, 0x00, 0x00,
    0x04, 0x00, 0x00, 0x40, 0x00, 0x00, 0x04, 0x00, 0x00, 0x40, 0x00, 0x00, 0x04, 0x00,
    0x00, 0x40, 0x00, 0x00, 0x04, 0x00, 0x00, 0x40, 0x00, 0x00, 0x04, 0x00, 0x00, 0x40,
    0x00, 0x00, 0x04, 0x00, 0x00, 0xff, 0xff, 0xff, 0xff, 0x00,
};

static const lv_font_fmt_txt_glyph_dsc_t mcui_greek_glyph_dsc[] = {
    {.bitmap_index = 0, .adv_w = 0, .box_w = 0, .box_h = 0, .ofs_x = 0, .ofs_y = 0},
    {.bitmap_index = 0, .adv_w = 64, .box_w = 0, .box_h = 0, .ofs_x = 0, .ofs_y = 0}, /* U+0020 */
    {.bitmap_index = 0, .adv_w = 64, .box_w = 4, .box_h = 12, .ofs_x = 0, .ofs_y = 0}, /* U+0021 */
    {.bitmap_index = 24, .adv_w = 96, .box_w = 6, .box_h = 12, .ofs_x = 0, .ofs_y = 0}, /* U+0022 */
    {.bitmap_index = 60, .adv_w = 144, .box_w = 9, .box_h = 12, .ofs_x = 0, .ofs_y = 0}, /* U+0023 */
    {.bitmap_index = 114, .adv_w = 144, .box_w = 9, .box_h = 14, .ofs_x = 0, .ofs_y = -1}, /* U+0024 */
    {.bitmap_index = 177, .adv_w = 224, .box_w = 14, .box_h = 12, .ofs_x = 0, .ofs_y = 0}, /* U+0025 */
    {.bitmap_index = 261, .adv_w = 176, .box_w = 11, .box_h = 12, .ofs_x = 0, .ofs_y = 0}, /* U+0026 */
    {.bitmap_index = 327, .adv_w = 48, .box_w = 3, .box_h = 12, .ofs_x = 0, .ofs_y = 0}, /* U+0027 */
    {.bitmap_index = 345, .adv_w = 80, .box_w = 5, .box_h = 15, .ofs_x = 0, .ofs_y = -3}, /* U+0028 */
    {.bitmap_index = 383, .adv_w = 80, .box_w = 5, .box_h = 15, .ofs_x = 0, .ofs_y = -3}, /* U+0029 */
    {.bitmap_index = 421, .adv_w = 96, .box_w = 6, .box_h = 12, .ofs_x = 0, .ofs_y = 0}, /* U+002A */
    {.bitmap_index = 457, .adv_w = 144, .box_w = 9, .box_h = 9, .ofs_x = 0, .ofs_y = 0}, /* U+002B */
    {.bitmap_index = 498, .adv_w = 64, .box_w = 4, .box_h = 4, .ofs_x = 0, .ofs_y = -3}, /* U+002C */
    {.bitmap_index = 506, .adv_w = 80, .box_w = 5, .box_h = 4, .ofs_x = 0, .ofs_y = 0}, /* U+002D */
    {.bitmap_index = 516, .adv_w = 64, .box_w = 4, .box_h = 1, .ofs_x = 0, .ofs_y = 0}, /* U+002E */
    {.bitmap_index = 518, .adv_w = 64, .box_w = 5, .box_h = 12, .ofs_x = 0, .ofs_y = 0}, /* U+002F */
    {.bitmap_index = 548, .adv_w = 144, .box_w = 9, .box_h = 12, .ofs_x = 0, .ofs_y = 0}, /* U+0030 */
    {.bitmap_index = 602, .adv_w = 144, .box_w = 9, .box_h = 12, .ofs_x = 0, .ofs_y = 0}, /* U+0031 */
    {.bitmap_index = 656, .adv_w = 144, .box_w = 9, .box_h = 12, .ofs_x = 0, .ofs_y = 0}, /* U+0032 */
    {.bitmap_index = 710, .adv_w = 144, .box_w = 9, .box_h = 12, .ofs_x = 0, .ofs_y = 0}, /* U+0033 */
    {.bitmap_index = 764, .adv_w = 144, .box_w = 9, .box_h = 12, .ofs_x = 0, .ofs_y = 0}, /* U+0034 */
    {.bitmap_index = 818, .adv_w = 144, .box_w = 9, .box_h = 12, .ofs_x = 0, .ofs_y = 0}, /* U+0035 */
    {.bitmap_index = 872, .adv_w = 144, .box_w = 9, .box_h = 12, .ofs_x = 0, .ofs_y = 0}, /* U+0036 */
    {.bitmap_index = 926, .adv_w = 144, .box_w = 9, .box_h = 12, .ofs_x = 0, .ofs_y = 0}, /* U+0037 */
    {.bitmap_index = 980, .adv_w = 144, .box_w = 9, .box_h = 12, .ofs_x = 0, .ofs_y = 0}, /* U+0038 */
    {.bitmap_index = 1034, .adv_w = 144, .box_w = 9, .box_h = 12, .ofs_x = 0, .ofs_y = 0}, /* U+0039 */
    {.bitmap_index = 1088, .adv_w = 64, .box_w = 4, .box_h = 9, .ofs_x = 0, .ofs_y = 0}, /* U+003A */
    {.bitmap_index = 1106, .adv_w = 64, .box_w = 4, .box_h = 12, .ofs_x = 0, .ofs_y = -3}, /* U+003B */
    {.bitmap_index = 1130, .adv_w = 144, .box_w = 9, .box_h = 9, .ofs_x = 0, .ofs_y = 0}, /* U+003C */
    {.bitmap_index = 1171, .adv_w = 144, .box_w = 9, .box_h = 8, .ofs_x = 0, .ofs_y = 0}, /* U+003D */
    {.bitmap_index = 1207, .adv_w = 144, .box_w = 9, .box_h = 9, .ofs_x = 0, .ofs_y = 0}, /* U+003E */
    {.bitmap_index = 1248, .adv_w = 144, .box_w = 9, .box_h = 12, .ofs_x = 0, .ofs_y = 0}, /* U+003F */
    {.bitmap_index = 1302, .adv_w = 256, .box_w = 16, .box_h = 15, .ofs_x = 0, .ofs_y = -3}, /* U+0040 */
    {.bitmap_index = 1422, .adv_w = 176, .box_w = 12, .box_h = 12, .ofs_x = -1, .ofs_y = 0}, /* U+0041 */
    {.bitmap_index = 1494, .adv_w = 176, .box_w = 11, .box_h = 12, .ofs_x = 0, .ofs_y = 0}, /* U+0042 */
    {.bitmap_index = 1560, .adv_w = 192, .box_w = 12, .box_h = 12, .ofs_x = 0, .ofs_y = 0}, /* U+0043 */
    {.bitmap_index = 1632, .adv_w = 192, .box_w = 12, .box_h = 12, .ofs_x = 0, .ofs_y = 0}, /* U+0044 */
    {.bitmap_index = 1704, .adv_w = 176, .box_w = 11, .box_h = 12, .ofs_x = 0, .ofs_y = 0}, /* U+0045 */
    {.bitmap_index = 1770, .adv_w = 160, .box_w = 10, .box_h = 12, .ofs_x = 0, .ofs_y = 0}, /* U+0046 */
    {.bitmap_index = 1830, .adv_w = 192, .box_w = 12, .box_h = 12, .ofs_x = 0, .ofs_y = 0}, /* U+0047 */
    {.bitmap_index = 1902, .adv_w = 192, .box_w = 12, .box_h = 12, .ofs_x = 0, .ofs_y = 0}, /* U+0048 */
    {.bitmap_index = 1974, .adv_w = 64, .box_w = 4, .box_h = 12, .ofs_x = 0, .ofs_y = 0}, /* U+0049 */
    {.bitmap_index = 1998, .adv_w = 128, .box_w = 8, .box_h = 12, .ofs_x = 0, .ofs_y = 0}, /* U+004A */
    {.bitmap_index = 2046, .adv_w = 176, .box_w = 11, .box_h = 12, .ofs_x = 0, .ofs_y = 0}, /* U+004B */
    {.bitmap_index = 2112, .adv_w = 144, .box_w = 9, .box_h = 12, .ofs_x = 0, .ofs_y = 0}, /* U+004C */
    {.bitmap_index = 2166, .adv_w = 208, .box_w = 13, .box_h = 12, .ofs_x = 0, .ofs_y = 0}, /* U+004D */
    {.bitmap_index = 2244, .adv_w = 192, .box_w = 12, .box_h = 12, .ofs_x = 0, .ofs_y = 0}, /* U+004E */
    {.bitmap_index = 2316, .adv_w = 192, .box_w = 12, .box_h = 12, .ofs_x = 0, .ofs_y = 0}, /* U+004F */
    {.bitmap_index = 2388, .adv_w = 176, .box_w = 11, .box_h = 12, .ofs_x = 0, .ofs_y = 0}, /* U+0050 */
    {.bitmap_index = 2454, .adv_w = 192, .box_w = 12, .box_h = 13, .ofs_x = 0, .ofs_y = -1}, /* U+0051 */
    {.bitmap_index = 2532, .adv_w = 192, .box_w = 12, .box_h = 12, .ofs_x = 0, .ofs_y = 0}, /* U+0052 */
    {.bitmap_index = 2604, .adv_w = 176, .box_w = 11, .box_h = 12, .ofs_x = 0, .ofs_y = 0}, /* U+0053 */
    {.bitmap_index = 2670, .adv_w = 160, .box_w = 10, .box_h = 12, .ofs_x = 0, .ofs_y = 0}, /* U+0054 */
    {.bitmap_index = 2730, .adv_w = 192, .box_w = 12, .box_h = 12, .ofs_x = 0, .ofs_y = 0}, /* U+0055 */
    {.bitmap_index = 2802, .adv_w = 176, .box_w = 11, .box_h = 12, .ofs_x = 0, .ofs_y = 0}, /* U+0056 */
    {.bitmap_index = 2868, .adv_w = 240, .box_w = 15, .box_h = 12, .ofs_x = 0, .ofs_y = 0}, /* U+0057 */
    {.bitmap_index = 2958, .adv_w = 176, .box_w = 11, .box_h = 12, .ofs_x = 0, .ofs_y = 0}, /* U+0058 */
    {.bitmap_index = 3024, .adv_w = 176, .box_w = 11, .box_h = 12, .ofs_x = 0, .ofs_y = 0}, /* U+0059 */
    {.bitmap_index = 3090, .adv_w = 160, .box_w = 10, .box_h = 12, .ofs_x = 0, .ofs_y = 0}, /* U+005A */
    {.bitmap_index = 3150, .adv_w = 64, .box_w = 5, .box_h = 15, .ofs_x = 0, .ofs_y = -3}, /* U+005B */
    {.bitmap_index = 3188, .adv_w = 64, .box_w = 5, .box_h = 12, .ofs_x = 0, .ofs_y = 0}, /* U+005C */
    {.bitmap_index = 3218, .adv_w = 64, .box_w = 4, .box_h = 15, .ofs_x = 0, .ofs_y = -3}, /* U+005D */
    {.bitmap_index = 3248, .adv_w = 128, .box_w = 8, .box_h = 12, .ofs_x = 0, .ofs_y = 0}, /* U+005E */
    {.bitmap_index = 3296, .adv_w = 144, .box_w = 11, .box_h = 3, .ofs_x = -1, .ofs_y = -3}, /* U+005F */
    {.bitmap_index = 3313, .adv_w = 80, .box_w = 5, .box_h = 12, .ofs_x = 0, .ofs_y = 0}, /* U+0060 */
    {.bitmap_index = 3343, .adv_w = 144, .box_w = 9, .box_h = 9, .ofs_x = 0, .ofs_y = 0}, /* U+0061 */
    {.bitmap_index = 3384, .adv_w = 144, .box_w = 9, .box_h = 12, .ofs_x = 0, .ofs_y = 0}, /* U+0062 */
    {.bitmap_index = 3438, .adv_w = 128, .box_w = 8, .box_h = 9, .ofs_x = 0, .ofs_y = 0}, /* U+0063 */
    {.bitmap_index = 3474, .adv_w = 144, .box_w = 9, .box_h = 12, .ofs_x = 0, .ofs_y = 0}, /* U+0064 */
    {.bitmap_index = 3528, .adv_w = 144, .box_w = 9, .box_h = 9, .ofs_x = 0, .ofs_y = 0}, /* U+0065 */
    {.bitmap_index = 3569, .adv_w = 64, .box_w = 5, .box_h = 12, .ofs_x = 0, .ofs_y = 0}, /* U+0066 */
    {.bitmap_index = 3599, .adv_w = 144, .box_w = 9, .box_h = 12, .ofs_x = 0, .ofs_y = -3}, /* U+0067 */
    {.bitmap_index = 3653, .adv_w = 144, .box_w = 9, .box_h = 12, .ofs_x = 0, .ofs_y = 0}, /* U+0068 */
    {.bitmap_index = 3707, .adv_w = 64, .box_w = 4, .box_h = 12, .ofs_x = 0, .ofs_y = 0}, /* U+0069 */
    {.bitmap_index = 3731, .adv_w = 64, .box_w = 5, .box_h = 15, .ofs_x = -1, .ofs_y = -3}, /* U+006A */
    {.bitmap_index = 3769, .adv_w = 128, .box_w = 8, .box_h = 12, .ofs_x = 0, .ofs_y = 0}, /* U+006B */
    {.bitmap_index = 3817, .adv_w = 64, .box_w = 4, .box_h = 12, .ofs_x = 0, .ofs_y = 0}, /* U+006C */
    {.bitmap_index = 3841, .adv_w = 208, .box_w = 13, .box_h = 9, .ofs_x = 0, .ofs_y = 0}, /* U+006D */
    {.bitmap_index = 3900, .adv_w = 144, .box_w = 9, .box_h = 9, .ofs_x = 0, .ofs_y = 0}, /* U+006E */
    {.bitmap_index = 3941, .adv_w = 144, .box_w = 9, .box_h = 9, .ofs_x = 0, .ofs_y = 0}, /* U+006F */
    {.bitmap_index = 3982, .adv_w = 144, .box_w = 9, .box_h = 12, .ofs_x = 0, .ofs_y = -3}, /* U+0070 */
    {.bitmap_index = 4036, .adv_w = 144, .box_w = 9, .box_h = 12, .ofs_x = 0, .ofs_y = -3}, /* U+0071 */
    {.bitmap_index = 4090, .adv_w = 80, .box_w = 6, .box_h = 9, .ofs_x = 0, .ofs_y = 0}, /* U+0072 */
    {.bitmap_index = 4117, .adv_w = 128, .box_w = 8, .box_h = 9, .ofs_x = 0, .ofs_y = 0}, /* U+0073 */
    {.bitmap_index = 4153, .adv_w = 64, .box_w = 5, .box_h = 12, .ofs_x = 0, .ofs_y = 0}, /* U+0074 */
    {.bitmap_index = 4183, .adv_w = 144, .box_w = 9, .box_h = 9, .ofs_x = 0, .ofs_y = 0}, /* U+0075 */
    {.bitmap_index = 4224, .adv_w = 128, .box_w = 8, .box_h = 9, .ofs_x = 0, .ofs_y = 0}, /* U+0076 */
    {.bitmap_index = 4260, .adv_w = 192, .box_w = 12, .box_h = 9, .ofs_x = 0, .ofs_y = 0}, /* U+0077 */
    {.bitmap_index = 4314, .adv_w = 128, .box_w = 8, .box_h = 9, .ofs_x = 0, .ofs_y = 0}, /* U+0078 */
    {.bitmap_index = 4350, .adv_w = 128, .box_w = 8, .box_h = 12, .ofs_x = 0, .ofs_y = -3}, /* U+0079 */
    {.bitmap_index = 4398, .adv_w = 128, .box_w = 8, .box_h = 9, .ofs_x = 0, .ofs_y = 0}, /* U+007A */
    {.bitmap_index = 4434, .adv_w = 80, .box_w = 5, .box_h = 15, .ofs_x = 0, .ofs_y = -3}, /* U+007B */
    {.bitmap_index = 4472, .adv_w = 64, .box_w = 4, .box_h = 15, .ofs_x = 0, .ofs_y = -3}, /* U+007C */
    {.bitmap_index = 4502, .adv_w = 80, .box_w = 5, .box_h = 15, .ofs_x = 0, .ofs_y = -3}, /* U+007D */
    {.bitmap_index = 4540, .adv_w = 144, .box_w = 9, .box_h = 7, .ofs_x = 0, .ofs_y = 0}, /* U+007E */
    {.bitmap_index = 4572, .adv_w = 144, .box_w = 9, .box_h = 12, .ofs_x = 0, .ofs_y = 0}, /* U+0370 */
    {.bitmap_index = 4626, .adv_w = 128, .box_w = 8, .box_h = 9, .ofs_x = 0, .ofs_y = 0}, /* U+0371 */
    {.bitmap_index = 4662, .adv_w = 160, .box_w = 10, .box_h = 12, .ofs_x = 0, .ofs_y = 0}, /* U+0372 */
    {.bitmap_index = 4722, .adv_w = 112, .box_w = 8, .box_h = 12, .ofs_x = 0, .ofs_y = 0}, /* U+0373 */
    {.bitmap_index = 4770, .adv_w = 80, .box_w = 5, .box_h = 12, .ofs_x = 0, .ofs_y = 0}, /* U+0374 */
    {.bitmap_index = 4800, .adv_w = 80, .box_w = 5, .box_h = 3, .ofs_x = 0, .ofs_y = -3}, /* U+0375 */
    {.bitmap_index = 4808, .adv_w = 192, .box_w = 12, .box_h = 12, .ofs_x = 0, .ofs_y = 0}, /* U+0376 */
    {.bitmap_index = 4880, .adv_w = 144, .box_w = 10, .box_h = 9, .ofs_x = 0, .ofs_y = 0}, /* U+0377 */
    {.bitmap_index = 4925, .adv_w = 192, .box_w = 12, .box_h = 11, .ofs_x = 0, .ofs_y = 0}, /* U+0378 */
    {.bitmap_index = 4991, .adv_w = 192, .box_w = 12, .box_h = 11, .ofs_x = 0, .ofs_y = 0}, /* U+0379 */
    {.bitmap_index = 5057, .adv_w = 80, .box_w = 5, .box_h = 3, .ofs_x = 0, .ofs_y = -3}, /* U+037A */
    {.bitmap_index = 5065, .adv_w = 128, .box_w = 8, .box_h = 9, .ofs_x = 0, .ofs_y = 0}, /* U+037B */
    {.bitmap_index = 5101, .adv_w = 128, .box_w = 8, .box_h = 9, .ofs_x = 0, .ofs_y = 0}, /* U+037C */
    {.bitmap_index = 5137, .adv_w = 128, .box_w = 8, .box_h = 9, .ofs_x = 0, .ofs_y = 0}, /* U+037D */
    {.bitmap_index = 5173, .adv_w = 64, .box_w = 4, .box_h = 12, .ofs_x = 0, .ofs_y = -3}, /* U+037E */
    {.bitmap_index = 5197, .adv_w = 128, .box_w = 8, .box_h = 12, .ofs_x = 0, .ofs_y = 0}, /* U+037F */
    {.bitmap_index = 5245, .adv_w = 192, .box_w = 12, .box_h = 11, .ofs_x = 0, .ofs_y = 0}, /* U+0380 */
    {.bitmap_index = 5311, .adv_w = 192, .box_w = 12, .box_h = 11, .ofs_x = 0, .ofs_y = 0}, /* U+0381 */
    {.bitmap_index = 5377, .adv_w = 192, .box_w = 12, .box_h = 11, .ofs_x = 0, .ofs_y = 0}, /* U+0382 */
    {.bitmap_index = 5443, .adv_w = 192, .box_w = 12, .box_h = 11, .ofs_x = 0, .ofs_y = 0}, /* U+0383 */
    {.bitmap_index = 5509, .adv_w = 80, .box_w = 5, .box_h = 12, .ofs_x = 0, .ofs_y = 0}, /* U+0384 */
    {.bitmap_index = 5539, .adv_w = 80, .box_w = 7, .box_h = 12, .ofs_x = -1, .ofs_y = 0}, /* U+0385 */
    {.bitmap_index = 5581, .adv_w = 176, .box_w = 12, .box_h = 12, .ofs_x = -1, .ofs_y = 0}, /* U+0386 */
    {.bitmap_index = 5653, .adv_w = 64, .box_w = 4, .box_h = 8, .ofs_x = 0, .ofs_y = 0}, /* U+0387 */
    {.bitmap_index = 5669, .adv_w = 208, .box_w = 14, .box_h = 12, .ofs_x = -1, .ofs_y = 0}, /* U+0388 */
    {.bitmap_index = 5753, .adv_w = 208, .box_w = 14, .box_h = 12, .ofs_x = -1, .ofs_y = 0}, /* U+0389 */
    {.bitmap_index = 5837, .adv_w = 96, .box_w = 7, .box_h = 12, .ofs_x = -1, .ofs_y = 0}, /* U+038A */
    {.bitmap_index = 5879, .adv_w = 192, .box_w = 12, .box_h = 11, .ofs_x = 0, .ofs_y = 0}, /* U+038B */
    {.bitmap_index = 5945, .adv_w = 192, .box_w = 13, .box_h = 12, .ofs_x = -1, .ofs_y = 0}, /* U+038C */
    {.bitmap_index = 6023, .adv_w = 192, .box_w = 12, .box_h = 11, .ofs_x = 0, .ofs_y = 0}, /* U+038D */
    {.bitmap_index = 6089, .adv_w = 224, .box_w = 15, .box_h = 12, .ofs_x = -1, .ofs_y = 0}, /* U+038E */
    {.bitmap_index = 6179, .adv_w = 192, .box_w = 13, .box_h = 12, .ofs_x = -1, .ofs_y = 0}, /* U+038F */
    {.bitmap_index = 6257, .adv_w = 64, .box_w = 7, .box_h = 12, .ofs_x = -2, .ofs_y = 0}, /* U+0390 */
    {.bitmap_index = 6299, .adv_w = 176, .box_w = 12, .box_h = 12, .ofs_x = -1, .ofs_y = 0}, /* U+0391 */
    {.bitmap_index = 6371, .adv_w = 176, .box_w = 11, .box_h = 12, .ofs_x = 0, .ofs_y = 0}, /* U+0392 */
    {.bitmap_index = 6437, .adv_w = 144, .box_w = 9, .box_h = 12, .ofs_x = 0, .ofs_y = 0}, /* U+0393 */
    {.bitmap_index = 6491, .adv_w = 176, .box_w = 12, .box_h = 12, .ofs_x = -1, .ofs_y = 0}, /* U+0394 */
    {.bitmap_index = 6563, .adv_w = 176, .box_w = 11, .box_h = 12, .ofs_x = 0, .ofs_y = 0}, /* U+0395 */
    {.bitmap_index = 6629, .adv_w = 160, .box_w = 10, .box_h = 12, .ofs_x = 0, .ofs_y = 0}, /* U+0396 */
    {.bitmap_index = 6689, .adv_w = 192, .box_w = 12, .box_h = 12, .ofs_x = 0, .ofs_y = 0}, /* U+0397 */
    {.bitmap_index = 6761, .adv_w = 192, .box_w = 12, .box_h = 12, .ofs_x = 0, .ofs_y = 0}, /* U+0398 */
    {.bitmap_index = 6833, .adv_w = 64, .box_w = 4, .box_h = 12, .ofs_x = 0, .ofs_y = 0}, /* U+0399 */
    {.bitmap_index = 6857, .adv_w = 176, .box_w = 11, .box_h = 12, .ofs_x = 0, .ofs_y = 0}, /* U+039A */
    {.bitmap_index = 6923, .adv_w = 176, .box_w = 11, .box_h = 12, .ofs_x = 0, .ofs_y = 0}, /* U+039B */
    {.bitmap_index = 6989, .adv_w = 208, .box_w = 13, .box_h = 12, .ofs_x = 0, .ofs_y = 0}, /* U+039C */
    {.bitmap_index = 7067, .adv_w = 192, .box_w = 12, .box_h = 12, .ofs_x = 0, .ofs_y = 0}, /* U+039D */
    {.bitmap_index = 7139, .adv_w = 160, .box_w = 10, .box_h = 12, .ofs_x = 0, .ofs_y = 0}, /* U+039E */
    {.bitmap_index = 7199, .adv_w = 192, .box_w = 12, .box_h = 12, .ofs_x = 0, .ofs_y = 0}, /* U+039F */
    {.bitmap_index = 7271, .adv_w = 192, .box_w = 12, .box_h = 12, .ofs_x = 0, .ofs_y = 0}, /* U+03A0 */
    {.bitmap_index = 7343, .adv_w = 176, .box_w = 11, .box_h = 12, .ofs_x = 0, .ofs_y = 0}, /* U+03A1 */
    {.bitmap_index = 7409, .adv_w = 192, .box_w = 12, .box_h = 11, .ofs_x = 0, .ofs_y = 0}, /* U+03A2 */
    {.bitmap_index = 7475, .adv_w = 160, .box_w = 10, .box_h = 12, .ofs_x = 0, .ofs_y = 0}, /* U+03A3 */
    {.bitmap_index = 7535, .adv_w = 160, .box_w = 10, .box_h = 12, .ofs_x = 0, .ofs_y = 0}, /* U+03A4 */
    {.bitmap_index = 7595, .adv_w = 176, .box_w = 11, .box_h = 12, .ofs_x = 0, .ofs_y = 0}, /* U+03A5 */
    {.bitmap_index = 7661, .adv_w = 208, .box_w = 13, .box_h = 12, .ofs_x = 0, .ofs_y = 0}, /* U+03A6 */
    {.bitmap_index = 7739, .adv_w = 176, .box_w = 11, .box_h = 12, .ofs_x = 0, .ofs_y = 0}, /* U+03A7 */
    {.bitmap_index = 7805, .adv_w = 208, .box_w = 13, .box_h = 12, .ofs_x = 0, .ofs_y = 0}, /* U+03A8 */
    {.bitmap_index = 7883, .adv_w = 192, .box_w = 12, .box_h = 12, .ofs_x = 0, .ofs_y = 0}, /* U+03A9 */
    {.bitmap_index = 7955, .adv_w = 64, .box_w = 5, .box_h = 14, .ofs_x = 0, .ofs_y = 0}, /* U+03AA */
    {.bitmap_index = 7990, .adv_w = 176, .box_w = 11, .box_h = 14, .ofs_x = 0, .ofs_y = 0}, /* U+03AB */
    {.bitmap_index = 8067, .adv_w = 144, .box_w = 9, .box_h = 12, .ofs_x = 0, .ofs_y = 0}, /* U+03AC */
    {.bitmap_index = 8121, .adv_w = 112, .box_w = 7, .box_h = 12, .ofs_x = 0, .ofs_y = 0}, /* U+03AD */
    {.bitmap_index = 8163, .adv_w = 144, .box_w = 9, .box_h = 15, .ofs_x = 0, .ofs_y = -3}, /* U+03AE */
    {.bitmap_index = 8231, .adv_w = 64, .box_w = 4, .box_h = 12, .ofs_x = 0, .ofs_y = 0}, /* U+03AF */
    {.bitmap_index = 8255, .adv_w = 144, .box_w = 9, .box_h = 12, .ofs_x = 0, .ofs_y = 0}, /* U+03B0 */
    {.bitmap_index = 8309, .adv_w = 144, .box_w = 9, .box_h = 9, .ofs_x = 0, .ofs_y = 0}, /* U+03B1 */
    {.bitmap_index = 8350, .adv_w = 144, .box_w = 9, .box_h = 15, .ofs_x = 0, .ofs_y = -3}, /* U+03B2 */
    {.bitmap_index = 8418, .adv_w = 128, .box_w = 8, .box_h = 12, .ofs_x = 0, .ofs_y = -3}, /* U+03B3 */
    {.bitmap_index = 8466, .adv_w = 144, .box_w = 9, .box_h = 12, .ofs_x = 0, .ofs_y = 0}, /* U+03B4 */
    {.bitmap_index = 8520, .adv_w = 112, .box_w = 7, .box_h = 9, .ofs_x = 0, .ofs_y = 0}, /* U+03B5 */
    {.bitmap_index = 8552, .adv_w = 112, .box_w = 7, .box_h = 15, .ofs_x = 0, .ofs_y = -3}, /* U+03B6 */
    {.bitmap_index = 8605, .adv_w = 144, .box_w = 9, .box_h = 12, .ofs_x = 0, .ofs_y = -3}, /* U+03B7 */
    {.bitmap_index = 8659, .adv_w = 144, .box_w = 9, .box_h = 12, .ofs_x = 0, .ofs_y = 0}, /* U+03B8 */
    {.bitmap_index = 8713, .adv_w = 64, .box_w = 4, .box_h = 9, .ofs_x = 0, .ofs_y = 0}, /* U+03B9 */
    {.bitmap_index = 8731, .adv_w = 128, .box_w = 8, .box_h = 9, .ofs_x = 0, .ofs_y = 0}, /* U+03BA */
    {.bitmap_index = 8767, .adv_w = 128, .box_w = 8, .box_h = 12, .ofs_x = 0, .ofs_y = 0}, /* U+03BB */
    {.bitmap_index = 8815, .adv_w = 144, .box_w = 9, .box_h = 12, .ofs_x = 0, .ofs_y = -3}, /* U+03BC */
    {.bitmap_index = 8869, .adv_w = 128, .box_w = 8, .box_h = 9, .ofs_x = 0, .ofs_y = 0}, /* U+03BD */
    {.bitmap_index = 8905, .adv_w = 112, .box_w = 7, .box_h = 15, .ofs_x = 0, .ofs_y = -3}, /* U+03BE */
    {.bitmap_index = 8958, .adv_w = 144, .box_w = 9, .box_h = 9, .ofs_x = 0, .ofs_y = 0}, /* U+03BF */
    {.bitmap_index = 8999, .adv_w = 176, .box_w = 11, .box_h = 9, .ofs_x = 0, .ofs_y = 0}, /* U+03C0 */
    {.bitmap_index = 9049, .adv_w = 144, .box_w = 9, .box_h = 12, .ofs_x = 0, .ofs_y = -3}, /* U+03C1 */
    {.bitmap_index = 9103, .adv_w = 128, .box_w = 8, .box_h = 12, .ofs_x = 0, .ofs_y = -3}, /* U+03C2 */
    {.bitmap_index = 9151, .adv_w = 160, .box_w = 10, .box_h = 9, .ofs_x = 0, .ofs_y = 0}, /* U+03C3 */
    {.bitmap_index = 9196, .adv_w = 96, .box_w = 6, .box_h = 9, .ofs_x = 0, .ofs_y = 0}, /* U+03C4 */
    {.bitmap_index = 9223, .adv_w = 144, .box_w = 9, .box_h = 9, .ofs_x = 0, .ofs_y = 0}, /* U+03C5 */
    {.bitmap_index = 9264, .adv_w = 160, .box_w = 10, .box_h = 13, .ofs_x = 0, .ofs_y = -3}, /* U+03C6 */
    {.bitmap_index = 9329, .adv_w = 128, .box_w = 9, .box_h = 12, .ofs_x = 0, .ofs_y = -3}, /* U+03C7 */
    {.bitmap_index = 9383, .adv_w = 176, .box_w = 11, .box_h = 12, .ofs_x = 0, .ofs_y = -3}, /* U+03C8 */
    {.bitmap_index = 9449, .adv_w = 208, .box_w = 13, .box_h = 9, .ofs_x = 0, .ofs_y = 0}, /* U+03C9 */
    {.bitmap_index = 9508, .adv_w = 64, .box_w = 6, .box_h = 11, .ofs_x = -1, .ofs_y = 0}, /* U+03CA */
    {.bitmap_index = 9541, .adv_w = 144, .box_w = 9, .box_h = 11, .ofs_x = 0, .ofs_y = 0}, /* U+03CB */
    {.bitmap_index = 9591, .adv_w = 144, .box_w = 9, .box_h = 12, .ofs_x = 0, .ofs_y = 0}, /* U+03CC */
    {.bitmap_index = 9645, .adv_w = 144, .box_w = 9, .box_h = 12, .ofs_x = 0, .ofs_y = 0}, /* U+03CD */
    {.bitmap_index = 9699, .adv_w = 208, .box_w = 13, .box_h = 12, .ofs_x = 0, .ofs_y = 0}, /* U+03CE */
    {.bitmap_index = 9777, .adv_w = 176, .box_w = 11, .box_h = 15, .ofs_x = 0, .ofs_y = -3}, /* U+03CF */
    {.bitmap_index = 9860, .adv_w = 144, .box_w = 9, .box_h = 12, .ofs_x = 0, .ofs_y = 0}, /* U+03D0 */
    {.bitmap_index = 9914, .adv_w = 144, .box_w = 9, .box_h = 12, .ofs_x = 0, .ofs_y = 0}, /* U+03D1 */
    {.bitmap_index = 9968, .adv_w = 192, .box_w = 13, .box_h = 12, .ofs_x = 0, .ofs_y = 0}, /* U+03D2 */
    {.bitmap_index = 10046, .adv_w = 240, .box_w = 16, .box_h = 12, .ofs_x = 0, .ofs_y = 0}, /* U+03D3 */
    {.bitmap_index = 10142, .adv_w = 192, .box_w = 13, .box_h = 14, .ofs_x = 0, .ofs_y = 0}, /* U+03D4 */
    {.bitmap_index = 10233, .adv_w = 144, .box_w = 9, .box_h = 15, .ofs_x = 0, .ofs_y = -3}, /* U+03D5 */
    {.bitmap_index = 10301, .adv_w = 208, .box_w = 13, .box_h = 9, .ofs_x = 0, .ofs_y = 0}, /* U+03D6 */
    {.bitmap_index = 10360, .adv_w = 160, .box_w = 10, .box_h = 12, .ofs_x = 0, .ofs_y = -3}, /* U+03D7 */
    {.bitmap_index = 10420, .adv_w = 192, .box_w = 12, .box_h = 15, .ofs_x = 0, .ofs_y = -3}, /* U+03D8 */
    {.bitmap_index = 10510, .adv_w = 144, .box_w = 9, .box_h = 12, .ofs_x = 0, .ofs_y = -3}, /* U+03D9 */
    {.bitmap_index = 10564, .adv_w = 192, .box_w = 12, .box_h = 12, .ofs_x = 0, .ofs_y = 0}, /* U+03DA */
    {.bitmap_index = 10636, .adv_w = 128, .box_w = 8, .box_h = 12, .ofs_x = 0, .ofs_y = -3}, /* U+03DB */
    {.bitmap_index = 10684, .adv_w = 160, .box_w = 10, .box_h = 12, .ofs_x = 0, .ofs_y = 0}, /* U+03DC */
    {.bitmap_index = 10744, .adv_w = 96, .box_w = 6, .box_h = 12, .ofs_x = 0, .ofs_y = -3}, /* U+03DD */
    {.bitmap_index = 10780, .adv_w = 160, .box_w = 10, .box_h = 12, .ofs_x = 0, .ofs_y = 0}, /* U+03DE */
    {.bitmap_index = 10840, .adv_w = 128, .box_w = 9, .box_h = 12, .ofs_x = 0, .ofs_y = 0}, /* U+03DF */
    {.bitmap_index = 10894, .adv_w = 192, .box_w = 12, .box_h = 15, .ofs_x = 0, .ofs_y = -3}, /* U+03E0 */
    {.bitmap_index = 10984, .adv_w = 144, .box_w = 9, .box_h = 15, .ofs_x = 0, .ofs_y = -3}, /* U+03E1 */
    {.bitmap_index = 11052, .adv_w = 224, .box_w = 14, .box_h = 15, .ofs_x = 0, .ofs_y = -3}, /* U+03E2 */
    {.bitmap_index = 11157, .adv_w = 208, .box_w = 13, .box_h = 12, .ofs_x = 0, .ofs_y = -3}, /* U+03E3 */
    {.bitmap_index = 11235, .adv_w = 176, .box_w = 11, .box_h = 12, .ofs_x = 0, .ofs_y = 0}, /* U+03E4 */
    {.bitmap_index = 11301, .adv_w = 144, .box_w = 9, .box_h = 12, .ofs_x = 0, .ofs_y = 0}, /* U+03E5 */
    {.bitmap_index = 11355, .adv_w = 176, .box_w = 11, .box_h = 15, .ofs_x = 0, .ofs_y = -3}, /* U+03E6 */
    {.bitmap_index = 11438, .adv_w = 128, .box_w = 8, .box_h = 10, .ofs_x = 0, .ofs_y = 0}, /* U+03E7 */
    {.bitmap_index = 11478, .adv_w = 176, .box_w = 11, .box_h = 12, .ofs_x = 0, .ofs_y = 0}, /* U+03E8 */
    {.bitmap_index = 11544, .adv_w = 176, .box_w = 11, .box_h = 12, .ofs_x = 0, .ofs_y = 0}, /* U+03E9 */
    {.bitmap_index = 11610, .adv_w = 160, .box_w = 10, .box_h = 12, .ofs_x = 0, .ofs_y = 0}, /* U+03EA */
    {.bitmap_index = 11670, .adv_w = 160, .box_w = 10, .box_h = 9, .ofs_x = 0, .ofs_y = 0}, /* U+03EB */
    {.bitmap_index = 11715, .adv_w = 192, .box_w = 12, .box_h = 12, .ofs_x = 0, .ofs_y = 0}, /* U+03EC */
    {.bitmap_index = 11787, .adv_w = 144, .box_w = 9, .box_h = 9, .ofs_x = 0, .ofs_y = 0}, /* U+03ED */
    {.bitmap_index = 11828, .adv_w = 112, .box_w = 8, .box_h = 12, .ofs_x = 0, .ofs_y = 0}, /* U+03EE */
    {.bitmap_index = 11876, .adv_w = 112, .box_w = 7, .box_h = 12, .ofs_x = 0, .ofs_y = 0}, /* U+03EF */
    {.bitmap_index = 11918, .adv_w = 160, .box_w = 10, .box_h = 9, .ofs_x = 0, .ofs_y = 0}, /* U+03F0 */
    {.bitmap_index = 11963, .adv_w = 144, .box_w = 9, .box_h = 12, .ofs_x = 0, .ofs_y = -3}, /* U+03F1 */
    {.bitmap_index = 12017, .adv_w = 128, .box_w = 8, .box_h = 9, .ofs_x = 0, .ofs_y = 0}, /* U+03F2 */
    {.bitmap_index = 12053, .adv_w = 64, .box_w = 5, .box_h = 15, .ofs_x = -1, .ofs_y = -3}, /* U+03F3 */
    {.bitmap_index = 12091, .adv_w = 192, .box_w = 12, .box_h = 12, .ofs_x = 0, .ofs_y = 0}, /* U+03F4 */
    {.bitmap_index = 12163, .adv_w = 112, .box_w = 7, .box_h = 9, .ofs_x = 0, .ofs_y = 0}, /* U+03F5 */
    {.bitmap_index = 12195, .adv_w = 112, .box_w = 7, .box_h = 9, .ofs_x = 0, .ofs_y = 0}, /* U+03F6 */
    {.bitmap_index = 12227, .adv_w = 176, .box_w = 11, .box_h = 12, .ofs_x = 0, .ofs_y = 0}, /* U+03F7 */
    {.bitmap_index = 12293, .adv_w = 144, .box_w = 9, .box_h = 15, .ofs_x = 0, .ofs_y = -3}, /* U+03F8 */
    {.bitmap_index = 12361, .adv_w = 192, .box_w = 12, .box_h = 12, .ofs_x = 0, .ofs_y = 0}, /* U+03F9 */
    {.bitmap_index = 12433, .adv_w = 208, .box_w = 13, .box_h = 12, .ofs_x = 0, .ofs_y = 0}, /* U+03FA */
    {.bitmap_index = 12511, .adv_w = 176, .box_w = 11, .box_h = 12, .ofs_x = 0, .ofs_y = -3}, /* U+03FB */
    {.bitmap_index = 12577, .adv_w = 144, .box_w = 9, .box_h = 12, .ofs_x = 0, .ofs_y = -3}, /* U+03FC */
    {.bitmap_index = 12631, .adv_w = 192, .box_w = 12, .box_h = 12, .ofs_x = 0, .ofs_y = 0}, /* U+03FD */
    {.bitmap_index = 12703, .adv_w = 192, .box_w = 12, .box_h = 12, .ofs_x = 0, .ofs_y = 0}, /* U+03FE */
    {.bitmap_index = 12775, .adv_w = 192, .box_w = 12, .box_h = 12, .ofs_x = 0, .ofs_y = 0}, /* U+03FF */
    {.bitmap_index = 12847, .adv_w = 144, .box_w = 9, .box_h = 13, .ofs_x = 0, .ofs_y = 0}, /* U+1F00 */
    {.bitmap_index = 12906, .adv_w = 144, .box_w = 9, .box_h = 13, .ofs_x = 0, .ofs_y = 0}, /* U+1F01 */
    {.bitmap_index = 12965, .adv_w = 144, .box_w = 9, .box_h = 13, .ofs_x = 0, .ofs_y = 0}, /* U+1F02 */
    {.bitmap_index = 13024, .adv_w = 144, .box_w = 9, .box_h = 13, .ofs_x = 0, .ofs_y = 0}, /* U+1F03 */
    {.bitmap_index = 13083, .adv_w = 144, .box_w = 9, .box_h = 13, .ofs_x = 0, .ofs_y = 0}, /* U+1F04 */
    {.bitmap_index = 13142, .adv_w = 144, .box_w = 9, .box_h = 13, .ofs_x = 0, .ofs_y = 0}, /* U+1F05 */
    {.bitmap_index = 13201, .adv_w = 144, .box_w = 9, .box_h = 15, .ofs_x = 0, .ofs_y = 0}, /* U+1F06 */
    {.bitmap_index = 13269, .adv_w = 144, .box_w = 9, .box_h = 15, .ofs_x = 0, .ofs_y = 0}, /* U+1F07 */
    {.bitmap_index = 13337, .adv_w = 176, .box_w = 12, .box_h = 12, .ofs_x = -1, .ofs_y = 0}, /* U+1F08 */
    {.bitmap_index = 13409, .adv_w = 176, .box_w = 12, .box_h = 12, .ofs_x = -1, .ofs_y = 0}, /* U+1F09 */
    {.bitmap_index = 13481, .adv_w = 208, .box_w = 14, .box_h = 12, .ofs_x = 0, .ofs_y = 0}, /* U+1F0A */
    {.bitmap_index = 13565, .adv_w = 208, .box_w = 14, .box_h = 12, .ofs_x = 0, .ofs_y = 0}, /* U+1F0B */
    {.bitmap_index = 13649, .adv_w = 208, .box_w = 14, .box_h = 12, .ofs_x = 0, .ofs_y = 0}, /* U+1F0C */
    {.bitmap_index = 13733, .adv_w = 208, .box_w = 14, .box_h = 12, .ofs_x = 0, .ofs_y = 0}, /* U+1F0D */
    {.bitmap_index = 13817, .adv_w = 208, .box_w = 14, .box_h = 14, .ofs_x = 0, .ofs_y = 0}, /* U+1F0E */
    {.bitmap_index = 13915, .adv_w = 208, .box_w = 14, .box_h = 14, .ofs_x = 0, .ofs_y = 0}, /* U+1F0F */
    {.bitmap_index = 14013, .adv_w = 112, .box_w = 7, .box_h = 13, .ofs_x = 0, .ofs_y = 0}, /* U+1F10 */
    {.bitmap_index = 14059, .adv_w = 112, .box_w = 7, .box_h = 13, .ofs_x = 0, .ofs_y = 0}, /* U+1F11 */
    {.bitmap_index = 14105, .adv_w = 112, .box_w = 7, .box_h = 13, .ofs_x = 0, .ofs_y = 0}, /* U+1F12 */
    {.bitmap_index = 14151, .adv_w = 112, .box_w = 7, .box_h = 13, .ofs_x = 0, .ofs_y = 0}, /* U+1F13 */
    {.bitmap_index = 14197, .adv_w = 112, .box_w = 7, .box_h = 13, .ofs_x = 0, .ofs_y = 0}, /* U+1F14 */
    {.bitmap_index = 14243, .adv_w = 112, .box_w = 7, .box_h = 13, .ofs_x = 0, .ofs_y = 0}, /* U+1F15 */
    {.bitmap_index = 14289, .adv_w = 192, .box_w = 12, .box_h = 11, .ofs_x = 0, .ofs_y = 0}, /* U+1F16 */
    {.bitmap_index = 14355, .adv_w = 192, .box_w = 12, .box_h = 11, .ofs_x = 0, .ofs_y = 0}, /* U+1F17 */
    {.bitmap_index = 14421, .adv_w = 192, .box_w = 12, .box_h = 12, .ofs_x = 0, .ofs_y = 0}, /* U+1F18 */
    {.bitmap_index = 14493, .adv_w = 192, .box_w = 12, .box_h = 12, .ofs_x = 0, .ofs_y = 0}, /* U+1F19 */
    {.bitmap_index = 14565, .adv_w = 240, .box_w = 15, .box_h = 12, .ofs_x = 0, .ofs_y = 0}, /* U+1F1A */
    {.bitmap_index = 14655, .adv_w = 240, .box_w = 15, .box_h = 12, .ofs_x = 0, .ofs_y = 0}, /* U+1F1B */
    {.bitmap_index = 14745, .adv_w = 240, .box_w = 15, .box_h = 12, .ofs_x = 0, .ofs_y = 0}, /* U+1F1C */
    {.bitmap_index = 14835, .adv_w = 240, .box_w = 15, .box_h = 12, .ofs_x = 0, .ofs_y = 0}, /* U+1F1D */
    {.bitmap_index = 14925, .adv_w = 192, .box_w = 12, .box_h = 11, .ofs_x = 0, .ofs_y = 0}, /* U+1F1E */
    {.bitmap_index = 14991, .adv_w = 192, .box_w = 12, .box_h = 11, .ofs_x = 0, .ofs_y = 0}, /* U+1F1F */
    {.bitmap_index = 15057, .adv_w = 144, .box_w = 9, .box_h = 16, .ofs_x = 0, .ofs_y = -3}, /* U+1F20 */
    {.bitmap_index = 15129, .adv_w = 144, .box_w = 9, .box_h = 16, .ofs_x = 0, .ofs_y = -3}, /* U+1F21 */
    {.bitmap_index = 15201, .adv_w = 144, .box_w = 9, .box_h = 16, .ofs_x = 0, .ofs_y = -3}, /* U+1F22 */
    {.bitmap_index = 15273, .adv_w = 144, .box_w = 9, .box_h = 16, .ofs_x = 0, .ofs_y = -3}, /* U+1F23 */
    {.bitmap_index = 15345, .adv_w = 144, .box_w = 9, .box_h = 16, .ofs_x = 0, .ofs_y = -3}, /* U+1F24 */
    {.bitmap_index = 15417, .adv_w = 144, .box_w = 9, .box_h = 16, .ofs_x = 0, .ofs_y = -3}, /* U+1F25 */
    {.bitmap_index = 15489, .adv_w = 144, .box_w = 9, .box_h = 18, .ofs_x = 0, .ofs_y = -3}, /* U+1F26 */
    {.bitmap_index = 15570, .adv_w = 144, .box_w = 9, .box_h = 18, .ofs_x = 0, .ofs_y = -3}, /* U+1F27 */
    {.bitmap_index = 15651, .adv_w = 208, .box_w = 13, .box_h = 12, .ofs_x = 0, .ofs_y = 0}, /* U+1F28 */
    {.bitmap_index = 15729, .adv_w = 208, .box_w = 13, .box_h = 12, .ofs_x = 0, .ofs_y = 0}, /* U+1F29 */
    {.bitmap_index = 15807, .adv_w = 256, .box_w = 16, .box_h = 12, .ofs_x = 0, .ofs_y = 0}, /* U+1F2A */
    {.bitmap_index = 15903, .adv_w = 256, .box_w = 16, .box_h = 12, .ofs_x = 0, .ofs_y = 0}, /* U+1F2B */
    {.bitmap_index = 15999, .adv_w = 256, .box_w = 16, .box_h = 12, .ofs_x = 0, .ofs_y = 0}, /* U+1F2C */
    {.bitmap_index = 16095, .adv_w = 256, .box_w = 16, .box_h = 12, .ofs_x = 0, .ofs_y = 0}, /* U+1F2D */
    {.bitmap_index = 16191, .adv_w = 256, .box_w = 17, .box_h = 14, .ofs_x = -1, .ofs_y = 0}, /* U+1F2E */
    {.bitmap_index = 16310, .adv_w = 256, .box_w = 17, .box_h = 14, .ofs_x = -1, .ofs_y = 0}, /* U+1F2F */
    {.bitmap_index = 16429, .adv_w = 64, .box_w = 4, .box_h = 13, .ofs_x = 0, .ofs_y = 0}, /* U+1F30 */
    {.bitmap_index = 16455, .adv_w = 64, .box_w = 4, .box_h = 13, .ofs_x = 0, .ofs_y = 0}, /* U+1F31 */
    {.bitmap_index = 16481, .adv_w = 64, .box_w = 6, .box_h = 13, .ofs_x = -1, .ofs_y = 0}, /* U+1F32 */
    {.bitmap_index = 16520, .adv_w = 64, .box_w = 6, .box_h = 13, .ofs_x = -1, .ofs_y = 0}, /* U+1F33 */
    {.bitmap_index = 16559, .adv_w = 64, .box_w = 6, .box_h = 13, .ofs_x = -1, .ofs_y = 0}, /* U+1F34 */
    {.bitmap_index = 16598, .adv_w = 64, .box_w = 6, .box_h = 13, .ofs_x = -1, .ofs_y = 0}, /* U+1F35 */
    {.bitmap_index = 16637, .adv_w = 64, .box_w = 6, .box_h = 15, .ofs_x = -1, .ofs_y = 0}, /* U+1F36 */
    {.bitmap_index = 16682, .adv_w = 64, .box_w = 6, .box_h = 15, .ofs_x = -1, .ofs_y = 0}, /* U+1F37 */
    {.bitmap_index = 16727, .adv_w = 96, .box_w = 6, .box_h = 12, .ofs_x = 0, .ofs_y = 0}, /* U+1F38 */
    {.bitmap_index = 16763, .adv_w = 96, .box_w = 6, .box_h = 12, .ofs_x = 0, .ofs_y = 0}, /* U+1F39 */
    {.bitmap_index = 16799, .adv_w = 144, .box_w = 9, .box_h = 12, .ofs_x = 0, .ofs_y = 0}, /* U+1F3A */
    {.bitmap_index = 16853, .adv_w = 144, .box_w = 9, .box_h = 12, .ofs_x = 0, .ofs_y = 0}, /* U+1F3B */
    {.bitmap_index = 16907, .adv_w = 144, .box_w = 9, .box_h = 12, .ofs_x = 0, .ofs_y = 0}, /* U+1F3C */
    {.bitmap_index = 16961, .adv_w = 144, .box_w = 9, .box_h = 12, .ofs_x = 0, .ofs_y = 0}, /* U+1F3D */
    {.bitmap_index = 17015, .adv_w = 144, .box_w = 10, .box_h = 14, .ofs_x = -1, .ofs_y = 0}, /* U+1F3E */
    {.bitmap_index = 17085, .adv_w = 144, .box_w = 10, .box_h = 14, .ofs_x = -1, .ofs_y = 0}, /* U+1F3F */
    {.bitmap_index = 17155, .adv_w = 144, .box_w = 9, .box_h = 13, .ofs_x = 0, .ofs_y = 0}, /* U+1F40 */
    {.bitmap_index = 17214, .adv_w = 144, .box_w = 9, .box_h = 13, .ofs_x = 0, .ofs_y = 0}, /* U+1F41 */
    {.bitmap_index = 17273, .adv_w = 144, .box_w = 9, .box_h = 13, .ofs_x = 0, .ofs_y = 0}, /* U+1F42 */
    {.bitmap_index = 17332, .adv_w = 144, .box_w = 9, .box_h = 13, .ofs_x = 0, .ofs_y = 0}, /* U+1F43 */
    {.bitmap_index = 17391, .adv_w = 144, .box_w = 9, .box_h = 13, .ofs_x = 0, .ofs_y = 0}, /* U+1F44 */
    {.bitmap_index = 17450, .adv_w = 144, .box_w = 9, .box_h = 13, .ofs_x = 0, .ofs_y = 0}, /* U+1F45 */
    {.bitmap_index = 17509, .adv_w = 192, .box_w = 12, .box_h = 11, .ofs_x = 0, .ofs_y = 0}, /* U+1F46 */
    {.bitmap_index = 17575, .adv_w = 192, .box_w = 12, .box_h = 11, .ofs_x = 0, .ofs_y = 0}, /* U+1F47 */
    {.bitmap_index = 17641, .adv_w = 208, .box_w = 13, .box_h = 12, .ofs_x = 0, .ofs_y = 0}, /* U+1F48 */
    {.bitmap_index = 17719, .adv_w = 208, .box_w = 13, .box_h = 12, .ofs_x = 0, .ofs_y = 0}, /* U+1F49 */
    {.bitmap_index = 17797, .adv_w = 256, .box_w = 16, .box_h = 12, .ofs_x = 0, .ofs_y = 0}, /* U+1F4A */
    {.bitmap_index = 17893, .adv_w = 256, .box_w = 16, .box_h = 12, .ofs_x = 0, .ofs_y = 0}, /* U+1F4B */
    {.bitmap_index = 17989, .adv_w = 256, .box_w = 16, .box_h = 12, .ofs_x = 0, .ofs_y = 0}, /* U+1F4C */
    {.bitmap_index = 18085, .adv_w = 256, .box_w = 16, .box_h = 12, .ofs_x = 0, .ofs_y = 0}, /* U+1F4D */
    {.bitmap_index = 18181, .adv_w = 192, .box_w = 12, .box_h = 11, .ofs_x = 0, .ofs_y = 0}, /* U+1F4E */
    {.bitmap_index = 18247, .adv_w = 192, .box_w = 12, .box_h = 11, .ofs_x = 0, .ofs_y = 0}, /* U+1F4F */
    {.bitmap_index = 18313, .adv_w = 144, .box_w = 9, .box_h = 13, .ofs_x = 0, .ofs_y = 0}, /* U+1F50 */
    {.bitmap_index = 18372, .adv_w = 144, .box_w = 9, .box_h = 13, .ofs_x = 0, .ofs_y = 0}, /* U+1F51 */
    {.bitmap_index = 18431, .adv_w = 144, .box_w = 9, .box_h = 13, .ofs_x = 0, .ofs_y = 0}, /* U+1F52 */
    {.bitmap_index = 18490, .adv_w = 144, .box_w = 9, .box_h = 13, .ofs_x = 0, .ofs_y = 0}, /* U+1F53 */
    {.bitmap_index = 18549, .adv_w = 144, .box_w = 9, .box_h = 13, .ofs_x = 0, .ofs_y = 0}, /* U+1F54 */
    {.bitmap_index = 18608, .adv_w = 144, .box_w = 9, .box_h = 13, .ofs_x = 0, .ofs_y = 0}, /* U+1F55 */
    {.bitmap_index = 18667, .adv_w = 144, .box_w = 9, .box_h = 15, .ofs_x = 0, .ofs_y = 0}, /* U+1F56 */
    {.bitmap_index = 18735, .adv_w = 144, .box_w = 9, .box_h = 15, .ofs_x = 0, .ofs_y = 0}, /* U+1F57 */
    {.bitmap_index = 18803, .adv_w = 192, .box_w = 12, .box_h = 11, .ofs_x = 0, .ofs_y = 0}, /* U+1F58 */
    {.bitmap_index = 18869, .adv_w = 208, .box_w = 13, .box_h = 12, .ofs_x = 0, .ofs_y = 0}, /* U+1F59 */
    {.bitmap_index = 18947, .adv_w = 192, .box_w = 12, .box_h = 11, .ofs_x = 0, .ofs_y = 0}, /* U+1F5A */
    {.bitmap_index = 19013, .adv_w = 240, .box_w = 16, .box_h = 12, .ofs_x = 0, .ofs_y = 0}, /* U+1F5B */
    {.bitmap_index = 19109, .adv_w = 192, .box_w = 12, .box_h = 11, .ofs_x = 0, .ofs_y = 0}, /* U+1F5C */
    {.bitmap_index = 19175, .adv_w = 256, .box_w = 17, .box_h = 12, .ofs_x = 0, .ofs_y = 0}, /* U+1F5D */
    {.bitmap_index = 19277, .adv_w = 192, .box_w = 12, .box_h = 11, .ofs_x = 0, .ofs_y = 0}, /* U+1F5E */
    {.bitmap_index = 19343, .adv_w = 240, .box_w = 16, .box_h = 14, .ofs_x = 0, .ofs_y = 0}, /* U+1F5F */
    {.bitmap_index = 19455, .adv_w = 208, .box_w = 13, .box_h = 13, .ofs_x = 0, .ofs_y = 0}, /* U+1F60 */
    {.bitmap_index = 19540, .adv_w = 208, .box_w = 13, .box_h = 13, .ofs_x = 0, .ofs_y = 0}, /* U+1F61 */
    {.bitmap_index = 19625, .adv_w = 208, .box_w = 13, .box_h = 13, .ofs_x = 0, .ofs_y = 0}, /* U+1F62 */
    {.bitmap_index = 19710, .adv_w = 208, .box_w = 13, .box_h = 13, .ofs_x = 0, .ofs_y = 0}, /* U+1F63 */
    {.bitmap_index = 19795, .adv_w = 208, .box_w = 13, .box_h = 13, .ofs_x = 0, .ofs_y = 0}, /* U+1F64 */
    {.bitmap_index = 19880, .adv_w = 208, .box_w = 13, .box_h = 13, .ofs_x = 0, .ofs_y = 0}, /* U+1F65 */
    {.bitmap_index = 19965, .adv_w = 208, .box_w = 13, .box_h = 15, .ofs_x = 0, .ofs_y = 0}, /* U+1F66 */
    {.bitmap_index = 20063, .adv_w = 208, .box_w = 13, .box_h = 15, .ofs_x = 0, .ofs_y = 0}, /* U+1F67 */
    {.bitmap_index = 20161, .adv_w = 208, .box_w = 13, .box_h = 12, .ofs_x = 0, .ofs_y = 0}, /* U+1F68 */
    {.bitmap_index = 20239, .adv_w = 208, .box_w = 13, .box_h = 12, .ofs_x = 0, .ofs_y = 0}, /* U+1F69 */
    {.bitmap_index = 20317, .adv_w = 256, .box_w = 16, .box_h = 12, .ofs_x = 0, .ofs_y = 0}, /* U+1F6A */
    {.bitmap_index = 20413, .adv_w = 256, .box_w = 16, .box_h = 12, .ofs_x = 0, .ofs_y = 0}, /* U+1F6B */
    {.bitmap_index = 20509, .adv_w = 240, .box_w = 15, .box_h = 12, .ofs_x = 0, .ofs_y = 0}, /* U+1F6C */
    {.bitmap_index = 20599, .adv_w = 240, .box_w = 15, .box_h = 12, .ofs_x = 0, .ofs_y = 0}, /* U+1F6D */
    {.bitmap_index = 20689, .adv_w = 240, .box_w = 16, .box_h = 14, .ofs_x = -1, .ofs_y = 0}, /* U+1F6E */
    {.bitmap_index = 20801, .adv_w = 240, .box_w = 16, .box_h = 14, .ofs_x = -1, .ofs_y = 0}, /* U+1F6F */
    {.bitmap_index = 20913, .adv_w = 144, .box_w = 9, .box_h = 12, .ofs_x = 0, .ofs_y = 0}, /* U+1F70 */
    {.bitmap_index = 20967, .adv_w = 144, .box_w = 9, .box_h = 12, .ofs_x = 0, .ofs_y = 0}, /* U+1F71 */
    {.bitmap_index = 21021, .adv_w = 112, .box_w = 7, .box_h = 12, .ofs_x = 0, .ofs_y = 0}, /* U+1F72 */
    {.bitmap_index = 21063, .adv_w = 112, .box_w = 7, .box_h = 12, .ofs_x = 0, .ofs_y = 0}, /* U+1F73 */
    {.bitmap_index = 21105, .adv_w = 144, .box_w = 9, .box_h = 15, .ofs_x = 0, .ofs_y = -3}, /* U+1F74 */
    {.bitmap_index = 21173, .adv_w = 144, .box_w = 9, .box_h = 15, .ofs_x = 0, .ofs_y = -3}, /* U+1F75 */
    {.bitmap_index = 21241, .adv_w = 64, .box_w = 5, .box_h = 12, .ofs_x = -1, .ofs_y = 0}, /* U+1F76 */
    {.bitmap_index = 21271, .adv_w = 64, .box_w = 4, .box_h = 12, .ofs_x = 0, .ofs_y = 0}, /* U+1F77 */
    {.bitmap_index = 21295, .adv_w = 144, .box_w = 9, .box_h = 12, .ofs_x = 0, .ofs_y = 0}, /* U+1F78 */
    {.bitmap_index = 21349, .adv_w = 144, .box_w = 9, .box_h = 12, .ofs_x = 0, .ofs_y = 0}, /* U+1F79 */
    {.bitmap_index = 21403, .adv_w = 144, .box_w = 9, .box_h = 12, .ofs_x = 0, .ofs_y = 0}, /* U+1F7A */
    {.bitmap_index = 21457, .adv_w = 144, .box_w = 9, .box_h = 12, .ofs_x = 0, .ofs_y = 0}, /* U+1F7B */
    {.bitmap_index = 21511, .adv_w = 208, .box_w = 13, .box_h = 12, .ofs_x = 0, .ofs_y = 0}, /* U+1F7C */
    {.bitmap_index = 21589, .adv_w = 208, .box_w = 13, .box_h = 12, .ofs_x = 0, .ofs_y = 0}, /* U+1F7D */
    {.bitmap_index = 21667, .adv_w = 192, .box_w = 12, .box_h = 11, .ofs_x = 0, .ofs_y = 0}, /* U+1F7E */
    {.bitmap_index = 21733, .adv_w = 192, .box_w = 12, .box_h = 11, .ofs_x = 0, .ofs_y = 0}, /* U+1F7F */
    {.bitmap_index = 21799, .adv_w = 144, .box_w = 9, .box_h = 16, .ofs_x = 0, .ofs_y = -3}, /* U+1F80 */
    {.bitmap_index = 21871, .adv_w = 144, .box_w = 9, .box_h = 16, .ofs_x = 0, .ofs_y = -3}, /* U+1F81 */
    {.bitmap_index = 21943, .adv_w = 144, .box_w = 9, .box_h = 16, .ofs_x = 0, .ofs_y = -3}, /* U+1F82 */
    {.bitmap_index = 22015, .adv_w = 144, .box_w = 9, .box_h = 16, .ofs_x = 0, .ofs_y = -3}, /* U+1F83 */
    {.bitmap_index = 22087, .adv_w = 144, .box_w = 9, .box_h = 16, .ofs_x = 0, .ofs_y = -3}, /* U+1F84 */
    {.bitmap_index = 22159, .adv_w = 144, .box_w = 9, .box_h = 16, .ofs_x = 0, .ofs_y = -3}, /* U+1F85 */
    {.bitmap_index = 22231, .adv_w = 144, .box_w = 9, .box_h = 18, .ofs_x = 0, .ofs_y = -3}, /* U+1F86 */
    {.bitmap_index = 22312, .adv_w = 144, .box_w = 9, .box_h = 18, .ofs_x = 0, .ofs_y = -3}, /* U+1F87 */
    {.bitmap_index = 22393, .adv_w = 176, .box_w = 12, .box_h = 15, .ofs_x = -1, .ofs_y = -3}, /* U+1F88 */
    {.bitmap_index = 22483, .adv_w = 176, .box_w = 12, .box_h = 15, .ofs_x = -1, .ofs_y = -3}, /* U+1F89 */
    {.bitmap_index = 22573, .adv_w = 208, .box_w = 14, .box_h = 15, .ofs_x = 0, .ofs_y = -3}, /* U+1F8A */
    {.bitmap_index = 22678, .adv_w = 208, .box_w = 14, .box_h = 15, .ofs_x = 0, .ofs_y = -3}, /* U+1F8B */
    {.bitmap_index = 22783, .adv_w = 208, .box_w = 14, .box_h = 15, .ofs_x = 0, .ofs_y = -3}, /* U+1F8C */
    {.bitmap_index = 22888, .adv_w = 208, .box_w = 14, .box_h = 15, .ofs_x = 0, .ofs_y = -3}, /* U+1F8D */
    {.bitmap_index = 22993, .adv_w = 208, .box_w = 14, .box_h = 17, .ofs_x = 0, .ofs_y = -3}, /* U+1F8E */
    {.bitmap_index = 23112, .adv_w = 208, .box_w = 14, .box_h = 17, .ofs_x = 0, .ofs_y = -3}, /* U+1F8F */
    {.bitmap_index = 23231, .adv_w = 144, .box_w = 9, .box_h = 16, .ofs_x = 0, .ofs_y = -3}, /* U+1F90 */
    {.bitmap_index = 23303, .adv_w = 144, .box_w = 9, .box_h = 16, .ofs_x = 0, .ofs_y = -3}, /* U+1F91 */
    {.bitmap_index = 23375, .adv_w = 144, .box_w = 9, .box_h = 16, .ofs_x = 0, .ofs_y = -3}, /* U+1F92 */
    {.bitmap_index = 23447, .adv_w = 144, .box_w = 9, .box_h = 16, .ofs_x = 0, .ofs_y = -3}, /* U+1F93 */
    {.bitmap_index = 23519, .adv_w = 144, .box_w = 9, .box_h = 16, .ofs_x = 0, .ofs_y = -3}, /* U+1F94 */
    {.bitmap_index = 23591, .adv_w = 144, .box_w = 9, .box_h = 16, .ofs_x = 0, .ofs_y = -3}, /* U+1F95 */
    {.bitmap_index = 23663, .adv_w = 144, .box_w = 9, .box_h = 18, .ofs_x = 0, .ofs_y = -3}, /* U+1F96 */
    {.bitmap_index = 23744, .adv_w = 144, .box_w = 9, .box_h = 18, .ofs_x = 0, .ofs_y = -3}, /* U+1F97 */
    {.bitmap_index = 23825, .adv_w = 208, .box_w = 13, .box_h = 15, .ofs_x = 0, .ofs_y = -3}, /* U+1F98 */
    {.bitmap_index = 23923, .adv_w = 208, .box_w = 13, .box_h = 15, .ofs_x = 0, .ofs_y = -3}, /* U+1F99 */
    {.bitmap_index = 24021, .adv_w = 256, .box_w = 16, .box_h = 15, .ofs_x = 0, .ofs_y = -3}, /* U+1F9A */
    {.bitmap_index = 24141, .adv_w = 256, .box_w = 16, .box_h = 15, .ofs_x = 0, .ofs_y = -3}, /* U+1F9B */
    {.bitmap_index = 24261, .adv_w = 256, .box_w = 16, .box_h = 15, .ofs_x = 0, .ofs_y = -3}, /* U+1F9C */
    {.bitmap_index = 24381, .adv_w = 256, .box_w = 16, .box_h = 15, .ofs_x = 0, .ofs_y = -3}, /* U+1F9D */
    {.bitmap_index = 24501, .adv_w = 256, .box_w = 17, .box_h = 17, .ofs_x = -1, .ofs_y = -3}, /* U+1F9E */
    {.bitmap_index = 24646, .adv_w = 256, .box_w = 17, .box_h = 17, .ofs_x = -1, .ofs_y = -3}, /* U+1F9F */
    {.bitmap_index = 24791, .adv_w = 208, .box_w = 13, .box_h = 16, .ofs_x = 0, .ofs_y = -3}, /* U+1FA0 */
    {.bitmap_index = 24895, .adv_w = 208, .box_w = 13, .box_h = 16, .ofs_x = 0, .ofs_y = -3}, /* U+1FA1 */
    {.bitmap_index = 24999, .adv_w = 208, .box_w = 13, .box_h = 16, .ofs_x = 0, .ofs_y = -3}, /* U+1FA2 */
    {.bitmap_index = 25103, .adv_w = 208, .box_w = 13, .box_h = 16, .ofs_x = 0, .ofs_y = -3}, /* U+1FA3 */
    {.bitmap_index = 25207, .adv_w = 208, .box_w = 13, .box_h = 16, .ofs_x = 0, .ofs_y = -3}, /* U+1FA4 */
    {.bitmap_index = 25311, .adv_w = 208, .box_w = 13, .box_h = 16, .ofs_x = 0, .ofs_y = -3}, /* U+1FA5 */
    {.bitmap_index = 25415, .adv_w = 208, .box_w = 13, .box_h = 18, .ofs_x = 0, .ofs_y = -3}, /* U+1FA6 */
    {.bitmap_index = 25532, .adv_w = 208, .box_w = 13, .box_h = 18, .ofs_x = 0, .ofs_y = -3}, /* U+1FA7 */
    {.bitmap_index = 25649, .adv_w = 208, .box_w = 13, .box_h = 15, .ofs_x = 0, .ofs_y = -3}, /* U+1FA8 */
    {.bitmap_index = 25747, .adv_w = 208, .box_w = 13, .box_h = 15, .ofs_x = 0, .ofs_y = -3}, /* U+1FA9 */
    {.bitmap_index = 25845, .adv_w = 256, .box_w = 16, .box_h = 15, .ofs_x = 0, .ofs_y = -3}, /* U+1FAA */
    {.bitmap_index = 25965, .adv_w = 256, .box_w = 16, .box_h = 15, .ofs_x = 0, .ofs_y = -3}, /* U+1FAB */
    {.bitmap_index = 26085, .adv_w = 240, .box_w = 15, .box_h = 15, .ofs_x = 0, .ofs_y = -3}, /* U+1FAC */
    {.bitmap_index = 26198, .adv_w = 240, .box_w = 15, .box_h = 15, .ofs_x = 0, .ofs_y = -3}, /* U+1FAD */
    {.bitmap_index = 26311, .adv_w = 240, .box_w = 16, .box_h = 17, .ofs_x = -1, .ofs_y = -3}, /* U+1FAE */
    {.bitmap_index = 26447, .adv_w = 240, .box_w = 16, .box_h = 17, .ofs_x = -1, .ofs_y = -3}, /* U+1FAF */
    {.bitmap_index = 26583, .adv_w = 144, .box_w = 9, .box_h = 12, .ofs_x = 0, .ofs_y = 0}, /* U+1FB0 */
    {.bitmap_index = 26637, .adv_w = 144, .box_w = 9, .box_h = 11, .ofs_x = 0, .ofs_y = 0}, /* U+1FB1 */
    {.bitmap_index = 26687, .adv_w = 144, .box_w = 9, .box_h = 15, .ofs_x = 0, .ofs_y = -3}, /* U+1FB2 */
    {.bitmap_index = 26755, .adv_w = 144, .box_w = 9, .box_h = 12, .ofs_x = 0, .ofs_y = -3}, /* U+1FB3 */
    {.bitmap_index = 26809, .adv_w = 144, .box_w = 9, .box_h = 15, .ofs_x = 0, .ofs_y = -3}, /* U+1FB4 */
    {.bitmap_index = 26877, .adv_w = 192, .box_w = 12, .box_h = 11, .ofs_x = 0, .ofs_y = 0}, /* U+1FB5 */
    {.bitmap_index = 26943, .adv_w = 144, .box_w = 9, .box_h = 12, .ofs_x = 0, .ofs_y = 0}, /* U+1FB6 */
    {.bitmap_index = 26997, .adv_w = 144, .box_w = 9, .box_h = 15, .ofs_x = 0, .ofs_y = -3}, /* U+1FB7 */
    {.bitmap_index = 27065, .adv_w = 176, .box_w = 12, .box_h = 15, .ofs_x = -1, .ofs_y = 0}, /* U+1FB8 */
    {.bitmap_index = 27155, .adv_w = 176, .box_w = 12, .box_h = 14, .ofs_x = -1, .ofs_y = 0}, /* U+1FB9 */
    {.bitmap_index = 27239, .adv_w = 176, .box_w = 12, .box_h = 12, .ofs_x = -1, .ofs_y = 0}, /* U+1FBA */
    {.bitmap_index = 27311, .adv_w = 176, .box_w = 12, .box_h = 12, .ofs_x = -1, .ofs_y = 0}, /* U+1FBB */
    {.bitmap_index = 27383, .adv_w = 176, .box_w = 12, .box_h = 15, .ofs_x = -1, .ofs_y = -3}, /* U+1FBC */
    {.bitmap_index = 27473, .adv_w = 80, .box_w = 5, .box_h = 12, .ofs_x = 0, .ofs_y = 0}, /* U+1FBD */
    {.bitmap_index = 27503, .adv_w = 80, .box_w = 5, .box_h = 3, .ofs_x = 0, .ofs_y = -3}, /* U+1FBE */
    {.bitmap_index = 27511, .adv_w = 80, .box_w = 5, .box_h = 12, .ofs_x = 0, .ofs_y = 0}, /* U+1FBF */
    {.bitmap_index = 27541, .adv_w = 80, .box_w = 6, .box_h = 12, .ofs_x = 0, .ofs_y = 0}, /* U+1FC0 */
    {.bitmap_index = 27577, .adv_w = 80, .box_w = 6, .box_h = 15, .ofs_x = 0, .ofs_y = 0}, /* U+1FC1 */
    {.bitmap_index = 27622, .adv_w = 144, .box_w = 9, .box_h = 15, .ofs_x = 0, .ofs_y = -3}, /* U+1FC2 */
    {.bitmap_index = 27690, .adv_w = 144, .box_w = 9, .box_h = 12, .ofs_x = 0, .ofs_y = -3}, /* U+1FC3 */
    {.bitmap_index = 27744, .adv_w = 144, .box_w = 9, .box_h = 15, .ofs_x = 0, .ofs_y = -3}, /* U+1FC4 */
    {.bitmap_index = 27812, .adv_w = 192, .box_w = 12, .box_h = 11, .ofs_x = 0, .ofs_y = 0}, /* U+1FC5 */
    {.bitmap_index = 27878, .adv_w = 144, .box_w = 9, .box_h = 15, .ofs_x = 0, .ofs_y = -3}, /* U+1FC6 */
    {.bitmap_index = 27946, .adv_w = 144, .box_w = 9, .box_h = 15, .ofs_x = 0, .ofs_y = -3}, /* U+1FC7 */
    {.bitmap_index = 28014, .adv_w = 208, .box_w = 13, .box_h = 12, .ofs_x = 0, .ofs_y = 0}, /* U+1FC8 */
    {.bitmap_index = 28092, .adv_w = 208, .box_w = 13, .box_h = 12, .ofs_x = 0, .ofs_y = 0}, /* U+1FC9 */
    {.bitmap_index = 28170, .adv_w = 224, .box_w = 14, .box_h = 12, .ofs_x = 0, .ofs_y = 0}, /* U+1FCA */
    {.bitmap_index = 28254, .adv_w = 224, .box_w = 14, .box_h = 12, .ofs_x = 0, .ofs_y = 0}, /* U+1FCB */
    {.bitmap_index = 28338, .adv_w = 192, .box_w = 12, .box_h = 15, .ofs_x = 0, .ofs_y = -3}, /* U+1FCC */
    {.bitmap_index = 28428, .adv_w = 80, .box_w = 6, .box_h = 12, .ofs_x = 0, .ofs_y = 0}, /* U+1FCD */
    {.bitmap_index = 28464, .adv_w = 80, .box_w = 6, .box_h = 12, .ofs_x = 0, .ofs_y = 0}, /* U+1FCE */
    {.bitmap_index = 28500, .adv_w = 80, .box_w = 6, .box_h = 14, .ofs_x = 0, .ofs_y = 0}, /* U+1FCF */
    {.bitmap_index = 28542, .adv_w = 64, .box_w = 6, .box_h = 12, .ofs_x = -1, .ofs_y = 0}, /* U+1FD0 */
    {.bitmap_index = 28578, .adv_w = 64, .box_w = 6, .box_h = 11, .ofs_x = -1, .ofs_y = 0}, /* U+1FD1 */
    {.bitmap_index = 28611, .adv_w = 64, .box_w = 5, .box_h = 14, .ofs_x = -1, .ofs_y = 0}, /* U+1FD2 */
    {.bitmap_index = 28646, .adv_w = 64, .box_w = 5, .box_h = 14, .ofs_x = -1, .ofs_y = 0}, /* U+1FD3 */
    {.bitmap_index = 28681, .adv_w = 192, .box_w = 12, .box_h = 11, .ofs_x = 0, .ofs_y = 0}, /* U+1FD4 */
    {.bitmap_index = 28747, .adv_w = 192, .box_w = 12, .box_h = 11, .ofs_x = 0, .ofs_y = 0}, /* U+1FD5 */
    {.bitmap_index = 28813, .adv_w = 64, .box_w = 6, .box_h = 12, .ofs_x = -1, .ofs_y = 0}, /* U+1FD6 */
    {.bitmap_index = 28849, .adv_w = 64, .box_w = 6, .box_h = 14, .ofs_x = -1, .ofs_y = 0}, /* U+1FD7 */
    {.bitmap_index = 28891, .adv_w = 64, .box_w = 5, .box_h = 15, .ofs_x = 0, .ofs_y = 0}, /* U+1FD8 */
    {.bitmap_index = 28929, .adv_w = 64, .box_w = 6, .box_h = 14, .ofs_x = -1, .ofs_y = 0}, /* U+1FD9 */
    {.bitmap_index = 28971, .adv_w = 112, .box_w = 7, .box_h = 12, .ofs_x = 0, .ofs_y = 0}, /* U+1FDA */
    {.bitmap_index = 29013, .adv_w = 112, .box_w = 7, .box_h = 12, .ofs_x = 0, .ofs_y = 0}, /* U+1FDB */
    {.bitmap_index = 29055, .adv_w = 192, .box_w = 12, .box_h = 11, .ofs_x = 0, .ofs_y = 0}, /* U+1FDC */
    {.bitmap_index = 29121, .adv_w = 80, .box_w = 6, .box_h = 12, .ofs_x = 0, .ofs_y = 0}, /* U+1FDD */
    {.bitmap_index = 29157, .adv_w = 80, .box_w = 6, .box_h = 12, .ofs_x = 0, .ofs_y = 0}, /* U+1FDE */
    {.bitmap_index = 29193, .adv_w = 80, .box_w = 6, .box_h = 14, .ofs_x = 0, .ofs_y = 0}, /* U+1FDF */
    {.bitmap_index = 29235, .adv_w = 144, .box_w = 9, .box_h = 12, .ofs_x = 0, .ofs_y = 0}, /* U+1FE0 */
    {.bitmap_index = 29289, .adv_w = 144, .box_w = 9, .box_h = 11, .ofs_x = 0, .ofs_y = 0}, /* U+1FE1 */
    {.bitmap_index = 29339, .adv_w = 144, .box_w = 9, .box_h = 14, .ofs_x = 0, .ofs_y = 0}, /* U+1FE2 */
    {.bitmap_index = 29402, .adv_w = 144, .box_w = 9, .box_h = 14, .ofs_x = 0, .ofs_y = 0}, /* U+1FE3 */
    {.bitmap_index = 29465, .adv_w = 144, .box_w = 9, .box_h = 16, .ofs_x = 0, .ofs_y = -3}, /* U+1FE4 */
    {.bitmap_index = 29537, .adv_w = 144, .box_w = 9, .box_h = 16, .ofs_x = 0, .ofs_y = -3}, /* U+1FE5 */
    {.bitmap_index = 29609, .adv_w = 144, .box_w = 9, .box_h = 12, .ofs_x = 0, .ofs_y = 0}, /* U+1FE6 */
    {.bitmap_index = 29663, .adv_w = 144, .box_w = 9, .box_h = 14, .ofs_x = 0, .ofs_y = 0}, /* U+1FE7 */
    {.bitmap_index = 29726, .adv_w = 176, .box_w = 11, .box_h = 15, .ofs_x = 0, .ofs_y = 0}, /* U+1FE8 */
    {.bitmap_index = 29809, .adv_w = 176, .box_w = 11, .box_h = 14, .ofs_x = 0, .ofs_y = 0}, /* U+1FE9 */
    {.bitmap_index = 29886, .adv_w = 224, .box_w = 14, .box_h = 12, .ofs_x = 0, .ofs_y = 0}, /* U+1FEA */
    {.bitmap_index = 29970, .adv_w = 224, .box_w = 15, .box_h = 12, .ofs_x = 0, .ofs_y = 0}, /* U+1FEB */
    {.bitmap_index = 30060, .adv_w = 192, .box_w = 12, .box_h = 12, .ofs_x = 0, .ofs_y = 0}, /* U+1FEC */
    {.bitmap_index = 30132, .adv_w = 80, .box_w = 7, .box_h = 12, .ofs_x = -1, .ofs_y = 0}, /* U+1FED */
    {.bitmap_index = 30174, .adv_w = 80, .box_w = 7, .box_h = 12, .ofs_x = -1, .ofs_y = 0}, /* U+1FEE */
    {.bitmap_index = 30216, .adv_w = 80, .box_w = 5, .box_h = 12, .ofs_x = 0, .ofs_y = 0}, /* U+1FEF */
    {.bitmap_index = 30246, .adv_w = 192, .box_w = 12, .box_h = 11, .ofs_x = 0, .ofs_y = 0}, /* U+1FF0 */
    {.bitmap_index = 30312, .adv_w = 192, .box_w = 12, .box_h = 11, .ofs_x = 0, .ofs_y = 0}, /* U+1FF1 */
    {.bitmap_index = 30378, .adv_w = 208, .box_w = 13, .box_h = 15, .ofs_x = 0, .ofs_y = -3}, /* U+1FF2 */
    {.bitmap_index = 30476, .adv_w = 208, .box_w = 13, .box_h = 12, .ofs_x = 0, .ofs_y = -3}, /* U+1FF3 */
    {.bitmap_index = 30554, .adv_w = 208, .box_w = 13, .box_h = 15, .ofs_x = 0, .ofs_y = -3}, /* U+1FF4 */
    {.bitmap_index = 30652, .adv_w = 192, .box_w = 12, .box_h = 11, .ofs_x = 0, .ofs_y = 0}, /* U+1FF5 */
    {.bitmap_index = 30718, .adv_w = 208, .box_w = 13, .box_h = 12, .ofs_x = 0, .ofs_y = 0}, /* U+1FF6 */
    {.bitmap_index = 30796, .adv_w = 208, .box_w = 13, .box_h = 15, .ofs_x = 0, .ofs_y = -3}, /* U+1FF7 */
    {.bitmap_index = 30894, .adv_w = 240, .box_w = 15, .box_h = 12, .ofs_x = 0, .ofs_y = 0}, /* U+1FF8 */
    {.bitmap_index = 30984, .adv_w = 208, .box_w = 13, .box_h = 12, .ofs_x = 0, .ofs_y = 0}, /* U+1FF9 */
    {.bitmap_index = 31062, .adv_w = 224, .box_w = 14, .box_h = 12, .ofs_x = 0, .ofs_y = 0}, /* U+1FFA */
    {.bitmap_index = 31146, .adv_w = 208, .box_w = 13, .box_h = 12, .ofs_x = 0, .ofs_y = 0}, /* U+1FFB */
    {.bitmap_index = 31224, .adv_w = 192, .box_w = 12, .box_h = 15, .ofs_x = 0, .ofs_y = -3}, /* U+1FFC */
    {.bitmap_index = 31314, .adv_w = 80, .box_w = 5, .box_h = 12, .ofs_x = 0, .ofs_y = 0}, /* U+1FFD */
    {.bitmap_index = 31344, .adv_w = 80, .box_w = 5, .box_h = 12, .ofs_x = 0, .ofs_y = 0}, /* U+1FFE */
    {.bitmap_index = 31374, .adv_w = 192, .box_w = 12, .box_h = 11, .ofs_x = 0, .ofs_y = 0}, /* U+1FFF */
};

static const uint16_t mcui_greek_unicode_list[] = {
    0x0, 0x1, 0x2, 0x3, 0x4, 0x5, 0x6, 0x7, 0x8, 0x9, 0xa, 0xb,
    0xc, 0xd, 0xe, 0xf, 0x10, 0x11, 0x12, 0x13, 0x14, 0x15, 0x16, 0x17,
    0x18, 0x19, 0x1a, 0x1b, 0x1c, 0x1d, 0x1e, 0x1f, 0x20, 0x21, 0x22, 0x23,
    0x24, 0x25, 0x26, 0x27, 0x28, 0x29, 0x2a, 0x2b, 0x2c, 0x2d, 0x2e, 0x2f,
    0x30, 0x31, 0x32, 0x33, 0x34, 0x35, 0x36, 0x37, 0x38, 0x39, 0x3a, 0x3b,
    0x3c, 0x3d, 0x3e, 0x3f, 0x40, 0x41, 0x42, 0x43, 0x44, 0x45, 0x46, 0x47,
    0x48, 0x49, 0x4a, 0x4b, 0x4c, 0x4d, 0x4e, 0x4f, 0x50, 0x51, 0x52, 0x53,
    0x54, 0x55, 0x56, 0x57, 0x58, 0x59, 0x5a, 0x5b, 0x5c, 0x5d, 0x5e, 0x5f,
    0x60, 0x61, 0x62, 0x63, 0x64, 0x65, 0x66, 0x67, 0x68, 0x69, 0x6a, 0x6b,
    0x6c, 0x6d, 0x6e, 0x6f, 0x70, 0x71, 0x72, 0x73, 0x74, 0x75, 0x76, 0x77,
    0x78, 0x79, 0x7a, 0x7b, 0x7c, 0x7d, 0x7e, 0x7f, 0x80, 0x81, 0x82, 0x83,
    0x84, 0x85, 0x86, 0x87, 0x88, 0x89, 0x8a, 0x8b, 0x8c, 0x8d, 0x8e, 0x8f,
};

static const uint16_t mcui_greek_ext_unicode_list[] = {
    0x0, 0x1, 0x2, 0x3, 0x4, 0x5, 0x6, 0x7, 0x8, 0x9, 0xa, 0xb,
    0xc, 0xd, 0xe, 0xf, 0x10, 0x11, 0x12, 0x13, 0x14, 0x15, 0x16, 0x17,
    0x18, 0x19, 0x1a, 0x1b, 0x1c, 0x1d, 0x1e, 0x1f, 0x20, 0x21, 0x22, 0x23,
    0x24, 0x25, 0x26, 0x27, 0x28, 0x29, 0x2a, 0x2b, 0x2c, 0x2d, 0x2e, 0x2f,
    0x30, 0x31, 0x32, 0x33, 0x34, 0x35, 0x36, 0x37, 0x38, 0x39, 0x3a, 0x3b,
    0x3c, 0x3d, 0x3e, 0x3f, 0x40, 0x41, 0x42, 0x43, 0x44, 0x45, 0x46, 0x47,
    0x48, 0x49, 0x4a, 0x4b, 0x4c, 0x4d, 0x4e, 0x4f, 0x50, 0x51, 0x52, 0x53,
    0x54, 0x55, 0x56, 0x57, 0x58, 0x59, 0x5a, 0x5b, 0x5c, 0x5d, 0x5e, 0x5f,
    0x60, 0x61, 0x62, 0x63, 0x64, 0x65, 0x66, 0x67, 0x68, 0x69, 0x6a, 0x6b,
    0x6c, 0x6d, 0x6e, 0x6f, 0x70, 0x71, 0x72, 0x73, 0x74, 0x75, 0x76, 0x77,
    0x78, 0x79, 0x7a, 0x7b, 0x7c, 0x7d, 0x7e, 0x7f, 0x80, 0x81, 0x82, 0x83,
    0x84, 0x85, 0x86, 0x87, 0x88, 0x89, 0x8a, 0x8b, 0x8c, 0x8d, 0x8e, 0x8f,
    0x90, 0x91, 0x92, 0x93, 0x94, 0x95, 0x96, 0x97, 0x98, 0x99, 0x9a, 0x9b,
    0x9c, 0x9d, 0x9e, 0x9f, 0xa0, 0xa1, 0xa2, 0xa3, 0xa4, 0xa5, 0xa6, 0xa7,
    0xa8, 0xa9, 0xaa, 0xab, 0xac, 0xad, 0xae, 0xaf, 0xb0, 0xb1, 0xb2, 0xb3,
    0xb4, 0xb5, 0xb6, 0xb7, 0xb8, 0xb9, 0xba, 0xbb, 0xbc, 0xbd, 0xbe, 0xbf,
    0xc0, 0xc1, 0xc2, 0xc3, 0xc4, 0xc5, 0xc6, 0xc7, 0xc8, 0xc9, 0xca, 0xcb,
    0xcc, 0xcd, 0xce, 0xcf, 0xd0, 0xd1, 0xd2, 0xd3, 0xd4, 0xd5, 0xd6, 0xd7,
    0xd8, 0xd9, 0xda, 0xdb, 0xdc, 0xdd, 0xde, 0xdf, 0xe0, 0xe1, 0xe2, 0xe3,
    0xe4, 0xe5, 0xe6, 0xe7, 0xe8, 0xe9, 0xea, 0xeb, 0xec, 0xed, 0xee, 0xef,
    0xf0, 0xf1, 0xf2, 0xf3, 0xf4, 0xf5, 0xf6, 0xf7, 0xf8, 0xf9, 0xfa, 0xfb,
    0xfc, 0xfd, 0xfe, 0xff,
};

static const lv_font_fmt_txt_cmap_t mcui_greek_cmaps[] = {
    {.range_start = 32, .range_length = 95, .glyph_id_start = 1, .unicode_list = NULL, .glyph_id_ofs_list = NULL, .list_length = 0, .type = LV_FONT_FMT_TXT_CMAP_FORMAT0_TINY},
    {.range_start = 880, .range_length = 144, .glyph_id_start = 96, .unicode_list = mcui_greek_unicode_list, .glyph_id_ofs_list = NULL, .list_length = 144, .type = LV_FONT_FMT_TXT_CMAP_SPARSE_TINY},
    {.range_start = 7936, .range_length = 256, .glyph_id_start = 240, .unicode_list = mcui_greek_ext_unicode_list, .glyph_id_ofs_list = NULL, .list_length = 256, .type = LV_FONT_FMT_TXT_CMAP_SPARSE_TINY},
};

static const lv_font_fmt_txt_dsc_t mcui_greek_font_dsc = {
    .glyph_bitmap = mcui_greek_glyph_bitmap,
    .glyph_dsc = mcui_greek_glyph_dsc,
    .cmaps = mcui_greek_cmaps,
    .kern_dsc = NULL,
    .kern_scale = 0,
    .cmap_num = 3,
    .bpp = 4,
    .kern_classes = 0,
    .bitmap_format = 0,
};

const lv_font_t mcui_font_greek_16 = {
    .get_glyph_dsc = lv_font_get_glyph_dsc_fmt_txt,
    .get_glyph_bitmap = lv_font_get_bitmap_fmt_txt,
    .release_glyph = NULL,
    .line_height = 18,
    .base_line = 3,
    .subpx = LV_FONT_SUBPX_NONE,
    .kerning = LV_FONT_KERNING_NONE,
    .static_bitmap = 0,
    .underline_position = -1,
    .underline_thickness = 1,
    .dsc = &mcui_greek_font_dsc,
    .fallback = NULL,
    .user_data = NULL,
};
